# ViewGeometry: 
# image_t, image_t，后三列数据暂不用理会
1 3329 -12480 435236000000 435236012480
1 4145 -15540 435236000000 435236015540
1 5209 -19530 435236000000 435236019530
1 5321 -19950 435236000000 435236019950
1 6419 -24060 435236000000 435236024060
1 6444 -24150 435236000000 435236024150
1 6460 -24210 435236000000 435236024210
1 6524 -24450 435236000000 435236024450
2 6420 -24060 435236000000 435236024060
2 6497 -24360 435236000000 435236024360
2 6505 -24390 435236000000 435236024390
2 6513 -24420 435236000000 435236024420
2 6521 -24450 435236000000 435236024450
3 6417 -24060 435236000000 435236024060
3 6425 -24090 435236000000 435236024090
3 6430 -24105 435236000000 435236024105
3 6450 -24180 435236000000 435236024180
3 6458 -24210 435236000000 435236024210
4 6418 -24060 435236000000 435236024060
4 6451 -24180 435236000000 435236024180
4 6491 -24330 435236000000 435236024330
4 6499 -24360 435236000000 435236024360
4 6507 -24390 435236000000 435236024390
4 6515 -24420 435236000000 435236024420
4 6523 -24450 435236000000 435236024450
5 6423 -24060 435236000015 435236024075
5 6448 -24150 435236000015 435236024165
5 6464 -24210 435236000015 435236024225
5 6488 -24300 435236000015 435236024315
5 6496 -24330 435236000015 435236024345
5 6504 -24360 435236000015 435236024375
5 6508 -24375 435236000015 435236024390
5 6512 -24390 435236000015 435236024405
5 6520 -24420 435236000015 435236024435
6 6403 -23985 435236000015 435236024000
6 6411 -24015 435236000015 435236024030
6 6416 -24030 435236000015 435236024045
6 6424 -24060 435236000015 435236024075
6 6428 -24075 435236000015 435236024090
6 6501 -24360 435236000015 435236024375
6 6509 -24390 435236000015 435236024405
6 6517 -24420 435236000015 435236024435
6 6521 -24435 435236000015 435236024450
7 6335 -23730 435236000015 435236023745
7 6413 -24030 435236000015 435236024045
7 6425 -24075 435236000015 435236024090
7 6470 -24240 435236000015 435236024255
8 6414 -24030 435236000015 435236024045
8 6422 -24060 435236000015 435236024075
8 6479 -24270 435236000015 435236024285
8 6495 -24330 435236000015 435236024345
9 6407 -23985 435236000030 435236024015
9 6411 -24000 435236000030 435236024030
9 6415 -24015 435236000030 435236024045
9 6419 -24030 435236000030 435236024060
10 6420 -24030 435236000030 435236024060
10 6497 -24330 435236000030 435236024360
10 6505 -24360 435236000030 435236024390
10 6513 -24390 435236000030 435236024420
10 6521 -24420 435236000030 435236024450
11 3754 -14040 435236000030 435236014070
11 6417 -24030 435236000030 435236024060
11 6425 -24060 435236000030 435236024090
11 6430 -24075 435236000030 435236024105
12 6414 -24015 435236000030 435236024045
12 6418 -24030 435236000030 435236024060
12 6426 -24060 435236000030 435236024090
12 6451 -24150 435236000030 435236024180
12 6507 -24360 435236000030 435236024390
13 6407 -23970 435236000045 435236024015
13 6415 -24000 435236000045 435236024045
13 6423 -24030 435236000045 435236024075
13 6452 -24135 435236000045 435236024180
13 6524 -24405 435236000045 435236024450
14 6411 -23985 435236000045 435236024030
14 6416 -24000 435236000045 435236024045
14 6424 -24030 435236000045 435236024075
14 6485 -24270 435236000045 435236024315
14 6493 -24300 435236000045 435236024345
14 6501 -24330 435236000045 435236024375
14 6509 -24360 435236000045 435236024405
15 6405 -23970 435236000045 435236024015
15 6412 -23985 435236000045 435236024030
16 6414 -24000 435236000045 435236024045
16 6422 -24030 435236000045 435236024075
16 6430 -24060 435236000045 435236024105
16 6482 -24255 435236000045 435236024300
16 6514 -24375 435236000045 435236024420
17 6399 -23925 435236000060 435236023985
17 6407 -23955 435236000060 435236024015
17 6411 -23970 435236000060 435236024030
17 6415 -23985 435236000060 435236024045
17 6419 -24000 435236000060 435236024060
18 6400 -23925 435236000060 435236023985
18 6408 -23955 435236000060 435236024015
18 6412 -23970 435236000060 435236024030
18 6420 -24000 435236000060 435236024060
19 6413 -23985 435236000060 435236024045
19 6417 -24000 435236000060 435236024060
19 6430 -24045 435236000060 435236024105
20 6406 -23955 435236000060 435236024015
20 6414 -23985 435236000060 435236024045
21 6399 -23910 435236000075 435236023985
21 6402 -23925 435236000075 435236024000
21 6407 -23940 435236000075 435236024015
21 6410 -23955 435236000075 435236024030
21 6411 -23955 435236000075 435236024030
21 6415 -23970 435236000075 435236024045
22 6378 -23835 435236000075 435236023910
22 6395 -23895 435236000075 435236023970
22 6403 -23925 435236000075 435236024000
22 6407 -23940 435236000075 435236024015
22 6408 -23940 435236000075 435236024015
22 6411 -23955 435236000075 435236024030
22 6416 -23970 435236000075 435236024045
22 6419 -23985 435236000075 435236024060
22 6424 -24000 435236000075 435236024075
23 5429 -20280 435236000075 435236020355
23 6404 -23925 435236000075 435236024000
23 6412 -23955 435236000075 435236024030
24 6414 -23970 435236000075 435236024045
24 6417 -23985 435236000075 435236024060
24 6430 -24030 435236000075 435236024105
25 73 -180 435236000090 435236000270
25 6391 -23865 435236000090 435236023955
25 6399 -23895 435236000090 435236023985
25 6407 -23925 435236000090 435236024015
25 6465 -24150 435236000090 435236024240
25 6473 -24180 435236000090 435236024270
25 6489 -24240 435236000090 435236024330
26 6400 -23895 435236000090 435236023985
26 6408 -23925 435236000090 435236024015
26 6412 -23940 435236000090 435236024030
27 778 -2820 435236000090 435236002910
27 1624 -5985 435236000090 435236006075
27 1782 -6585 435236000090 435236006675
27 4470 -16665 435236000090 435236016755
27 6335 -23655 435236000090 435236023745
27 6401 -23910 435236000090 435236024000
27 6405 -23925 435236000090 435236024015
27 6413 -23955 435236000090 435236024045
27 6430 -24015 435236000090 435236024105
28 6365 -23775 435236000090 435236023865
28 6373 -23805 435236000090 435236023895
28 6398 -23895 435236000090 435236023985
28 6406 -23925 435236000090 435236024015
28 6410 -23940 435236000090 435236024030
28 6414 -23955 435236000090 435236024045
29 6382 -23820 435236000105 435236023925
29 6391 -23850 435236000105 435236023955
29 6394 -23865 435236000105 435236023970
29 6398 -23880 435236000105 435236023985
29 6399 -23880 435236000105 435236023985
29 6402 -23895 435236000105 435236024000
30 6370 -23775 435236000105 435236023880
30 6395 -23865 435236000105 435236023970
30 6403 -23895 435236000105 435236024000
30 6408 -23910 435236000105 435236024015
30 6416 -23940 435236000105 435236024045
31 159 -480 435236000105 435236000585
31 5428 -20235 435236000105 435236020340
31 5429 -20250 435236000105 435236020355
31 6397 -23880 435236000105 435236023985
32 2235 -8265 435236000105 435236008370
32 5333 -19890 435236000105 435236019995
32 6393 -23865 435236000105 435236023970
32 6430 -24000 435236000105 435236024105
33 153 -450 435236000120 435236000570
33 6374 -23775 435236000120 435236023895
33 6391 -23835 435236000120 435236023955
33 6395 -23850 435236000120 435236023970
33 6399 -23865 435236000120 435236023985
33 6403 -23880 435236000120 435236024000
33 6411 -23910 435236000120 435236024030
34 6375 -23775 435236000120 435236023895
34 6379 -23790 435236000120 435236023910
34 6400 -23865 435236000120 435236023985
35 6319 -23565 435236000120 435236023685
35 6343 -23655 435236000120 435236023775
35 6351 -23685 435236000120 435236023805
35 6368 -23745 435236000120 435236023865
35 6376 -23775 435236000120 435236023895
35 6380 -23790 435236000120 435236023910
35 6389 -23835 435236000120 435236023955
35 6397 -23865 435236000120 435236023985
35 6430 -23985 435236000120 435236024105
36 1260 -4590 435236000120 435236004710
36 1268 -4620 435236000120 435236004740
36 1702 -6255 435236000120 435236006375
36 6373 -23775 435236000120 435236023895
36 6377 -23790 435236000120 435236023910
36 6381 -23805 435236000120 435236023925
36 6390 -23835 435236000120 435236023955
36 6393 -23850 435236000120 435236023970
36 6398 -23865 435236000120 435236023985
36 6406 -23895 435236000120 435236024015
37 6369 -23745 435236000135 435236023880
37 6374 -23760 435236000135 435236023895
37 6377 -23775 435236000135 435236023910
37 6382 -23790 435236000135 435236023925
37 6386 -23805 435236000135 435236023940
37 6394 -23835 435236000135 435236023970
37 6402 -23865 435236000135 435236024000
38 6370 -23745 435236000135 435236023880
38 6378 -23775 435236000135 435236023910
38 6383 -23790 435236000135 435236023925
38 6387 -23805 435236000135 435236023940
38 6395 -23835 435236000135 435236023970
38 6400 -23850 435236000135 435236023985
38 6403 -23865 435236000135 435236024000
38 6408 -23880 435236000135 435236024015
39 295 -960 435236000135 435236001095
39 5899 -21975 435236000135 435236022110
39 6363 -23715 435236000135 435236023850
39 6371 -23745 435236000135 435236023880
39 6379 -23775 435236000135 435236023910
39 6384 -23790 435236000135 435236023925
39 6388 -23805 435236000135 435236023940
40 6372 -23745 435236000135 435236023880
40 6380 -23775 435236000135 435236023910
40 6381 -23790 435236000135 435236023925
40 6393 -23835 435236000135 435236023970
40 6401 -23865 435236000135 435236024000
41 217 -660 435236000150 435236000810
41 6358 -23685 435236000150 435236023835
41 6366 -23715 435236000150 435236023865
41 6374 -23745 435236000150 435236023895
41 6378 -23760 435236000150 435236023910
41 6383 -23775 435236000150 435236023925
41 6386 -23790 435236000150 435236023940
41 6391 -23805 435236000150 435236023955
42 6375 -23745 435236000150 435236023895
42 6379 -23760 435236000150 435236023910
42 6396 -23820 435236000150 435236023970
43 1528 -5565 435236000150 435236005715
43 4840 -17985 435236000150 435236018135
43 6351 -23655 435236000150 435236023805
43 6363 -23700 435236000150 435236023850
43 6368 -23715 435236000150 435236023865
43 6372 -23730 435236000150 435236023880
43 6376 -23745 435236000150 435236023895
43 6380 -23760 435236000150 435236023910
43 6384 -23775 435236000150 435236023925
43 6388 -23790 435236000150 435236023940
43 6389 -23805 435236000150 435236023955
43 6430 -23955 435236000150 435236024105
44 124 -300 435236000150 435236000450
44 4854 -18045 435236000150 435236018195
44 6365 -23715 435236000150 435236023865
44 6373 -23745 435236000150 435236023895
44 6377 -23760 435236000150 435236023910
44 6390 -23805 435236000150 435236023955
44 6398 -23835 435236000150 435236023985
45 106 -225 435236000165 435236000390
45 6369 -23715 435236000165 435236023880
45 6374 -23730 435236000165 435236023895
45 6377 -23745 435236000165 435236023910
45 6382 -23760 435236000165 435236023925
45 6391 -23790 435236000165 435236023955
45 6394 -23805 435236000165 435236023970
46 6370 -23715 435236000165 435236023880
46 6378 -23745 435236000165 435236023910
46 6383 -23760 435236000165 435236023925
46 6400 -23820 435236000165 435236023985
46 6408 -23850 435236000165 435236024015
47 111 -240 435236000165 435236000405
47 175 -480 435236000165 435236000645
47 183 -510 435236000165 435236000675
47 196 -555 435236000165 435236000720
47 1205 -4350 435236000165 435236004515
47 1221 -4410 435236000165 435236004575
48 4486 -16650 435236000165 435236016815
48 4497 -16695 435236000165 435236016860
48 6359 -23670 435236000165 435236023835
48 6372 -23715 435236000165 435236023880
48 6380 -23745 435236000165 435236023910
48 6393 -23805 435236000165 435236023970
49 153 -390 435236000180 435236000570
49 425 -1410 435236000180 435236001590
49 6366 -23685 435236000180 435236023865
49 6370 -23700 435236000180 435236023880
49 6378 -23730 435236000180 435236023910
49 6391 -23775 435236000180 435236023955
50 114 -240 435236000180 435236000420
50 178 -480 435236000180 435236000660
50 213 -615 435236000180 435236000795
50 333 -1065 435236000180 435236001245
50 4372 -16200 435236000180 435236016380
50 4508 -16710 435236000180 435236016890
50 5300 -19680 435236000180 435236019860
51 1294 -4665 435236000180 435236004845
51 6376 -23715 435236000180 435236023895
52 444 -1470 435236000180 435236001650
52 2626 -9660 435236000180 435236009840
52 5202 -19320 435236000180 435236019500
52 6373 -23715 435236000180 435236023895
53 229 -660 435236000195 435236000855
53 4637 -17190 435236000195 435236017385
53 6374 -23700 435236000195 435236023895
54 4479 -16590 435236000195 435236016785
54 5800 -21540 435236000195 435236021735
54 5804 -21555 435236000195 435236021750
54 6362 -23655 435236000195 435236023850
54 6375 -23700 435236000195 435236023895
55 98 -165 435236000195 435236000360
55 119 -240 435236000195 435236000435
55 127 -270 435236000195 435236000465
55 132 -285 435236000195 435236000480
55 175 -450 435236000195 435236000645
55 183 -480 435236000195 435236000675
55 247 -720 435236000195 435236000915
55 255 -750 435236000195 435236000945
55 381 -1230 435236000195 435236001425
56 6376 -23700 435236000195 435236023895
56 6380 -23715 435236000195 435236023910
56 6393 -23775 435236000195 435236023970
57 209 -570 435236000210 435236000780
57 217 -600 435236000210 435236000810
57 6358 -23625 435236000210 435236023835
57 6362 -23640 435236000210 435236023850
57 6370 -23670 435236000210 435236023880
58 122 -240 435236000210 435236000450
58 130 -270 435236000210 435236000480
58 186 -480 435236000210 435236000690
58 191 -495 435236000210 435236000705
58 194 -510 435236000210 435236000720
58 306 -930 435236000210 435236001140
58 314 -960 435236000210 435236001170
59 187 -480 435236000210 435236000690
59 196 -510 435236000210 435236000720
60 308 -930 435236000210 435236001140
60 436 -1410 435236000210 435236001620
60 444 -1440 435236000210 435236001650
60 4092 -15120 435236000210 435236015330
60 4821 -17865 435236000210 435236018075
60 4848 -17955 435236000210 435236018165
61 125 -240 435236000225 435236000465
61 5354 -19845 435236000225 435236020070
61 5389 -19980 435236000225 435236020205
61 6342 -23550 435236000225 435236023775
61 6350 -23580 435236000225 435236023805
61 6358 -23610 435236000225 435236023835
61 6362 -23625 435236000225 435236023850
61 6366 -23640 435236000225 435236023865
62 122 -225 435236000225 435236000450
62 126 -240 435236000225 435236000465
62 190 -480 435236000225 435236000705
62 306 -915 435236000225 435236001140
62 318 -960 435236000225 435236001185
63 127 -240 435236000225 435236000465
63 130 -255 435236000225 435236000480
63 381 -1200 435236000225 435236001425
64 131 -255 435236000225 435236000480
64 187 -465 435236000225 435236000690
64 192 -480 435236000225 435236000705
64 195 -495 435236000225 435236000720
64 200 -510 435236000225 435236000735
64 862 -3000 435236000225 435236003225
64 870 -3030 435236000225 435236003255
64 1264 -4500 435236000225 435236004725
64 6339 -23535 435236000225 435236023760
65 129 -240 435236000240 435236000480
65 257 -720 435236000240 435236000960
65 310 -915 435236000240 435236001155
65 313 -930 435236000240 435236001170
65 321 -960 435236000240 435236001200
66 130 -240 435236000240 435236000480
66 138 -270 435236000240 435236000510
66 146 -300 435236000240 435236000540
66 154 -330 435236000240 435236000570
67 128 -225 435236000240 435236000465
67 131 -240 435236000240 435236000480
67 195 -480 435236000240 435236000720
67 260 -720 435236000240 435236000960
68 127 -225 435236000240 435236000465
68 196 -480 435236000240 435236000720
68 5610 -20790 435236000240 435236021030
68 6381 -23685 435236000240 435236023925
69 127 -210 435236000255 435236000465
69 133 -240 435236000255 435236000495
70 134 -240 435236000255 435236000495
70 145 -285 435236000255 435236000540
70 318 -930 435236000255 435236001185
71 207 -510 435236000255 435236000765
71 2783 -10170 435236000255 435236010425
72 140 -255 435236000255 435236000510
72 187 -435 435236000255 435236000690
72 200 -480 435236000255 435236000735
72 320 -930 435236000255 435236001185
72 5590 -20700 435236000255 435236020955
73 137 -240 435236000270 435236000510
73 145 -270 435236000270 435236000540
73 153 -300 435236000270 435236000570
73 161 -330 435236000270 435236000600
73 201 -480 435236000270 435236000750
73 273 -750 435236000270 435236001020
73 306 -870 435236000270 435236001140
73 310 -885 435236000270 435236001155
73 321 -930 435236000270 435236001200
73 329 -960 435236000270 435236001230
73 337 -990 435236000270 435236001260
74 130 -210 435236000270 435236000480
74 138 -240 435236000270 435236000510
74 146 -270 435236000270 435236000540
74 170 -360 435236000270 435236000630
74 202 -480 435236000270 435236000750
75 120 -165 435236000270 435236000435
75 211 -510 435236000270 435236000780
75 6430 -23835 435236000270 435236024105
75 6466 -23970 435236000270 435236024240
76 140 -240 435236000270 435236000510
76 204 -480 435236000270 435236000750
76 5601 -20730 435236000270 435236021000
77 141 -240 435236000285 435236000525
77 149 -270 435236000285 435236000555
77 205 -480 435236000285 435236000765
77 306 -855 435236000285 435236001140
77 5541 -20490 435236000285 435236020775
78 134 -210 435236000285 435236000495
78 137 -225 435236000285 435236000510
78 142 -240 435236000285 435236000525
78 145 -255 435236000285 435236000540
78 150 -270 435236000285 435236000555
78 161 -315 435236000285 435236000600
78 214 -510 435236000285 435236000795
78 294 -810 435236000285 435236001095
78 302 -840 435236000285 435236001125
78 326 -930 435236000285 435236001215
80 328 -930 435236000285 435236001215
81 137 -210 435236000300 435236000510
81 145 -240 435236000300 435236000540
81 153 -270 435236000300 435236000570
81 161 -300 435236000300 435236000600
81 177 -360 435236000300 435236000660
81 185 -390 435236000300 435236000690
81 209 -480 435236000300 435236000780
81 217 -510 435236000300 435236000810
81 329 -930 435236000300 435236001230
81 337 -960 435236000300 435236001260
82 130 -180 435236000300 435236000480
82 149 -255 435236000300 435236000555
82 218 -510 435236000300 435236000810
83 195 -420 435236000300 435236000720
83 211 -480 435236000300 435236000780
83 3754 -13770 435236000300 435236014070
83 4041 -14850 435236000300 435236015150
84 332 -930 435236000300 435236001230
85 141 -210 435236000315 435236000525
85 149 -240 435236000315 435236000555
85 333 -930 435236000315 435236001245
86 142 -210 435236000315 435236000525
86 145 -225 435236000315 435236000540
86 150 -240 435236000315 435236000555
86 161 -285 435236000315 435236000600
86 174 -330 435236000315 435236000645
86 214 -480 435236000315 435236000795
86 222 -510 435236000315 435236000825
87 159 -270 435236000315 435236000585
87 3223 -11760 435236000315 435236012075
87 5477 -20220 435236000315 435236020535
88 211 -465 435236000315 435236000780
88 235 -555 435236000315 435236000870
89 153 -240 435236000330 435236000570
89 161 -270 435236000330 435236000600
89 177 -330 435236000330 435236000660
90 138 -180 435236000330 435236000510
90 146 -210 435236000330 435236000540
90 218 -480 435236000330 435236000810
91 211 -450 435236000330 435236000780
91 323 -870 435236000330 435236001200
91 331 -900 435236000330 435236001230
91 339 -930 435236000330 435236001260
91 1710 -6075 435236000330 435236006405
92 212 -450 435236000330 435236000780
92 219 -480 435236000330 435236000810
93 157 -240 435236000345 435236000585
93 213 -450 435236000345 435236000795
94 142 -180 435236000345 435236000525
94 150 -210 435236000345 435236000555
94 158 -240 435236000345 435236000585
94 166 -270 435236000345 435236000615
94 174 -300 435236000345 435236000645
94 222 -480 435236000345 435236000825
94 230 -510 435236000345 435236000855
94 278 -690 435236000345 435236001035
95 149 -210 435236000345 435236000555
95 157 -240 435236000345 435236000585
95 159 -240 435236000345 435236000585
95 4029 -14760 435236000345 435236015105
95 5429 -20010 435236000345 435236020355
96 219 -465 435236000345 435236000810
97 153 -210 435236000360 435236000570
97 161 -240 435236000360 435236000600
97 169 -270 435236000360 435236000630
97 177 -300 435236000360 435236000660
97 185 -330 435236000360 435236000690
97 217 -450 435236000360 435236000810
97 225 -480 435236000360 435236000840
97 297 -750 435236000360 435236001110
97 345 -930 435236000360 435236001290
97 529 -1620 435236000360 435236001980
97 537 -1650 435236000360 435236002010
98 194 -360 435236000360 435236000720
99 144 -165 435236000360 435236000525
99 363 -990 435236000360 435236001350
100 236 -510 435236000360 435236000870
100 244 -540 435236000360 435236000900
101 157 -210 435236000375 435236000585
101 165 -240 435236000375 435236000615
101 229 -480 435236000375 435236000855
101 237 -510 435236000375 435236000885
102 150 -180 435236000375 435236000555
102 166 -240 435236000375 435236000615
102 174 -270 435236000375 435236000645
102 222 -450 435236000375 435236000825
102 230 -480 435236000375 435236000855
103 149 -180 435236000375 435236000555
103 159 -210 435236000375 435236000585
103 175 -270 435236000375 435236000645
103 213 -420 435236000375 435236000795
104 224 -450 435236000375 435236000825
104 232 -480 435236000375 435236000855
104 240 -510 435236000375 435236000885
104 918 -3060 435236000375 435236003435
105 153 -180 435236000390 435236000570
105 161 -210 435236000390 435236000600
105 169 -240 435236000390 435236000630
105 177 -270 435236000390 435236000660
105 241 -510 435236000390 435236000900
106 149 -165 435236000390 435236000555
106 175 -255 435236000390 435236000645
106 178 -270 435236000390 435236000660
107 360 -945 435236000390 435236001335
107 2665 -9600 435236000390 435236009990
107 4041 -14760 435236000390 435236015150
108 212 -390 435236000390 435236000780
108 228 -450 435236000390 435236000840
108 236 -480 435236000390 435236000870
108 244 -510 435236000390 435236000900
108 6430 -23715 435236000390 435236024105
109 157 -180 435236000405 435236000585
109 237 -480 435236000405 435236000885
110 153 -165 435236000405 435236000570
110 206 -360 435236000405 435236000765
110 238 -480 435236000405 435236000885
110 302 -720 435236000405 435236001125
110 358 -930 435236000405 435236001335
110 390 -1050 435236000405 435236001455
110 438 -1230 435236000405 435236001635
111 175 -240 435236000405 435236000645
111 183 -270 435236000405 435236000675
112 240 -480 435236000405 435236000885
112 248 -510 435236000405 435236000915
112 312 -750 435236000405 435236001155
112 320 -780 435236000405 435236001185
113 161 -180 435236000420 435236000600
113 169 -210 435236000420 435236000630
113 177 -240 435236000420 435236000660
113 185 -270 435236000420 435236000690
113 241 -480 435236000420 435236000900
113 353 -900 435236000420 435236001320
114 178 -240 435236000420 435236000660
114 186 -270 435236000420 435236000690
114 332 -810 435236000420 435236001230
115 363 -930 435236000420 435236001350
115 2665 -9570 435236000420 435236009990
115 4041 -14730 435236000420 435236015150
116 180 -240 435236000420 435236000660
116 220 -390 435236000420 435236000810
116 236 -450 435236000420 435236000870
116 244 -480 435236000420 435236000900
116 4006 -14595 435236000420 435236015015
117 181 -240 435236000435 435236000675
117 189 -270 435236000435 435236000705
117 215 -360 435236000435 435236000795
117 549 -1620 435236000435 435236002055
118 182 -240 435236000435 435236000675
118 1991 -7020 435236000435 435236007455
119 175 -210 435236000435 435236000645
119 197 -300 435236000435 435236000735
119 367 -930 435236000435 435236001365
119 381 -990 435236000435 435236001425
120 204 -315 435236000435 435236000750
120 208 -330 435236000435 435236000765
120 216 -360 435236000435 435236000795
120 304 -690 435236000435 435236001125
120 312 -720 435236000435 435236001155
120 1334 -4560 435236000435 435236004995
120 4041 -14715 435236000435 435236015150
120 5871 -21570 435236000435 435236022005
121 169 -180 435236000450 435236000630
121 177 -210 435236000450 435236000660
121 185 -240 435236000450 435236000690
121 201 -300 435236000450 435236000750
121 249 -480 435236000450 435236000930
122 186 -240 435236000450 435236000690
122 190 -255 435236000450 435236000705
122 205 -315 435236000450 435236000765
122 250 -480 435236000450 435236000930
122 258 -510 435236000450 435236000960
123 315 -720 435236000450 435236001170
124 172 -180 435236000450 435236000630
124 220 -360 435236000450 435236000810
124 228 -390 435236000450 435236000840
124 236 -420 435236000450 435236000870
124 244 -450 435236000450 435236000900
124 348 -840 435236000450 435236001290
124 1146 -3840 435236000450 435236004290
124 6430 -23655 435236000450 435236024105
125 173 -180 435236000465 435236000645
125 181 -210 435236000465 435236000675
125 189 -240 435236000465 435236000705
125 197 -270 435236000465 435236000735
125 316 -705 435236000465 435236001170
125 549 -1590 435236000465 435236002055
125 592 -1740 435236000465 435236002205
125 3375 -12180 435236000465 435236012645
126 190 -240 435236000465 435236000705
126 198 -270 435236000465 435236000735
126 246 -450 435236000465 435236000915
126 254 -480 435236000465 435236000945
126 257 -495 435236000465 435236000960
126 370 -915 435236000465 435236001380
126 374 -930 435236000465 435236001395
126 385 -975 435236000465 435236001440
126 1232 -4140 435236000465 435236004605
126 1240 -4170 435236000465 435236004635
127 175 -180 435236000465 435236000645
127 183 -210 435236000465 435236000675
127 191 -240 435236000465 435236000705
127 316 -705 435236000465 435236001170
127 381 -960 435236000465 435236001425
127 5354 -19605 435236000465 435236020070
128 192 -240 435236000465 435236000705
128 1166 -3900 435236000465 435236004365
128 6075 -22305 435236000465 435236022770
129 193 -240 435236000480 435236000720
129 201 -270 435236000480 435236000750
129 257 -480 435236000480 435236000960
129 321 -720 435236000480 435236001200
130 173 -165 435236000480 435236000645
130 202 -270 435236000480 435236000750
130 210 -300 435236000480 435236000780
130 250 -450 435236000480 435236000930
131 862 -2745 435236000480 435236003225
131 1146 -3810 435236000480 435236004290
131 5831 -21375 435236000480 435236021855
132 196 -240 435236000480 435236000720
132 260 -480 435236000480 435236000960
132 320 -705 435236000480 435236001185
132 380 -930 435236000480 435236001410
133 191 -210 435236000495 435236000705
133 197 -240 435236000495 435236000735
133 205 -270 435236000495 435236000765
133 261 -480 435236000495 435236000975
134 182 -180 435236000495 435236000675
135 181 -180 435236000495 435236000675
135 244 -405 435236000495 435236000900
136 312 -660 435236000495 435236001155
137 182 -165 435236000510 435236000675
139 208 -255 435236000510 435236000765
141 205 -240 435236000525 435236000765
141 389 -930 435236000525 435236001455
141 3800 -13710 435236000525 435236014235
141 4543 -16500 435236000525 435236017025
142 294 -570 435236000525 435236001095
143 207 -240 435236000525 435236000765
144 188 -165 435236000525 435236000690
145 209 -240 435236000540 435236000780
145 329 -690 435236000540 435236001230
145 337 -720 435236000540 435236001260
146 218 -270 435236000540 435236000810
147 211 -240 435236000540 435236000780
147 232 -315 435236000540 435236000855
147 6376 -23355 435236000540 435236023895
148 252 -390 435236000540 435236000930
148 332 -690 435236000540 435236001230
148 4222 -15285 435236000540 435236015825
149 205 -210 435236000555 435236000765
149 213 -240 435236000555 435236000795
149 221 -270 435236000555 435236000825
149 362 -795 435236000555 435236001350
149 2693 -9540 435236000555 435236010095
149 4607 -16710 435236000555 435236017265
149 5247 -19110 435236000555 435236019665
149 5842 -21345 435236000555 435236021900
149 6347 -23235 435236000555 435236023790
149 6355 -23265 435236000555 435236023820
150 278 -480 435236000555 435236001035
150 1779 -6105 435236000555 435236006660
151 215 -240 435236000555 435236000795
152 220 -255 435236000555 435236000810
152 328 -660 435236000555 435236001215
153 209 -210 435236000570 435236000780
153 217 -240 435236000570 435236000810
153 225 -270 435236000570 435236000840
153 329 -660 435236000570 435236001230
153 337 -690 435236000570 435236001260
154 210 -210 435236000570 435236000780
154 218 -240 435236000570 435236000810
154 338 -690 435236000570 435236001260
155 211 -210 435236000570 435236000780
156 332 -660 435236000570 435236001230
157 237 -300 435236000585 435236000885
157 1189 -3870 435236000585 435236004455
158 278 -450 435236000585 435236001035
159 207 -180 435236000585 435236000765
159 343 -690 435236000585 435236001275
160 232 -270 435236000585 435236000855
161 294 -495 435236000600 435236001095
162 218 -210 435236000600 435236000810
163 376 -795 435236000600 435236001395
164 220 -210 435236000600 435236000810
165 237 -270 435236000615 435236000885
167 325 -600 435236000615 435236001215
167 332 -615 435236000615 435236001230
167 5389 -19590 435236000615 435236020205
168 232 -240 435236000615 435236000855
169 241 -270 435236000630 435236000900
169 294 -465 435236000630 435236001095
170 218 -180 435236000630 435236000810
170 226 -210 435236000630 435236000840
171 328 -585 435236000630 435236001215
171 870 -2625 435236000630 435236003255
171 886 -2685 435236000630 435236003315
172 220 -180 435236000630 435236000810
173 237 -240 435236000645 435236000885
174 294 -450 435236000645 435236001095
175 316 -525 435236000645 435236001170
175 388 -795 435236000645 435236001440
176 232 -210 435236000645 435236000855
177 241 -240 435236000660 435236000900
177 297 -450 435236000660 435236001110
177 353 -660 435236000660 435236001320
177 361 -690 435236000660 435236001350
178 306 -480 435236000660 435236001140
178 2428 -8430 435236000660 435236009090
178 2429 -8445 435236000660 435236009105
178 5428 -19680 435236000660 435236020340
178 5429 -19695 435236000660 435236020355
179 347 -630 435236000660 435236001290
179 363 -690 435236000660 435236001350
180 1154 -3660 435236000660 435236004320
180 6430 -23445 435236000660 435236024105
180 6442 -23490 435236000660 435236024150
183 1154 -3645 435236000675 435236004320
184 886 -2640 435236000675 435236003315
185 249 -240 435236000690 435236000930
185 6409 -23340 435236000690 435236024030
186 250 -240 435236000690 435236000930
186 314 -480 435236000690 435236001170
186 389 -765 435236000690 435236001455
187 259 -270 435236000690 435236000960
187 4041 -14460 435236000690 435236015150
188 1143 -3585 435236000690 435236004275
188 1154 -3630 435236000690 435236004320
188 4416 -15855 435236000690 435236016545
188 6430 -23415 435236000690 435236024105
188 6442 -23460 435236000690 435236024150
189 5442 -19695 435236000705 435236020400
190 254 -240 435236000705 435236000945
190 257 -255 435236000705 435236000960
190 370 -675 435236000705 435236001380
190 374 -690 435236000705 435236001395
190 377 -705 435236000705 435236001410
190 382 -720 435236000705 435236001425
191 316 -465 435236000705 435236001170
191 5389 -19500 435236000705 435236020205
192 1174 -3690 435236000705 435236004395
193 249 -210 435236000720 435236000930
193 257 -240 435236000720 435236000960
193 377 -690 435236000720 435236001410
193 897 -2640 435236000720 435236003360
193 1209 -3810 435236000720 435236004530
194 314 -450 435236000720 435236001170
194 5389 -19485 435236000720 435236020205
194 5501 -19905 435236000720 435236020625
195 379 -690 435236000720 435236001410
196 252 -210 435236000720 435236000930
196 255 -225 435236000720 435236000945
196 260 -240 435236000720 435236000960
196 268 -270 435236000720 435236000990
196 269 -285 435236000720 435236001005
196 380 -690 435236000720 435236001410
196 388 -720 435236000720 435236001440
196 1154 -3600 435236000720 435236004320
196 6355 -23100 435236000720 435236023820
196 6389 -23235 435236000720 435236023955
197 260 -225 435236000735 435236000960
197 261 -240 435236000735 435236000975
198 254 -210 435236000735 435236000945
198 374 -660 435236000735 435236001395
198 377 -675 435236000735 435236001410
198 382 -690 435236000735 435236001425
198 2648 -9180 435236000735 435236009915
198 2656 -9210 435236000735 435236009945
198 2664 -9240 435236000735 435236009975
199 287 -330 435236000735 435236001065
199 343 -540 435236000735 435236001275
199 436 -885 435236000735 435236001620
200 412 -795 435236000735 435236001530
201 249 -180 435236000750 435236000930
201 257 -210 435236000750 435236000960
201 321 -450 435236000750 435236001200
201 329 -480 435236000750 435236001230
201 377 -660 435236000750 435236001410
203 275 -270 435236000750 435236001020
203 339 -510 435236000750 435236001260
203 347 -540 435236000750 435236001290
203 1145 -3540 435236000750 435236004290
203 5598 -20235 435236000750 435236020985
204 268 -240 435236000750 435236000990
204 388 -690 435236000750 435236001440
205 389 -690 435236000765 435236001455
205 4543 -16260 435236000765 435236017025
206 382 -660 435236000765 435236001425
208 360 -570 435236000765 435236001335
208 368 -600 435236000765 435236001365
209 321 -420 435236000780 435236001200
209 329 -450 435236000780 435236001230
209 345 -510 435236000780 435236001290
209 361 -570 435236000780 435236001350
209 369 -600 435236000780 435236001380
209 393 -690 435236000780 435236001470
210 274 -240 435236000780 435236001020
210 330 -450 435236000780 435236001230
212 3746 -13260 435236000780 435236014040
213 333 -450 435236000795 435236001245
213 6347 -22995 435236000795 435236023790
214 334 -450 435236000795 435236001245
215 309 -360 435236000795 435236001155
215 335 -450 435236000795 435236001245
216 870 -2460 435236000795 435236003255
217 281 -240 435236000810 435236001050
217 345 -480 435236000810 435236001290
217 3457 -12150 435236000810 435236012960
218 330 -420 435236000810 435236001230
218 346 -480 435236000810 435236001290
219 275 -210 435236000810 435236001020
219 292 -270 435236000810 435236001080
219 347 -480 435236000810 435236001290
221 341 -450 435236000825 435236001275
223 271 -180 435236000825 435236001005
223 287 -240 435236000825 435236001065
223 309 -330 435236000825 435236001155
224 360 -510 435236000825 435236001335
224 4006 -14190 435236000825 435236015015
225 321 -360 435236000840 435236001200
225 337 -420 435236000840 435236001260
225 345 -450 435236000840 435236001290
225 393 -630 435236000840 435236001470
226 290 -240 435236000840 435236001080
226 314 -330 435236000840 435236001170
226 338 -420 435236000840 435236001260
226 346 -450 435236000840 435236001290
227 283 -210 435236000840 435236001050
227 292 -240 435236000840 435236001080
228 1090 -3240 435236000840 435236004080
228 1146 -3450 435236000840 435236004290
229 285 -210 435236000855 435236001065
229 293 -240 435236000855 435236001095
229 341 -420 435236000855 435236001275
229 469 -900 435236000855 435236001755
229 1237 -3780 435236000855 435236004635
229 4861 -17370 435236000855 435236018225
230 350 -450 435236000855 435236001305
230 6158 -22230 435236000855 435236023085
231 293 -240 435236000855 435236001095
231 295 -240 435236000855 435236001095
232 360 -480 435236000855 435236001335
233 345 -420 435236000870 435236001290
233 353 -450 435236000870 435236001320
233 361 -480 435236000870 435236001350
233 422 -705 435236000870 435236001575
234 290 -210 435236000870 435236001080
234 349 -435 435236000870 435236001305
234 354 -450 435236000870 435236001320
235 355 -450 435236000870 435236001320
235 1234 -3750 435236000870 435236004620
236 292 -210 435236000870 435236001080
236 308 -270 435236000870 435236001140
236 6363 -22980 435236000870 435236023850
237 309 -270 435236000885 435236001155
237 338 -375 435236000885 435236001260
237 349 -420 435236000885 435236001305
237 541 -1140 435236000885 435236002025
238 302 -240 435236000885 435236001125
238 358 -450 435236000885 435236001335
238 366 -480 435236000885 435236001365
238 390 -570 435236000885 435236001455
238 442 -765 435236000885 435236001650
238 2440 -8250 435236000885 435236009135
239 285 -180 435236000885 435236001065
239 295 -210 435236000885 435236001095
239 396 -585 435236000885 435236001470
239 1877 -6150 435236000885 435236007035
240 288 -180 435236000885 435236001065
241 289 -180 435236000900 435236001080
241 297 -210 435236000900 435236001110
241 353 -420 435236000900 435236001320
241 361 -450 435236000900 435236001350
241 393 -570 435236000900 435236001470
241 1249 -3780 435236000900 435236004680
241 5425 -19440 435236000900 435236020340
241 6409 -23130 435236000900 435236024030
242 302 -225 435236000900 435236001125
242 325 -315 435236000900 435236001215
242 1292 -3930 435236000900 435236004830
242 2436 -8220 435236000900 435236009120
243 307 -240 435236000900 435236001140
243 5766 -20715 435236000900 435236021615
244 292 -180 435236000900 435236001080
244 340 -360 435236000900 435236001260
244 592 -1305 435236000900 435236002205
244 4010 -14130 435236000900 435236015030
244 4084 -14400 435236000900 435236015300
245 293 -180 435236000915 435236001095
245 335 -330 435236000915 435236001245
245 349 -390 435236000915 435236001305
245 6332 -22815 435236000915 435236023730
246 366 -450 435236000915 435236001365
246 538 -1095 435236000915 435236002010
246 2440 -8220 435236000915 435236009135
246 3027 -10425 435236000915 435236011340
246 5842 -20985 435236000915 435236021900
246 5847 -21000 435236000915 435236021915
247 317 -270 435236000915 435236001185
248 1342 -4110 435236000915 435236005025
248 6327 -22800 435236000915 435236023715
249 369 -450 435236000930 435236001380
249 378 -480 435236000930 435236001410
251 315 -240 435236000930 435236001170
251 1281 -3870 435236000930 435236004800
252 300 -180 435236000930 435236001110
252 308 -210 435236000930 435236001140
252 316 -240 435236000930 435236001170
252 324 -270 435236000930 435236001200
252 332 -300 435236000930 435236001230
252 356 -390 435236000930 435236001320
252 364 -420 435236000930 435236001350
252 372 -450 435236000930 435236001380
252 1234 -3690 435236000930 435236004620
252 1649 -5250 435236000930 435236006180
252 2460 -8280 435236000930 435236009210
252 3386 -11760 435236000930 435236012690
252 4554 -16140 435236000930 435236017070
252 4562 -16170 435236000930 435236017100
252 6368 -22935 435236000930 435236023865
253 317 -240 435236000945 435236001185
253 332 -285 435236000945 435236001230
254 3988 -13995 435236000945 435236014940
255 303 -180 435236000945 435236001125
255 325 -270 435236000945 435236001215
255 2757 -9390 435236000945 435236010335
256 312 -210 435236000945 435236001155
256 315 -225 435236000945 435236001170
256 320 -240 435236000945 435236001185
257 321 -240 435236000960 435236001200
258 314 -210 435236000960 435236001170
259 315 -210 435236000960 435236001170
259 379 -450 435236000960 435236001410
260 315 -210 435236000960 435236001170
260 324 -240 435236000960 435236001200
260 325 -255 435236000960 435236001215
260 332 -270 435236000960 435236001230
260 367 -405 435236000960 435236001365
260 380 -450 435236000960 435236001410
260 388 -480 435236000960 435236001440
260 4546 -16080 435236000960 435236017040
260 5442 -19440 435236000960 435236020400
261 311 -180 435236000975 435236001155
261 317 -210 435236000975 435236001185
261 324 -225 435236000975 435236001200
261 325 -240 435236000975 435236001215
261 367 -390 435236000975 435236001365
261 381 -450 435236000975 435236001425
262 542 -1050 435236000975 435236002025
262 4800 -17010 435236000975 435236017985
263 436 -645 435236000975 435236001620
263 608 -1290 435236000975 435236002265
263 1829 -5880 435236000975 435236006855
263 5404 -19275 435236000975 435236020250
263 6348 -22815 435236000975 435236023790
264 320 -210 435236000975 435236001185
264 777 -1935 435236000975 435236002910
264 785 -1965 435236000975 435236002940
264 4566 -16140 435236000975 435236017115
264 4577 -16185 435236000975 435236017160
265 321 -210 435236000990 435236001200
265 3977 -13920 435236000990 435236014910
265 4793 -16980 435236000990 435236017970
266 354 -330 435236000990 435236001320
266 3407 -11775 435236000990 435236012765
267 323 -210 435236000990 435236001200
267 347 -300 435236000990 435236001290
267 1137 -3270 435236000990 435236004260
267 4017 -14070 435236000990 435236015060
268 359 -345 435236000990 435236001335
268 789 -1965 435236000990 435236002955
268 1130 -3240 435236000990 435236004230
268 4554 -16080 435236000990 435236017070
268 4562 -16110 435236000990 435236017100
268 4752 -16815 435236000990 435236017805
268 4795 -16980 435236000990 435236017970
268 4829 -17115 435236000990 435236018105
268 5450 -19440 435236000990 435236020430
269 325 -210 435236001005 435236001215
269 341 -270 435236001005 435236001275
269 2429 -8100 435236001005 435236009105
269 2757 -9330 435236001005 435236010335
271 319 -180 435236001005 435236001185
271 335 -240 435236001005 435236001245
271 343 -270 435236001005 435236001275
271 351 -300 435236001005 435236001305
271 6466 -23235 435236001005 435236024240
272 360 -330 435236001005 435236001335
272 742 -1770 435236001005 435236002775
272 2686 -9060 435236001005 435236010065
272 4006 -14010 435236001005 435236015015
272 4550 -16050 435236001005 435236017055
273 321 -180 435236001020 435236001200
273 329 -210 435236001020 435236001230
273 401 -480 435236001020 435236001500
273 5009 -17760 435236001020 435236018780
274 322 -180 435236001020 435236001200
274 330 -210 435236001020 435236001230
274 346 -270 435236001020 435236001290
274 354 -300 435236001020 435236001320
274 611 -1260 435236001020 435236002280
274 5202 -18480 435236001020 435236019500
274 5418 -19290 435236001020 435236020310
275 323 -180 435236001020 435236001200
275 347 -270 435236001020 435236001290
275 356 -300 435236001020 435236001320
275 516 -900 435236001020 435236001920
276 332 -210 435236001020 435236001230
276 356 -300 435236001020 435236001320
276 1255 -3675 435236001020 435236004695
276 1835 -5850 435236001020 435236006870
276 2100 -6840 435236001020 435236007860
277 325 -180 435236001035 435236001215
277 1263 -3690 435236001035 435236004725
277 1285 -3780 435236001035 435236004815
278 342 -240 435236001035 435236001275
278 414 -510 435236001035 435236001545
279 3098 -10575 435236001035 435236011610
279 3285 -11280 435236001035 435236012315
280 360 -300 435236001035 435236001335
280 742 -1740 435236001035 435236002775
280 1294 -3810 435236001035 435236004845
280 3382 -11640 435236001035 435236012675
280 4542 -15990 435236001035 435236017025
280 4550 -16020 435236001035 435236017055
281 1073 -2970 435236001050 435236004020
281 4841 -17100 435236001050 435236018150
282 362 -300 435236001050 435236001350
282 3285 -11265 435236001050 435236012315
282 3467 -11940 435236001050 435236012990
282 3596 -12420 435236001050 435236013470
282 5218 -18510 435236001050 435236019560
283 331 -180 435236001050 435236001230
283 347 -240 435236001050 435236001290
283 355 -270 435236001050 435236001320
283 392 -405 435236001050 435236001455
283 3298 -11310 435236001050 435236012360
283 4014 -13995 435236001050 435236015045
283 4017 -14010 435236001050 435236015060
284 348 -240 435236001050 435236001290
284 372 -330 435236001050 435236001380
284 1235 -3570 435236001050 435236004620
286 414 -480 435236001065 435236001545
286 3904 -13560 435236001065 435236014625
286 5539 -19695 435236001065 435236020760
286 6174 -22080 435236001065 435236023145
287 436 -555 435236001065 435236001620
287 3045 -10350 435236001065 435236011415
287 3453 -11880 435236001065 435236012945
287 3967 -13800 435236001065 435236014865
287 6332 -22665 435236001065 435236023730
288 336 -180 435236001065 435236001245
288 344 -210 435236001065 435236001275
288 392 -390 435236001065 435236001455
288 408 -450 435236001065 435236001515
288 750 -1740 435236001065 435236002805
288 1624 -5010 435236001065 435236006075
288 1750 -5490 435236001065 435236006555
288 4014 -13980 435236001065 435236015045
288 4038 -14070 435236001065 435236015135
289 969 -2550 435236001080 435236003630
289 1545 -4710 435236001080 435236005790
289 1561 -4770 435236001080 435236005850
289 3457 -11880 435236001080 435236012960
290 346 -210 435236001080 435236001290
290 354 -240 435236001080 435236001320
290 362 -270 435236001080 435236001350
290 1098 -3030 435236001080 435236004110
290 1106 -3060 435236001080 435236004140
290 5362 -19020 435236001080 435236020100
291 395 -390 435236001080 435236001470
291 404 -420 435236001080 435236001500
291 420 -480 435236001080 435236001560
291 1330 -3900 435236001080 435236004980
292 356 -240 435236001080 435236001320
293 397 -390 435236001095 435236001485
295 343 -180 435236001095 435236001275
295 351 -210 435236001095 435236001305
295 354 -225 435236001095 435236001320
295 359 -240 435236001095 435236001335
295 436 -525 435236001095 435236001620
295 471 -660 435236001095 435236001755
296 344 -180 435236001095 435236001275
296 750 -1710 435236001095 435236002805
296 942 -2430 435236001095 435236003525
296 2566 -8520 435236001095 435236009615
296 4014 -13950 435236001095 435236015045
296 4054 -14100 435236001095 435236015195
297 409 -420 435236001110 435236001530
297 425 -480 435236001110 435236001590
297 2985 -10080 435236001110 435236011190
297 3417 -11700 435236001110 435236012810
297 3921 -13590 435236001110 435236014700
297 5201 -18390 435236001110 435236019500
298 359 -225 435236001110 435236001335
298 5354 -18960 435236001110 435236020070
298 5359 -18975 435236001110 435236020085
298 5389 -19095 435236001110 435236020205
299 355 -210 435236001110 435236001320
299 363 -240 435236001110 435236001350
299 387 -330 435236001110 435236001440
300 364 -240 435236001110 435236001350
300 396 -360 435236001110 435236001470
300 404 -390 435236001110 435236001500
300 412 -420 435236001110 435236001530
300 420 -450 435236001110 435236001560
300 1837 -5775 435236001110 435236006885
300 3611 -12420 435236001110 435236013530
300 5275 -18660 435236001110 435236019770
300 5307 -18780 435236001110 435236019890
300 5389 -19095 435236001110 435236020205
300 6343 -22665 435236001110 435236023775
301 383 -300 435236001125 435236001425
301 3975 -13770 435236001125 435236014895
301 5396 -19095 435236001125 435236020220
302 358 -210 435236001125 435236001335
302 366 -240 435236001125 435236001365
302 382 -300 435236001125 435236001425
302 5292 -18705 435236001125 435236019830
302 5301 -18750 435236001125 435236019875
303 367 -240 435236001125 435236001365
303 375 -270 435236001125 435236001395
304 368 -240 435236001125 435236001365
304 2574 -8520 435236001125 435236009645
305 361 -210 435236001140 435236001350
305 409 -390 435236001140 435236001530
305 457 -570 435236001140 435236001710
305 1073 -2880 435236001140 435236004020
305 4137 -14370 435236001140 435236015510
306 370 -240 435236001140 435236001380
306 4500 -15720 435236001140 435236016860
306 5028 -17700 435236001140 435236018840
307 4029 -13965 435236001140 435236015105
307 5438 -19245 435236001140 435236020385
308 356 -180 435236001140 435236001320
308 364 -210 435236001140 435236001350
308 372 -240 435236001140 435236001380
308 387 -300 435236001140 435236001440
308 412 -390 435236001140 435236001530
308 1082 -2910 435236001140 435236004050
308 1649 -5040 435236001140 435236006180
308 2626 -8700 435236001140 435236009840
308 3384 -11535 435236001140 435236012675
308 4084 -14160 435236001140 435236015300
308 4220 -14670 435236001140 435236015810
308 6328 -22575 435236001140 435236023715
308 6360 -22695 435236001140 435236023835
308 6373 -22755 435236001140 435236023895
310 374 -240 435236001155 435236001395
310 3896 -13440 435236001155 435236014595
311 367 -210 435236001155 435236001365
311 375 -240 435236001155 435236001395
311 2077 -6630 435236001155 435236007785
311 5389 -19050 435236001155 435236020205
312 2566 -8460 435236001155 435236009615
312 2606 -8610 435236001155 435236009765
312 2665 -8835 435236001155 435236009990
312 4038 -13980 435236001155 435236015135
312 4054 -14040 435236001155 435236015195
313 378 -240 435236001170 435236001410
314 370 -210 435236001170 435236001380
314 378 -240 435236001170 435236001410
315 371 -210 435236001170 435236001380
315 379 -240 435236001170 435236001410
315 380 -240 435236001170 435236001410
316 373 -225 435236001170 435236001395
316 375 -225 435236001170 435236001395
316 378 -240 435236001170 435236001410
316 380 -240 435236001170 435236001410
316 381 -255 435236001170 435236001425
316 396 -300 435236001170 435236001470
317 375 -210 435236001185 435236001395
317 378 -225 435236001185 435236001410
317 381 -240 435236001185 435236001425
317 388 -255 435236001185 435236001440
318 374 -210 435236001185 435236001395
318 1144 -3090 435236001185 435236004275
318 4496 -15660 435236001185 435236016845
319 383 -240 435236001185 435236001425
320 376 -210 435236001185 435236001395
320 379 -225 435236001185 435236001410
320 380 -225 435236001185 435236001410
320 384 -240 435236001185 435236001425
320 720 -1500 435236001185 435236002685
320 838 -1950 435236001185 435236003135
321 377 -210 435236001200 435236001410
321 385 -240 435236001200 435236001440
322 1498 -4410 435236001200 435236005610
322 2783 -9225 435236001200 435236010425
322 2869 -9555 435236001200 435236010755
322 4354 -15120 435236001200 435236016320
323 4097 -14160 435236001200 435236015360
324 380 -210 435236001200 435236001410
325 3975 -13680 435236001215 435236014895
326 1136 -3030 435236001215 435236004245
326 1621 -4860 435236001215 435236006075
327 1836 -5655 435236001215 435236006870
327 6052 -21465 435236001215 435236022680
329 537 -780 435236001230 435236002010
330 4557 -15855 435236001230 435236017085
331 395 -240 435236001230 435236001470
333 1119 -2940 435236001245 435236004185
334 422 -330 435236001245 435236001575
334 430 -360 435236001245 435236001605
336 918 -2190 435236001245 435236003435
336 4022 -13830 435236001245 435236015075
336 4030 -13860 435236001245 435236015105
336 4054 -13950 435236001245 435236015195
338 436 -360 435236001260 435236001620
338 2637 -8625 435236001260 435236009885
339 2657 -8700 435236001260 435236009960
339 2665 -8730 435236001260 435236009990
339 4025 -13830 435236001260 435236015090
342 1078 -2760 435236001275 435236004035
342 1094 -2820 435236001275 435236004095
342 2542 -8250 435236001275 435236009525
342 6386 -22665 435236001275 435236023940
343 436 -345 435236001275 435236001620
343 2637 -8610 435236001275 435236009885
344 4014 -13770 435236001275 435236015045
345 401 -210 435236001290 435236001500
345 537 -720 435236001290 435236002010
347 2649 -8640 435236001290 435236009930
347 2657 -8670 435236001290 435236009960
347 2665 -8700 435236001290 435236009990
347 4497 -15570 435236001290 435236016860
348 1146 -3000 435236001290 435236004290
348 4097 -14070 435236001290 435236015360
350 398 -180 435236001305 435236001485
350 1086 -2760 435236001305 435236004065
350 1094 -2790 435236001305 435236004095
350 1110 -2850 435236001305 435236004155
350 1126 -2910 435236001305 435236004215
350 2040 -6330 435236001305 435236007635
350 2534 -8190 435236001305 435236009495
350 2627 -8535 435236001305 435236009840
351 464 -420 435236001305 435236001725
351 2693 -8790 435236001305 435236010095
351 4029 -13800 435236001305 435236015105
352 4030 -13800 435236001305 435236015105
352 4046 -13860 435236001305 435236015165
354 611 -960 435236001320 435236002280
355 2593 -8400 435236001320 435236009720
356 420 -240 435236001320 435236001560
356 436 -300 435236001320 435236001620
357 6332 -22395 435236001335 435236023730
358 446 -330 435236001335 435236001665
358 5893 -20760 435236001335 435236022095
360 424 -240 435236001335 435236001575
360 2558 -8250 435236001335 435236009585
360 2566 -8280 435236001335 435236009615
360 2574 -8310 435236001335 435236009645
360 2654 -8610 435236001335 435236009945
360 2662 -8640 435236001335 435236009975
360 4038 -13800 435236001335 435236015135
361 425 -240 435236001350 435236001590
361 433 -270 435236001350 435236001620
361 4049 -13830 435236001350 435236015180
363 2665 -8640 435236001350 435236009990
363 4097 -14010 435236001350 435236015360
363 4942 -17175 435236001350 435236018525
364 436 -270 435236001350 435236001620
365 436 -255 435236001365 435236001620
365 444 -285 435236001365 435236001650
365 452 -315 435236001365 435236001680
365 2983 -9810 435236001365 435236011175
366 449 -315 435236001365 435236001680
366 454 -330 435236001365 435236001695
366 2155 -6705 435236001365 435236008070
368 2142 -6660 435236001365 435236008025
368 2566 -8250 435236001365 435236009615
368 2665 -8625 435236001365 435236009990
368 4038 -13770 435236001365 435236015135
368 4046 -13800 435236001365 435236015165
369 425 -210 435236001380 435236001590
369 2521 -8070 435236001380 435236009450
369 2529 -8100 435236001380 435236009480
369 3073 -10140 435236001380 435236011520
369 4321 -14820 435236001380 435236016200
370 454 -315 435236001380 435236001695
370 4627 -15960 435236001380 435236017340
371 5606 -19635 435236001380 435236021015
372 436 -240 435236001380 435236001620
372 1138 -2880 435236001380 435236004260
372 1250 -3300 435236001380 435236004680
373 845 -1770 435236001395 435236003165
373 4397 -15090 435236001395 435236016485
373 5354 -18675 435236001395 435236020070
374 2160 -6690 435236001395 435236008085
374 2168 -6720 435236001395 435236008115
374 2288 -7170 435236001395 435236008565
375 1197 -3090 435236001395 435236004485
376 4038 -13740 435236001395 435236015135
376 4046 -13770 435236001395 435236015165
376 4054 -13800 435236001395 435236015195
376 4077 -13890 435236001395 435236015285
377 3241 -10740 435236001410 435236012150
378 3543 -11865 435236001410 435236013275
378 5418 -18900 435236001410 435236020310
379 999 -2325 435236001410 435236003735
380 1154 -2910 435236001410 435236004320
380 3735 -12585 435236001410 435236013995
382 449 -255 435236001425 435236001680
382 2160 -6660 435236001425 435236008085
382 2168 -6690 435236001425 435236008115
382 2648 -8490 435236001425 435236009915
382 2659 -8535 435236001425 435236009960
382 2664 -8550 435236001425 435236009975
383 616 -870 435236001425 435236002295
383 3069 -10080 435236001425 435236011505
383 3285 -10890 435236001425 435236012315
383 3463 -11550 435236001425 435236012975
383 4135 -14070 435236001425 435236015495
383 4181 -14250 435236001425 435236015675
383 6069 -21330 435236001425 435236022755
383 6164 -21675 435236001425 435236023100
384 894 -1920 435236001425 435236003345
384 4085 -13890 435236001425 435236015315
384 4094 -13920 435236001425 435236015345
385 446 -225 435236001440 435236001665
385 2672 -8565 435236001440 435236010005
386 445 -225 435236001440 435236001665
386 611 -840 435236001440 435236002280
386 1237 -3195 435236001440 435236004635
386 2783 -8985 435236001440 435236010425
387 1619 -4620 435236001440 435236006060
387 2577 -8220 435236001440 435236009660
387 5598 -19545 435236001440 435236020985
387 5630 -19665 435236001440 435236021105
388 1154 -2880 435236001440 435236004320
389 5221 -18120 435236001455 435236019575
390 438 -180 435236001455 435236001635
390 442 -195 435236001455 435236001650
390 446 -210 435236001455 435236001665
390 457 -255 435236001455 435236001710
391 436 -165 435236001455 435236001620
391 444 -195 435236001455 435236001650
391 501 -420 435236001455 435236001875
391 616 -840 435236001455 435236002295
391 6069 -21300 435236001455 435236022755
392 2142 -6570 435236001455 435236008025
392 2542 -8070 435236001455 435236009525
392 2566 -8160 435236001455 435236009615
392 2990 -9750 435236001455 435236011205
392 4014 -13590 435236001455 435236015045
393 457 -240 435236001470 435236001710
393 3153 -10350 435236001470 435236011820
394 444 -180 435236001470 435236001650
394 3916 -13200 435236001470 435236014670
394 4996 -17250 435236001470 435236018720
394 6227 -21870 435236001470 435236023340
395 1090 -2610 435236001470 435236004080
396 1068 -2520 435236001470 435236003990
396 4744 -16305 435236001470 435236017775
396 5418 -18840 435236001470 435236020310
396 5650 -19710 435236001470 435236021180
397 5293 -18360 435236001485 435236019845
397 5725 -19980 435236001485 435236021465
397 5975 -20910 435236001485 435236022395
398 2619 -8325 435236001485 435236009810
398 3008 -9780 435236001485 435236011265
398 3072 -10020 435236001485 435236011505
399 493 -360 435236001485 435236001845
399 1101 -2640 435236001485 435236004125
399 3127 -10230 435236001485 435236011715
399 6164 -21615 435236001485 435236023100
400 2118 -6450 435236001485 435236007935
400 2542 -8040 435236001485 435236009525
400 2990 -9720 435236001485 435236011205
400 4038 -13650 435236001485 435236015135
400 4950 -17070 435236001485 435236018555
401 2193 -6720 435236001500 435236008220
401 2201 -6750 435236001500 435236008250
401 3297 -10860 435236001500 435236012360
401 3641 -12150 435236001500 435236013650
401 3889 -13080 435236001500 435236014580
401 4729 -16230 435236001500 435236017730
402 3837 -12885 435236001500 435236014385
402 3916 -13170 435236001500 435236014670
404 1068 -2490 435236001500 435236003990
404 4442 -15150 435236001500 435236016650
404 5307 -18390 435236001500 435236019890
405 3045 -9900 435236001515 435236011415
405 4668 -15975 435236001515 435236017490
405 6037 -21120 435236001515 435236022635
406 672 -990 435236001515 435236002505
406 1629 -4590 435236001515 435236006105
406 3072 -9990 435236001515 435236011505
406 6298 -22095 435236001515 435236023610
406 6374 -22380 435236001515 435236023895
406 6435 -22605 435236001515 435236024120
407 1579 -4395 435236001515 435236005910
407 3127 -10200 435236001515 435236011715
407 4967 -17100 435236001515 435236018615
407 5270 -18240 435236001515 435236019755
407 6069 -21240 435236001515 435236022755
408 1070 -2490 435236001515 435236004005
409 457 -180 435236001530 435236001710
409 1457 -3930 435236001530 435236005460
409 3121 -10170 435236001530 435236011700
409 4409 -15000 435236001530 435236016530
409 6289 -22050 435236001530 435236023580
410 3066 -9960 435236001530 435236011490
411 476 -240 435236001530 435236001770
412 459 -180 435236001530 435236001710
412 464 -195 435236001530 435236001725
412 1068 -2460 435236001530 435236003990
412 1754 -5040 435236001530 435236006570
412 2075 -6240 435236001530 435236007770
412 6215 -21765 435236001530 435236023295
412 6343 -22245 435236001530 435236023775
413 2301 -7080 435236001545 435236008625
413 3983 -13380 435236001545 435236014925
413 4549 -15510 435236001545 435236017055
413 6069 -21210 435236001545 435236022755
414 2214 -6750 435236001545 435236008295
414 2781 -8880 435236001545 435236010425
415 1657 -4665 435236001545 435236006210
415 4861 -16680 435236001545 435236018225
415 6063 -21180 435236001545 435236022725
419 1097 -2550 435236001560 435236004110
420 464 -165 435236001560 435236001725
420 467 -180 435236001560 435236001740
420 1050 -2370 435236001560 435236003930
420 1058 -2400 435236001560 435236003960
420 1068 -2430 435236001560 435236003990
420 1082 -2490 435236001560 435236004050
420 1657 -4650 435236001560 435236006210
420 1722 -4890 435236001560 435236006450
420 1730 -4920 435236001560 435236006480
420 1754 -5010 435236001560 435236006570
420 2215 -6735 435236001560 435236008295
420 2226 -6780 435236001560 435236008340
420 4264 -14415 435236001560 435236015975
420 5307 -18330 435236001560 435236019890
420 6343 -22215 435236001560 435236023775
421 467 -165 435236001575 435236001740
423 2245 -6840 435236001575 435236008415
423 2955 -9495 435236001575 435236011070
424 4093 -13770 435236001575 435236015345
425 5233 -18030 435236001590 435236019620
428 483 -210 435236001590 435236001800
429 1517 -4080 435236001605 435236005685
431 481 -195 435236001605 435236001800
431 1677 -4680 435236001605 435236006285
431 4309 -14550 435236001605 435236016155
431 4415 -14940 435236001605 435236016545
431 5579 -19305 435236001605 435236020910
431 6104 -21270 435236001605 435236022875
432 1142 -2670 435236001605 435236004275
432 1984 -5820 435236001605 435236007425
432 3118 -10080 435236001605 435236011685
433 5009 -17160 435236001620 435236018780
434 5967 -20745 435236001620 435236022365
435 1731 -4860 435236001620 435236006480
435 4386 -14820 435236001620 435236016440
436 565 -495 435236001620 435236002115
436 2207 -6645 435236001620 435236008265
436 2218 -6690 435236001620 435236008310
436 2260 -6840 435236001620 435236008460
436 2851 -9060 435236001620 435236010680
436 4338 -14640 435236001620 435236016260
436 5202 -17880 435236001620 435236019500
436 6348 -22170 435236001620 435236023790
436 6364 -22230 435236001620 435236023850
437 3045 -9780 435236001635 435236011415
437 6069 -21120 435236001635 435236022755
439 1141 -2640 435236001635 435236004275
439 1471 -3870 435236001635 435236005505
439 4418 -14925 435236001635 435236016560
440 624 -690 435236001635 435236002325
440 2230 -6720 435236001635 435236008355
441 2233 -6720 435236001650 435236008370
441 5001 -17100 435236001650 435236018750
441 5465 -18840 435236001650 435236020490
442 1499 -3960 435236001650 435236005610
442 1656 -4545 435236001650 435236006195
442 2883 -9150 435236001650 435236010800
442 4471 -15105 435236001650 435236016755
442 5255 -18045 435236001650 435236019695
443 1657 -4560 435236001650 435236006210
443 4365 -14715 435236001650 435236016365
444 492 -180 435236001650 435236001830
445 1498 -3945 435236001665 435236005610
445 2212 -6615 435236001665 435236008280
445 3787 -12525 435236001665 435236014190
446 4475 -15105 435236001665 435236016770
446 5251 -18015 435236001665 435236019680
447 1055 -2280 435236001665 435236003945
447 1308 -3225 435236001665 435236004890
447 1644 -4485 435236001665 435236006150
447 4884 -16635 435236001665 435236018300
447 6104 -21210 435236001665 435236022875
448 516 -255 435236001665 435236001920
448 1097 -2445 435236001665 435236004110
448 4432 -14940 435236001665 435236016605
449 963 -1920 435236001680 435236003600
449 2313 -6990 435236001680 435236008670
449 2745 -8610 435236001680 435236010290
449 5595 -19290 435236001680 435236020970
450 2204 -6570 435236001680 435236008250
450 6118 -21255 435236001680 435236022935
451 4365 -14685 435236001680 435236016365
451 4432 -14925 435236001680 435236016605
452 580 -480 435236001680 435236002160
452 2210 -6600 435236001680 435236008280
452 2212 -6600 435236001680 435236008280
452 6332 -22050 435236001680 435236023730
454 1499 -3915 435236001695 435236005610
455 2204 -6555 435236001695 435236008250
455 3157 -10140 435236001695 435236011835
455 4373 -14700 435236001695 435236016395
456 1046 -2220 435236001695 435236003915
456 5210 -17835 435236001695 435236019530
457 1049 -2220 435236001710 435236003930
457 5537 -19050 435236001710 435236020760
458 2204 -6540 435236001710 435236008250
458 4324 -14490 435236001710 435236016200
458 4464 -15015 435236001710 435236016725
458 5536 -19035 435236001710 435236020745
459 1629 -4395 435236001710 435236006105
459 1657 -4500 435236001710 435236006210
460 2980 -9450 435236001710 435236011160
460 3792 -12495 435236001710 435236014205
460 4557 -15375 435236001710 435236017085
461 1126 -2490 435236001725 435236004215
461 2622 -8100 435236001725 435236009825
461 3071 -9780 435236001725 435236011505
462 1496 -3870 435236001725 435236005595
462 1731 -4755 435236001725 435236006480
462 4448 -14940 435236001725 435236016665
462 6160 -21360 435236001725 435236023085
462 6315 -21945 435236001725 435236023670
463 1149 -2580 435236001725 435236004305
463 1813 -5070 435236001725 435236006795
463 2189 -6480 435236001725 435236008205
463 3127 -9990 435236001725 435236011715
463 3143 -10050 435236001725 435236011775
463 3827 -12615 435236001725 435236014340
463 3835 -12645 435236001725 435236014370
463 4324 -14475 435236001725 435236016200
463 4872 -16530 435236001725 435236018255
463 4960 -16860 435236001725 435236018585
463 5452 -18705 435236001725 435236020430
463 6084 -21075 435236001725 435236022800
464 2901 -9150 435236001725 435236010875
465 4369 -14640 435236001740 435236016380
465 5393 -18480 435236001740 435236020220
465 5649 -19440 435236001740 435236021180
466 1236 -2880 435236001740 435236004620
466 1371 -3390 435236001740 435236005130
466 3132 -9990 435236001740 435236011730
466 3147 -10050 435236001740 435236011790
466 3156 -10080 435236001740 435236011820
466 5579 -19170 435236001740 435236020910
467 3130 -9990 435236001740 435236011730
468 540 -270 435236001740 435236002010
468 1145 -2550 435236001740 435236004290
468 3967 -13125 435236001740 435236014865
468 4412 -14790 435236001740 435236016530
469 541 -270 435236001755 435236002025
470 3568 -11610 435236001755 435236013365
470 4136 -13740 435236001755 435236015495
470 4400 -14730 435236001755 435236016485
470 4416 -14790 435236001755 435236016545
471 1637 -4380 435236001755 435236006135
471 3117 -9930 435236001755 435236011685
471 3141 -10020 435236001755 435236011775
471 3220 -10305 435236001755 435236012060
471 3224 -10320 435236001755 435236012075
471 6396 -22215 435236001755 435236023970
472 532 -225 435236001755 435236001980
472 544 -270 435236001755 435236002025
472 1079 -2280 435236001755 435236004035
472 4430 -14850 435236001755 435236016605
473 1747 -4770 435236001770 435236006540
473 1763 -4830 435236001770 435236006600
473 2113 -6150 435236001770 435236007920
473 2353 -7050 435236001770 435236008820
473 2369 -7110 435236001770 435236008880
473 3889 -12810 435236001770 435236014580
473 4459 -14940 435236001770 435236016710
473 5305 -18120 435236001770 435236019890
474 747 -1020 435236001770 435236002790
474 1788 -4920 435236001770 435236006690
474 2924 -9180 435236001770 435236010950
474 3069 -9735 435236001770 435236011505
474 3900 -12840 435236001770 435236014610
474 5967 -20595 435236001770 435236022365
475 914 -1650 435236001770 435236003420
475 938 -1740 435236001770 435236003510
475 961 -1830 435236001770 435236003600
475 2199 -6465 435236001770 435236008235
475 2214 -6525 435236001770 435236008295
475 2914 -9150 435236001770 435236010920
475 3130 -9960 435236001770 435236011730
476 969 -1860 435236001770 435236003630
476 5364 -18330 435236001770 435236020100
477 3111 -9870 435236001785 435236011655
477 3143 -9990 435236001785 435236011775
477 3156 -10035 435236001785 435236011820
477 3165 -10080 435236001785 435236011865
477 3172 -10095 435236001785 435236011880
478 1656 -4410 435236001785 435236006195
478 3527 -11430 435236001785 435236013215
478 5515 -18885 435236001785 435236020670
478 5523 -18915 435236001785 435236020700
478 5940 -20475 435236001785 435236022260
478 6152 -21270 435236001785 435236023055
479 535 -210 435236001785 435236001995
479 2637 -8100 435236001785 435236009885
479 2807 -8730 435236001785 435236010515
479 2879 -9000 435236001785 435236010785
479 3304 -10590 435236001785 435236012375
479 4517 -15150 435236001785 435236016935
480 528 -180 435236001785 435236001965
480 544 -240 435236001785 435236002025
480 957 -1800 435236001785 435236003585
480 3135 -9960 435236001785 435236011745
480 3165 -10080 435236001785 435236011865
481 1233 -2820 435236001800 435236004620
481 4841 -16350 435236001800 435236018150
481 5964 -20550 435236001800 435236022350
482 538 -210 435236001800 435236002010
482 2916 -9120 435236001800 435236010920
482 3068 -9690 435236001800 435236011490
482 3476 -11220 435236001800 435236013020
482 5716 -19620 435236001800 435236021420
482 6104 -21075 435236001800 435236022875
483 540 -210 435236001800 435236002010
483 595 -420 435236001800 435236002220
483 1082 -2250 435236001800 435236004050
483 1746 -4740 435236001800 435236006540
483 6311 -21855 435236001800 435236023655
484 969 -1830 435236001800 435236003630
484 1097 -2310 435236001800 435236004110
484 3037 -9585 435236001800 435236011385
484 6373 -22095 435236001800 435236023895
485 1535 -3930 435236001815 435236005745
485 1607 -4200 435236001815 435236006015
485 3454 -11130 435236001815 435236012945
486 1101 -2310 435236001815 435236004125
486 4296 -14280 435236001815 435236016095
486 4304 -14310 435236001815 435236016125
487 541 -210 435236001815 435236002025
487 549 -240 435236001815 435236002055
488 587 -375 435236001815 435236002190
489 1073 -2190 435236001830 435236004020
489 2113 -6090 435236001830 435236007920
489 2369 -7050 435236001830 435236008880
489 4435 -14790 435236001830 435236016620
489 6129 -21150 435236001830 435236022980
490 1644 -4320 435236001830 435236006150
490 2516 -7590 435236001830 435236009420
490 2532 -7650 435236001830 435236009480
491 536 -165 435236001830 435236001995
491 548 -210 435236001830 435236002040
491 1926 -5385 435236001830 435236007215
491 2270 -6675 435236001830 435236008505
492 1018 -1980 435236001830 435236003810
492 1598 -4155 435236001830 435236005985
492 4557 -15255 435236001830 435236017085
493 1143 -2430 435236001845 435236004275
493 1637 -4290 435236001845 435236006135
493 2847 -8820 435236001845 435236010665
493 5005 -16920 435236001845 435236018765
493 6364 -22005 435236001845 435236023850
494 1568 -4020 435236001845 435236005865
494 2904 -9030 435236001845 435236010875
494 2908 -9045 435236001845 435236010890
495 541 -180 435236001845 435236002025
495 549 -210 435236001845 435236002055
495 608 -420 435236001845 435236002265
495 910 -1560 435236001845 435236003405
495 4407 -14670 435236001845 435236016515
495 4557 -15240 435236001845 435236017085
496 544 -180 435236001845 435236002025
496 560 -240 435236001845 435236002085
496 1926 -5370 435236001845 435236007215
496 2237 -6540 435236001845 435236008385
497 1025 -1980 435236001860 435236003840
497 1033 -2010 435236001860 435236003870
497 2369 -7020 435236001860 435236008880
497 4193 -13860 435236001860 435236015720
498 561 -240 435236001860 435236002100
498 1644 -4290 435236001860 435236006150
498 2819 -8700 435236001860 435236010560
498 2899 -9000 435236001860 435236010860
498 2908 -9030 435236001860 435236010890
498 6020 -20700 435236001860 435236022560
499 544 -165 435236001860 435236002025
499 584 -315 435236001860 435236002175
499 4493 -14985 435236001860 435236016845
500 564 -240 435236001860 435236002100
500 2585 -7830 435236001860 435236009690
500 2649 -8070 435236001860 435236009930
500 2665 -8130 435236001860 435236009990
500 4497 -15000 435236001860 435236016860
501 616 -420 435236001875 435236002295
501 1086 -2190 435236001875 435236004065
501 1093 -2220 435236001875 435236004095
501 1463 -3600 435236001875 435236005475
501 1579 -4035 435236001875 435236005910
501 2626 -7965 435236001875 435236009840
502 1568 -3990 435236001875 435236005865
502 2824 -8700 435236001875 435236010575
502 2888 -8940 435236001875 435236010815
502 2904 -9000 435236001875 435236010875
503 565 -240 435236001875 435236002115
503 600 -360 435236001875 435236002235
503 608 -390 435236001875 435236002265
503 3967 -12990 435236001875 435236014865
503 4367 -14490 435236001875 435236016365
503 6282 -21675 435236001875 435236023550
504 568 -240 435236001875 435236002115
504 600 -360 435236001875 435236002235
504 910 -1530 435236001875 435236003405
505 779 -1020 435236001890 435236002910
505 2819 -8670 435236001890 435236010560
505 2899 -8970 435236001890 435236010860
505 3028 -9450 435236001890 435236011340
506 553 -180 435236001890 435236002070
507 556 -180 435236001890 435236002070
507 5005 -16875 435236001890 435236018765
508 584 -285 435236001890 435236002175
508 3264 -10335 435236001890 435236012225
508 3920 -12795 435236001890 435236014685
508 4420 -14670 435236001890 435236016560
508 4932 -16590 435236001890 435236018480
508 5466 -18600 435236001890 435236020490
509 4380 -14505 435236001905 435236016410
509 4479 -14880 435236001905 435236016785
510 558 -180 435236001905 435236002085
510 588 -285 435236001905 435236002190
510 1536 -3840 435236001905 435236005745
511 3117 -9780 435236001905 435236011685
511 5354 -18165 435236001905 435236020070
512 579 -255 435236001905 435236002160
512 2278 -6630 435236001905 435236008535
512 2286 -6660 435236001905 435236008565
513 771 -960 435236001920 435236002880
513 1576 -3975 435236001920 435236005895
513 2819 -8640 435236001920 435236010560
513 4296 -14175 435236001920 435236016095
514 3019 -9390 435236001920 435236011310
514 3024 -9405 435236001920 435236011325
515 1475 -3600 435236001920 435236005520
515 2818 -8640 435236001920 435236010560
516 3307 -10470 435236001920 435236012390
516 6322 -21780 435236001920 435236023700
516 6380 -21990 435236001920 435236023910
517 588 -255 435236001935 435236002190
517 2807 -8580 435236001935 435236010515
517 2815 -8610 435236001935 435236010545
517 2889 -8895 435236001935 435236010830
517 5364 -18165 435236001935 435236020100
519 4497 -14925 435236001935 435236016860
521 3235 -10170 435236001950 435236012120
521 3476 -11070 435236001950 435236013020
522 3003 -9300 435236001950 435236011250
522 3011 -9330 435236001950 435236011280
522 3019 -9360 435236001950 435236011310
523 568 -165 435236001950 435236002115
523 595 -270 435236001950 435236002220
524 584 -225 435236001950 435236002175
524 1275 -2820 435236001950 435236004770
524 3264 -10275 435236001950 435236012225
524 3268 -10290 435236001950 435236012240
524 4016 -13095 435236001950 435236015045
524 4493 -14895 435236001950 435236016845
524 5005 -16815 435236001950 435236018765
525 1495 -3630 435236001965 435236005595
525 1565 -3900 435236001965 435236005865
525 3117 -9720 435236001965 435236011685
527 2791 -8490 435236001965 435236010455
527 4007 -13050 435236001965 435236015015
527 5461 -18510 435236001965 435236020475
527 6316 -21705 435236001965 435236023670
528 587 -225 435236001965 435236002190
528 1512 -3690 435236001965 435236005655
529 5337 -18030 435236001980 435236020010
531 576 -165 435236001980 435236002145
531 595 -240 435236001980 435236002220
531 2954 -9090 435236001980 435236011070
532 584 -195 435236001980 435236002175
532 2847 -8685 435236001980 435236010665
532 4348 -14310 435236001980 435236016290
532 5466 -18510 435236001980 435236020490
533 1549 -3810 435236001995 435236005805
533 3028 -9345 435236001995 435236011340
535 1645 -4170 435236001995 435236006165
535 2076 -5775 435236001995 435236007770
535 3117 -9690 435236001995 435236011685
535 4015 -13050 435236001995 435236015045
535 5831 -19860 435236001995 435236021855
535 6042 -20655 435236001995 435236022650
537 6377 -21900 435236002010 435236023910
538 2072 -5745 435236002010 435236007755
538 3155 -9810 435236002010 435236011820
538 3988 -12930 435236002010 435236014940
538 5892 -20070 435236002010 435236022080
540 3386 -10680 435236002010 435236012690
540 4348 -14280 435236002010 435236016290
540 4513 -14910 435236002010 435236016920
541 4557 -15060 435236002025 435236017085
543 805 -990 435236002025 435236003015
543 1245 -2640 435236002025 435236004665
543 3224 -10050 435236002025 435236012075
543 3324 -10425 435236002025 435236012450
543 4309 -14130 435236002025 435236016155
543 5975 -20370 435236002025 435236022395
544 587 -165 435236002025 435236002190
544 595 -195 435236002025 435236002220
544 603 -225 435236002025 435236002250
544 1886 -5040 435236002025 435236007065
544 2278 -6510 435236002025 435236008535
544 3924 -12675 435236002025 435236014700
545 4433 -14580 435236002040 435236016620
546 2547 -7500 435236002040 435236009540
546 3027 -9300 435236002040 435236011340
546 4255 -13905 435236002040 435236015945
546 5971 -20340 435236002040 435236022380
546 5975 -20355 435236002040 435236022395
547 591 -165 435236002040 435236002205
547 5391 -18165 435236002040 435236020205
548 2826 -8550 435236002040 435236010590
548 4412 -14490 435236002040 435236016530
549 2260 -6405 435236002055 435236008460
550 2888 -8760 435236002055 435236010815
551 3236 -10065 435236002055 435236012120
554 643 -330 435236002070 435236002400
554 668 -420 435236002070 435236002490
554 707 -570 435236002070 435236002640
554 2352 -6735 435236002070 435236008805
554 4255 -13875 435236002070 435236015945
554 6084 -20730 435236002070 435236022800
555 5474 -18450 435236002070 435236020520
556 4493 -14775 435236002070 435236016845
557 2999 -9150 435236002085 435236011235
557 3119 -9600 435236002085 435236011685
557 4557 -15000 435236002085 435236017085
558 1520 -3600 435236002085 435236005685
559 6076 -20685 435236002085 435236022770
559 6276 -21435 435236002085 435236023520
562 1635 -4020 435236002100 435236006120
562 1643 -4050 435236002100 435236006150
562 1648 -4065 435236002100 435236006165
562 1652 -4080 435236002100 435236006180
562 1653 -4095 435236002100 435236006195
562 4091 -13230 435236002100 435236015330
562 4288 -13965 435236002100 435236016065
562 6067 -20640 435236002100 435236022740
563 700 -510 435236002100 435236002610
563 927 -1365 435236002100 435236003465
563 956 -1470 435236002100 435236003570
564 5005 -16665 435236002100 435236018765
566 1520 -3570 435236002115 435236005685
566 1627 -3975 435236002115 435236006090
566 1643 -4035 435236002115 435236006150
566 1648 -4050 435236002115 435236006165
566 1652 -4065 435236002115 435236006180
566 4280 -13920 435236002115 435236016035
566 5832 -19740 435236002115 435236021855
567 662 -360 435236002115 435236002475
567 706 -525 435236002115 435236002640
567 773 -780 435236002115 435236002895
567 4972 -16515 435236002115 435236018630
568 1544 -3660 435236002115 435236005775
568 1878 -4920 435236002115 435236007035
569 1643 -4020 435236002130 435236006150
569 1648 -4035 435236002130 435236006165
569 1652 -4050 435236002130 435236006180
570 957 -1455 435236002130 435236003585
570 1331 -2850 435236002130 435236004980
570 1339 -2880 435236002130 435236005010
570 1422 -3195 435236002130 435236005325
570 1430 -3225 435236002130 435236005355
570 5507 -18510 435236002130 435236020640
572 2252 -6300 435236002130 435236008430
572 3967 -12735 435236002130 435236014865
572 4421 -14445 435236002130 435236016575
572 4453 -14565 435236002130 435236016695
573 1643 -4005 435236002145 435236006150
573 4079 -13140 435236002145 435236015285
574 647 -270 435236002145 435236002415
574 907 -1245 435236002145 435236003390
574 939 -1365 435236002145 435236003510
574 1640 -3990 435236002145 435236006135
575 689 -435 435236002145 435236002580
575 705 -495 435236002145 435236002640
575 713 -525 435236002145 435236002670
575 714 -525 435236002145 435236002670
575 4286 -13920 435236002145 435236016065
577 1001 -1590 435236002160 435236003750
577 1940 -5100 435236002160 435236007260
577 2745 -8130 435236002160 435236010290
577 5745 -19380 435236002160 435236021540
577 6193 -21060 435236002160 435236023220
578 1360 -2925 435236002160 435236005085
578 5323 -17790 435236002160 435236019950
578 5328 -17805 435236002160 435236019965
578 6087 -20655 435236002160 435236022815
578 6114 -20760 435236002160 435236022920
579 679 -375 435236002160 435236002535
580 6434 -21960 435236002160 435236024120
581 703 -450 435236002175 435236002625
581 1635 -3945 435236002175 435236006120
581 4263 -13800 435236002175 435236015975
581 6080 -20610 435236002175 435236022785
582 979 -1485 435236002175 435236003660
582 3259 -10035 435236002175 435236012210
582 6126 -20790 435236002175 435236022965
583 655 -270 435236002175 435236002445
583 1006 -1590 435236002175 435236003765
583 5870 -19830 435236002175 435236022005
584 5466 -18315 435236002175 435236020490
584 6295 -21420 435236002175 435236023595
584 6388 -21765 435236002175 435236023940
585 633 -180 435236002190 435236002370
585 703 -435 435236002190 435236002625
585 1457 -3270 435236002190 435236005460
585 2281 -6360 435236002190 435236008550
585 3873 -12330 435236002190 435236014520
588 664 -285 435236002190 435236002475
588 1536 -3555 435236002190 435236005745
588 5991 -20265 435236002190 435236022455
588 6076 -20580 435236002190 435236022770
589 695 -390 435236002205 435236002595
589 703 -420 435236002205 435236002625
589 768 -660 435236002205 435236002865
589 2631 -7650 435236002205 435236009855
589 3069 -9300 435236002205 435236011505
589 6084 -20595 435236002205 435236022800
590 638 -180 435236002205 435236002385
591 679 -330 435236002205 435236002535
591 749 -600 435236002205 435236002805
591 2863 -8520 435236002205 435236010725
591 5474 -18315 435236002205 435236020520
592 5389 -18000 435236002205 435236020205
592 6434 -21915 435236002205 435236024120
592 6442 -21945 435236002205 435236024150
593 641 -180 435236002220 435236002400
593 665 -270 435236002220 435236002490
593 1369 -2910 435236002220 435236005130
593 3617 -11340 435236002220 435236013560
593 5185 -17220 435236002220 435236019440
593 5849 -19710 435236002220 435236021930
593 6129 -20760 435236002220 435236022980
593 6137 -20790 435236002220 435236023010
594 642 -180 435236002220 435236002400
594 650 -210 435236002220 435236002430
594 666 -270 435236002220 435236002490
596 668 -270 435236002220 435236002490
596 1661 -4005 435236002220 435236006225
596 2136 -5775 435236002220 435236007995
596 3355 -10350 435236002220 435236012570
596 4242 -13680 435236002220 435236015900
596 4250 -13710 435236002220 435236015930
596 5220 -17340 435236002220 435236019560
596 5640 -18915 435236002220 435236021135
597 668 -255 435236002235 435236002490
597 3476 -10785 435236002235 435236013020
597 3573 -11160 435236002235 435236013395
597 5975 -20160 435236002235 435236022395
597 6100 -20625 435236002235 435236022860
598 654 -210 435236002235 435236002445
598 662 -240 435236002235 435236002475
599 645 -180 435236002235 435236002415
599 647 -180 435236002235 435236002415
599 679 -300 435236002235 435236002535
599 709 -420 435236002235 435236002655
599 749 -570 435236002235 435236002805
599 781 -690 435236002235 435236002925
599 2117 -5700 435236002235 435236007935
599 4943 -16290 435236002235 435236018525
599 4997 -16500 435236002235 435236018735
599 5474 -18285 435236002235 435236020520
599 5495 -18360 435236002235 435236020595
599 5532 -18495 435236002235 435236020730
599 6316 -21435 435236002235 435236023670
600 1022 -1590 435236002235 435236003825
600 2718 -7950 435236002235 435236010185
600 4420 -14325 435236002235 435236016560
601 657 -210 435236002250 435236002460
601 665 -240 435236002250 435236002490
601 673 -270 435236002250 435236002520
601 3353 -10320 435236002250 435236012570
602 650 -180 435236002250 435236002430
602 657 -210 435236002250 435236002460
603 708 -390 435236002250 435236002640
603 1603 -3750 435236002250 435236006000
603 3165 -9615 435236002250 435236011865
603 4412 -14280 435236002250 435236016530
603 4420 -14310 435236002250 435236016560
604 668 -240 435236002250 435236002490
604 5044 -16650 435236002250 435236018900
605 669 -240 435236002265 435236002505
605 695 -330 435236002265 435236002595
605 741 -510 435236002265 435236002775
606 649 -165 435236002265 435236002430
607 655 -180 435236002265 435236002445
607 663 -210 435236002265 435236002475
607 671 -240 435236002265 435236002505
607 679 -270 435236002265 435236002535
607 687 -300 435236002265 435236002565
607 1291 -2565 435236002265 435236004830
607 6275 -21255 435236002265 435236023520
608 2742 -8010 435236002265 435236010275
608 3045 -9150 435236002265 435236011415
609 657 -180 435236002280 435236002460
609 721 -420 435236002280 435236002700
609 5559 -18555 435236002280 435236020835
610 658 -180 435236002280 435236002460
610 690 -300 435236002280 435236002580
610 722 -420 435236002280 435236002700
610 729 -450 435236002280 435236002730
610 794 -690 435236002280 435236002970
610 1874 -4740 435236002280 435236007020
610 3162 -9570 435236002280 435236011850
610 6082 -20520 435236002280 435236022800
611 740 -480 435236002280 435236002760
611 747 -510 435236002280 435236002790
611 780 -630 435236002280 435236002910
611 1107 -1860 435236002280 435236004140
611 1267 -2460 435236002280 435236004740
611 2964 -8820 435236002280 435236011100
611 3180 -9630 435236002280 435236011910
611 4827 -15810 435236002280 435236018090
611 5471 -18225 435236002280 435236020505
611 5479 -18255 435236002280 435236020535
611 6130 -20700 435236002280 435236022980
611 6196 -20940 435236002280 435236023220
611 6279 -21255 435236002280 435236023535
611 6328 -21435 435236002280 435236023715
612 668 -210 435236002280 435236002490
613 685 -270 435236002295 435236002565
613 5562 -18555 435236002295 435236020850
614 662 -180 435236002295 435236002475
615 658 -165 435236002295 435236002460
615 663 -180 435236002295 435236002475
615 671 -210 435236002295 435236002505
615 679 -240 435236002295 435236002535
615 687 -270 435236002295 435236002565
615 719 -390 435236002295 435236002685
615 727 -420 435236002295 435236002715
615 751 -510 435236002295 435236002805
615 757 -540 435236002295 435236002835
615 765 -570 435236002295 435236002865
615 772 -585 435236002295 435236002880
615 1279 -2490 435236002295 435236004785
615 1287 -2520 435236002295 435236004815
615 1706 -4095 435236002295 435236006390
615 2143 -5730 435236002295 435236008025
615 2182 -5880 435236002295 435236008175
615 2919 -8640 435236002295 435236010935
615 3839 -12090 435236002295 435236014385
615 3843 -12105 435236002295 435236014400
615 5555 -18525 435236002295 435236020820
615 6308 -21345 435236002295 435236023640
616 664 -180 435236002295 435236002475
616 1086 -1770 435236002295 435236004065
616 3095 -9300 435236002295 435236011595
616 5501 -18330 435236002295 435236020625
617 665 -180 435236002310 435236002490
619 684 -240 435236002310 435236002550
619 715 -360 435236002310 435236002670
619 740 -450 435236002310 435236002760
619 748 -480 435236002310 435236002790
619 931 -1170 435236002310 435236003480
619 2907 -8580 435236002310 435236010890
620 2778 -8100 435236002310 435236010410
620 5788 -19380 435236002310 435236021690
620 6380 -21600 435236002310 435236023910
621 687 -240 435236002325 435236002565
621 5543 -18450 435236002325 435236020775
623 671 -180 435236002325 435236002505
623 679 -210 435236002325 435236002535
623 2143 -5700 435236002325 435236008025
623 2261 -6150 435236002325 435236008475
623 3525 -10890 435236002325 435236013215
623 3839 -12060 435236002325 435236014385
623 3847 -12090 435236002325 435236014415
623 4554 -14745 435236002325 435236017070
623 4591 -14880 435236002325 435236017205
623 4594 -14895 435236002325 435236017220
623 4599 -14910 435236002325 435236017235
623 4791 -15630 435236002325 435236017955
623 4989 -16380 435236002325 435236018705
623 5037 -16560 435236002325 435236018885
623 6279 -21210 435236002325 435236023535
624 1070 -1680 435236002325 435236004005
624 1544 -3450 435236002325 435236005775
624 1738 -4185 435236002325 435236006510
624 5340 -17685 435236002325 435236020010
624 5356 -17745 435236002325 435236020070
624 6174 -20820 435236002325 435236023145
625 673 -180 435236002340 435236002520
625 5025 -16500 435236002340 435236018840
627 684 -210 435236002340 435236002550
627 691 -240 435236002340 435236002580
627 699 -270 435236002340 435236002610
627 931 -1140 435236002340 435236003480
627 1005 -1425 435236002340 435236003765
627 1307 -2550 435236002340 435236004890
627 2139 -5670 435236002340 435236008010
628 1097 -1770 435236002340 435236004110
631 679 -180 435236002355 435236002535
631 695 -240 435236002355 435236002595
631 751 -450 435236002355 435236002805
631 853 -840 435236002355 435236003195
631 861 -870 435236002355 435236003225
631 887 -960 435236002355 435236003315
631 895 -990 435236002355 435236003345
631 943 -1170 435236002355 435236003525
631 2143 -5670 435236002355 435236008025
631 4975 -16290 435236002355 435236018645
631 5021 -16470 435236002355 435236018825
631 5029 -16500 435236002355 435236018855
631 5183 -17070 435236002355 435236019425
631 5191 -17100 435236002355 435236019455
631 5663 -18870 435236002355 435236021225
632 736 -390 435236002355 435236002745
632 2007 -5160 435236002355 435236007515
632 3624 -11220 435236002355 435236013575
632 3904 -12270 435236002355 435236014625
632 6299 -21255 435236002355 435236023610
633 3033 -9000 435236002370 435236011370
634 1367 -2745 435236002370 435236005115
634 1902 -4755 435236002370 435236007125
634 2117 -5565 435236002370 435236007935
634 3162 -9480 435236002370 435236011850
634 3994 -12600 435236002370 435236014970
634 5479 -18165 435236002370 435236020535
635 740 -390 435236002370 435236002760
635 2483 -6930 435236002370 435236009300
635 2891 -8460 435236002370 435236010830
635 3851 -12060 435236002370 435236014430
635 5187 -17070 435236002370 435236019440
635 5579 -18540 435236002370 435236020910
635 5712 -19035 435236002370 435236021405
636 5448 -18045 435236002370 435236020415
636 5511 -18285 435236002370 435236020655
637 3525 -10830 435236002385 435236013215
637 4063 -12840 435236002385 435236015225
637 5543 -18390 435236002385 435236020775
637 6252 -21045 435236002385 435236023430
638 1902 -4740 435236002385 435236007125
638 2131 -5595 435236002385 435236007980
638 2213 -5910 435236002385 435236008295
639 703 -240 435236002385 435236002625
639 733 -360 435236002385 435236002745
639 831 -720 435236002385 435236003105
639 5021 -16440 435236002385 435236018825
640 688 -180 435236002385 435236002565
640 704 -240 435236002385 435236002625
640 744 -390 435236002385 435236002775
640 3872 -12120 435236002385 435236014505
640 4344 -13890 435236002385 435236016275
640 4947 -16155 435236002385 435236018540
640 5507 -18255 435236002385 435236020640
640 5536 -18360 435236002385 435236020745
640 5595 -18585 435236002385 435236020970
640 6134 -20610 435236002385 435236022995
641 729 -330 435236002400 435236002730
641 2305 -6240 435236002400 435236008640
641 3369 -10230 435236002400 435236012630
641 4625 -14940 435236002400 435236017340
641 6137 -20610 435236002400 435236023010
643 699 -210 435236002400 435236002610
643 707 -240 435236002400 435236002640
643 724 -300 435236002400 435236002700
643 732 -330 435236002400 435236002730
643 891 -930 435236002400 435236003330
643 916 -1020 435236002400 435236003420
643 963 -1200 435236002400 435236003600
643 1763 -4200 435236002400 435236006600
643 3859 -12060 435236002400 435236014460
643 4963 -16200 435236002400 435236018600
644 4379 -14010 435236002400 435236016410
644 5452 -18030 435236002400 435236020430
644 5487 -18165 435236002400 435236020565
644 5540 -18360 435236002400 435236020760
644 5765 -19215 435236002400 435236021615
645 709 -240 435236002415 435236002655
645 2157 -5670 435236002415 435236008085
645 5452 -18015 435236002415 435236020430
645 5564 -18435 435236002415 435236020850
647 711 -240 435236002415 435236002655
647 725 -300 435236002415 435236002715
647 741 -360 435236002415 435236002775
647 749 -390 435236002415 435236002805
647 935 -1080 435236002415 435236003495
648 2379 -6495 435236002415 435236008910
648 4056 -12780 435236002415 435236015195
648 5280 -17370 435236002415 435236019785
648 5683 -18885 435236002415 435236021300
648 5688 -18900 435236002415 435236021315
648 5691 -18915 435236002415 435236021330
648 5696 -18930 435236002415 435236021345
648 6000 -20070 435236002415 435236022485
649 2281 -6120 435236002430 435236008550
649 3881 -12120 435236002430 435236014550
649 3889 -12150 435236002430 435236014580
650 698 -180 435236002430 435236002610
650 706 -210 435236002430 435236002640
650 711 -225 435236002430 435236002655
650 713 -240 435236002430 435236002670
650 714 -240 435236002430 435236002670
650 730 -300 435236002430 435236002730
650 1290 -2400 435236002430 435236004830
650 2206 -5835 435236002430 435236008265
650 6279 -21105 435236002430 435236023535
651 724 -270 435236002430 435236002700
651 891 -900 435236002430 435236003330
651 907 -960 435236002430 435236003390
651 1595 -3540 435236002430 435236005970
651 3872 -12075 435236002430 435236014505
652 740 -330 435236002430 435236002760
652 780 -480 435236002430 435236002910
652 4197 -13305 435236002430 435236015735
652 5036 -16440 435236002430 435236018870
652 5415 -17865 435236002430 435236020295
653 773 -450 435236002445 435236002895
653 2116 -5475 435236002445 435236007920
653 2189 -5760 435236002445 435236008205
653 6087 -20370 435236002445 435236022815
653 6300 -21165 435236002445 435236023610
654 702 -180 435236002445 435236002625
654 710 -210 435236002445 435236002655
654 718 -240 435236002445 435236002685
655 719 -240 435236002445 435236002685
655 727 -270 435236002445 435236002715
655 765 -420 435236002445 435236002865
655 781 -480 435236002445 435236002925
655 895 -900 435236002445 435236003345
655 919 -990 435236002445 435236003435
655 2919 -8490 435236002445 435236010935
655 6119 -20490 435236002445 435236022935
656 2288 -6120 435236002445 435236008565
656 3872 -12060 435236002445 435236014505
656 4056 -12750 435236002445 435236015195
656 5012 -16335 435236002445 435236018780
657 705 -180 435236002460 435236002640
657 3881 -12090 435236002460 435236014550
657 3889 -12120 435236002460 435236014580
658 714 -210 435236002460 435236002670
658 722 -240 435236002460 435236002700
658 826 -630 435236002460 435236003090
658 1283 -2340 435236002460 435236004800
658 1290 -2370 435236002460 435236004830
658 1786 -4230 435236002460 435236006690
658 1898 -4650 435236002460 435236007110
658 1943 -4815 435236002460 435236007275
658 3783 -11715 435236002460 435236014175
658 4911 -15945 435236002460 435236018405
658 5431 -17895 435236002460 435236020355
658 5538 -18300 435236002460 435236020760
658 5543 -18315 435236002460 435236020775
658 5546 -18330 435236002460 435236020790
658 5551 -18345 435236002460 435236020805
659 715 -210 435236002460 435236002670
659 723 -240 435236002460 435236002700
659 731 -270 435236002460 435236002730
659 915 -960 435236002460 435236003420
659 923 -990 435236002460 435236003450
659 931 -1020 435236002460 435236003480
660 740 -300 435236002460 435236002760
660 963 -1140 435236002460 435236003600
660 1587 -3480 435236002460 435236005940
660 3060 -9000 435236002460 435236011460
660 4635 -14910 435236002460 435236017370
660 5220 -17100 435236002460 435236019560
660 5224 -17115 435236002460 435236019575
660 5259 -17250 435236002460 435236019710
660 5267 -17280 435236002460 435236019740
661 725 -240 435236002475 435236002715
661 2292 -6105 435236002475 435236008580
661 3613 -11070 435236002475 435236013545
662 710 -180 435236002475 435236002655
662 718 -210 435236002475 435236002685
662 726 -240 435236002475 435236002715
662 1312 -2430 435236002475 435236004905
663 711 -180 435236002475 435236002655
663 719 -210 435236002475 435236002685
663 727 -240 435236002475 435236002715
663 735 -270 435236002475 435236002745
663 757 -360 435236002475 435236002835
663 919 -960 435236002475 435236003435
663 1287 -2340 435236002475 435236004815
664 712 -180 435236002475 435236002655
664 720 -210 435236002475 435236002685
664 728 -240 435236002475 435236002715
664 3255 -9720 435236002475 435236012195
664 6153 -20595 435236002475 435236023070
665 729 -240 435236002490 435236002730
665 849 -690 435236002490 435236003180
666 714 -180 435236002490 435236002670
666 730 -240 435236002490 435236002730
666 786 -450 435236002490 435236002940
666 802 -510 435236002490 435236003000
666 1290 -2340 435236002490 435236004830
666 5498 -18120 435236002490 435236020610
667 731 -240 435236002490 435236002730
667 756 -330 435236002490 435236002820
667 764 -360 435236002490 435236002850
667 772 -390 435236002490 435236002880
668 732 -240 435236002490 435236002730
668 740 -270 435236002490 435236002760
668 924 -960 435236002490 435236003450
668 1576 -3405 435236002490 435236005895
668 1612 -3540 435236002490 435236006030
668 1755 -4080 435236002490 435236006570
668 2891 -8340 435236002490 435236010830
668 3851 -11940 435236002490 435236014430
668 3859 -11970 435236002490 435236014460
668 4827 -15600 435236002490 435236018090
668 5044 -16410 435236002490 435236018900
669 733 -240 435236002505 435236002745
669 741 -270 435236002505 435236002775
669 5716 -18915 435236002505 435236021420
669 6085 -20310 435236002505 435236022815
671 735 -240 435236002505 435236002745
671 749 -300 435236002505 435236002805
671 765 -360 435236002505 435236002865
672 736 -240 435236002505 435236002745
672 744 -270 435236002505 435236002775
672 752 -300 435236002505 435236002805
672 928 -960 435236002505 435236003465
672 936 -990 435236002505 435236003495
672 952 -1050 435236002505 435236003555
672 992 -1200 435236002505 435236003705
672 3072 -9000 435236002505 435236011505
673 737 -240 435236002520 435236002760
673 745 -270 435236002520 435236002790
673 2209 -5760 435236002520 435236008280
673 4129 -12960 435236002520 435236015480
673 4409 -14010 435236002520 435236016530
674 730 -210 435236002520 435236002730
674 967 -1095 435236002520 435236003615
674 986 -1170 435236002520 435236003690
674 2162 -5580 435236002520 435236008100
674 6279 -21015 435236002520 435236023535
675 731 -210 435236002520 435236002730
675 739 -240 435236002520 435236002760
675 740 -240 435236002520 435236002760
675 748 -270 435236002520 435236002790
675 756 -300 435236002520 435236002820
675 923 -930 435236002520 435236003450
675 948 -1020 435236002520 435236003540
675 1308 -2370 435236002520 435236004890
676 740 -240 435236002520 435236002760
676 748 -270 435236002520 435236002790
676 5044 -16380 435236002520 435236018900
677 741 -240 435236002535 435236002775
677 749 -270 435236002535 435236002805
677 4373 -13860 435236002535 435236016395
678 734 -210 435236002535 435236002745
678 6117 -20400 435236002535 435236022935
679 749 -270 435236002535 435236002805
679 773 -360 435236002535 435236002895
679 903 -840 435236002535 435236003375
679 956 -1035 435236002535 435236003570
679 957 -1050 435236002535 435236003585
679 1312 -2370 435236002535 435236004905
679 1727 -3930 435236002535 435236006465
679 2789 -7920 435236002535 435236010455
679 5495 -18060 435236002535 435236020595
680 736 -210 435236002535 435236002745
680 752 -270 435236002535 435236002805
680 760 -300 435236002535 435236002835
680 928 -930 435236002535 435236003465
680 936 -960 435236002535 435236003495
681 737 -210 435236002550 435236002760
681 745 -240 435236002550 435236002790
681 3369 -10080 435236002550 435236012630
682 986 -1140 435236002550 435236003690
682 6215 -20745 435236002550 435236023295
683 731 -180 435236002550 435236002730
683 748 -240 435236002550 435236002790
683 756 -270 435236002550 435236002820
683 956 -1020 435236002550 435236003570
684 748 -240 435236002550 435236002790
684 749 -255 435236002550 435236002805
684 756 -270 435236002550 435236002820
684 1005 -1215 435236002550 435236003765
684 1132 -1680 435236002550 435236004230
684 1632 -3555 435236002550 435236006105
684 3864 -11925 435236002550 435236014475
684 6271 -20955 435236002550 435236023505
685 741 -210 435236002565 435236002775
685 749 -240 435236002565 435236002805
685 941 -960 435236002565 435236003525
685 1001 -1185 435236002565 435236003750
686 806 -450 435236002565 435236003015
686 1734 -3930 435236002565 435236006495
686 3182 -9360 435236002565 435236011925
686 3323 -9885 435236002565 435236012450
686 5302 -17310 435236002565 435236019875
686 6117 -20370 435236002565 435236022935
686 6148 -20475 435236002565 435236023040
687 741 -210 435236002565 435236002775
687 751 -240 435236002565 435236002805
687 919 -870 435236002565 435236003435
687 943 -960 435236002565 435236003525
688 736 -180 435236002565 435236002745
688 744 -210 435236002565 435236002775
688 752 -240 435236002565 435236002805
688 944 -960 435236002565 435236003525
688 1491 -3015 435236002565 435236005580
688 1504 -3060 435236002565 435236005625
688 2083 -5235 435236002565 435236007800
688 5507 -18075 435236002565 435236020640
689 737 -180 435236002580 435236002760
689 745 -210 435236002580 435236002790
689 977 -1080 435236002580 435236003660
690 898 -780 435236002580 435236003360
690 6304 -21045 435236002580 435236023625
691 740 -180 435236002580 435236002760
691 931 -900 435236002580 435236003480
691 1491 -3000 435236002580 435236005580
692 748 -210 435236002580 435236002790
692 749 -225 435236002580 435236002805
692 756 -240 435236002580 435236002820
692 1636 -3540 435236002580 435236006120
693 757 -240 435236002595 435236002835
693 773 -300 435236002595 435236002895
693 949 -960 435236002595 435236003555
693 3525 -10620 435236002595 435236013215
695 741 -180 435236002595 435236002775
695 951 -960 435236002595 435236003555
696 744 -180 435236002595 435236002775
696 752 -210 435236002595 435236002805
696 760 -240 435236002595 435236002835
696 936 -900 435236002595 435236003495
696 1496 -3000 435236002595 435236005595
697 761 -240 435236002610 435236002850
697 801 -390 435236002610 435236003000
697 953 -960 435236002610 435236003570
699 763 -240 435236002610 435236002850
699 776 -285 435236002610 435236002895
699 891 -720 435236002610 435236003330
699 916 -810 435236002610 435236003420
699 923 -840 435236002610 435236003450
699 931 -870 435236002610 435236003480
699 963 -990 435236002610 435236003600
699 1499 -3000 435236002610 435236005610
699 1507 -3030 435236002610 435236005640
699 1627 -3480 435236002610 435236006090
699 3859 -11850 435236002610 435236014460
699 4971 -16020 435236002610 435236018630
700 748 -180 435236002610 435236002790
700 756 -210 435236002610 435236002820
700 764 -240 435236002610 435236002850
700 772 -270 435236002610 435236002880
700 780 -300 435236002610 435236002910
700 1132 -1620 435236002610 435236004230
700 6307 -21030 435236002610 435236023640
701 749 -180 435236002625 435236002805
701 757 -210 435236002625 435236002835
701 765 -240 435236002625 435236002865
701 965 -990 435236002625 435236003615
701 989 -1080 435236002625 435236003705
701 6340 -21135 435236002625 435236023760
703 831 -480 435236002625 435236003105
703 1511 -3030 435236002625 435236005655
703 1619 -3435 435236002625 435236006060
703 1627 -3465 435236002625 435236006090
704 752 -180 435236002625 435236002805
704 768 -240 435236002625 435236002865
704 928 -840 435236002625 435236003465
704 960 -960 435236002625 435236003585
704 2920 -8310 435236002625 435236010935
705 4409 -13890 435236002640 435236016530
707 763 -210 435236002640 435236002850
707 771 -240 435236002640 435236002880
707 899 -720 435236002640 435236003360
707 1507 -3000 435236002640 435236005640
707 1627 -3450 435236002640 435236006090
707 3859 -11820 435236002640 435236014460
708 764 -210 435236002640 435236002850
708 772 -240 435236002640 435236002880
708 6271 -20865 435236002640 435236023505
709 781 -270 435236002655 435236002925
709 1331 -2325 435236002655 435236004980
709 1339 -2355 435236002655 435236005010
709 1632 -3450 435236002655 435236006105
709 2383 -6270 435236002655 435236008925
711 1301 -2220 435236002655 435236004875
711 1309 -2250 435236002655 435236004905
711 2039 -4980 435236002655 435236007635
711 5023 -16170 435236002655 435236018825
711 5647 -18510 435236002655 435236021165
712 3632 -10950 435236002655 435236013605
712 5675 -18615 435236002655 435236021270
713 1290 -2160 435236002670 435236004830
713 1299 -2190 435236002670 435236004860
713 2418 -6390 435236002670 435236009060
714 818 -390 435236002670 435236003060
714 4639 -14715 435236002670 435236017385
714 5174 -16725 435236002670 435236019395
715 907 -720 435236002670 435236003390
715 931 -810 435236002670 435236003480
715 1523 -3030 435236002670 435236005700
716 772 -210 435236002670 435236002880
716 780 -240 435236002670 435236002910
716 788 -270 435236002670 435236002940
716 1644 -3480 435236002670 435236006150
716 3960 -12165 435236002670 435236014835
716 5515 -18000 435236002670 435236020670
717 781 -240 435236002685 435236002925
717 973 -960 435236002685 435236003645
717 5238 -16950 435236002685 435236019635
719 765 -180 435236002685 435236002865
719 791 -270 435236002685 435236002955
719 1301 -2190 435236002685 435236004875
719 1317 -2250 435236002685 435236004935
719 1738 -3825 435236002685 435236006510
720 773 -210 435236002685 435236002895
720 1528 -3030 435236002685 435236005715
720 3832 -11670 435236002685 435236014355
720 6125 -20280 435236002685 435236022965
721 1299 -2160 435236002700 435236004860
721 1640 -3435 435236002700 435236006135
721 4811 -15330 435236002700 435236018030
721 4922 -15750 435236002700 435236018450
722 794 -270 435236002700 435236002970
722 1227 -1890 435236002700 435236004590
722 1738 -3810 435236002700 435236006510
722 1762 -3900 435236002700 435236006600
722 1794 -4020 435236002700 435236006720
722 1943 -4575 435236002700 435236007275
722 5546 -18090 435236002700 435236020790
722 5551 -18105 435236002700 435236020805
724 796 -270 435236002700 435236002970
726 1061 -1260 435236002715 435236003975
726 4118 -12720 435236002715 435236015435
727 799 -270 435236002715 435236002985
728 1320 -2220 435236002715 435236004935
728 1536 -3030 435236002715 435236005745
728 4544 -14310 435236002715 435236017025
729 785 -210 435236002730 435236002940
729 801 -270 435236002730 435236003000
729 849 -450 435236002730 435236003180
729 1369 -2400 435236002730 435236005130
729 2777 -7680 435236002730 435236010410
729 3033 -8640 435236002730 435236011370
729 5041 -16170 435236002730 435236018900
732 916 -690 435236002730 435236003420
732 963 -870 435236002730 435236003600
732 988 -960 435236002730 435236003690
732 3864 -11745 435236002730 435236014475
733 925 -720 435236002745 435236003465
733 981 -930 435236002745 435236003675
733 989 -960 435236002745 435236003705
733 1673 -3525 435236002745 435236006270
733 5636 -18375 435236002745 435236021120
733 5640 -18390 435236002745 435236021135
733 5663 -18480 435236002745 435236021225
733 5967 -19620 435236002745 435236022365
733 5975 -19650 435236002745 435236022395
734 1286 -2070 435236002745 435236004815
734 1294 -2100 435236002745 435236004845
735 2871 -8010 435236002745 435236010755
738 1305 -2130 435236002760 435236004890
738 2478 -6525 435236002760 435236009285
738 3762 -11340 435236002760 435236014100
738 6229 -20595 435236002760 435236023355
738 6316 -20910 435236002760 435236023670
740 964 -840 435236002760 435236003600
740 996 -960 435236002760 435236003720
740 1005 -1005 435236002760 435236003765
740 2908 -8130 435236002760 435236010890
740 6263 -20715 435236002760 435236023475
741 1295 -2070 435236002775 435236004845
741 4989 -15930 435236002775 435236018705
741 6267 -20715 435236002775 435236023490
742 2998 -8460 435236002775 435236011235
742 3813 -11520 435236002775 435236014295
742 5414 -17520 435236002775 435236020295
744 944 -750 435236002775 435236003525
744 1504 -2850 435236002775 435236005625
744 5035 -16095 435236002775 435236018870
745 3129 -8940 435236002790 435236011730
746 818 -270 435236002790 435236003060
746 938 -720 435236002790 435236003510
746 1006 -975 435236002790 435236003765
746 4522 -14160 435236002790 435236016950
747 796 -180 435236002790 435236002970
747 1316 -2130 435236002790 435236004920
747 3500 -10320 435236002790 435236013110
748 908 -600 435236002790 435236003390
748 948 -750 435236002790 435236003540
748 964 -810 435236002790 435236003600
748 996 -930 435236002790 435236003720
748 1005 -975 435236002790 435236003765
749 1001 -945 435236002805 435236003750
750 1286 -2010 435236002805 435236004815
750 1294 -2040 435236002805 435236004845
750 2224 -5520 435236002805 435236008325
750 2566 -6810 435236002805 435236009615
751 805 -210 435236002805 435236003015
753 969 -810 435236002820 435236003630
753 2577 -6840 435236002820 435236009660
753 3129 -8910 435236002820 435236011730
753 3161 -9030 435236002820 435236011850
753 3641 -10830 435236002820 435236013650
753 4409 -13710 435236002820 435236016530
754 1794 -3900 435236002820 435236006720
754 2050 -4860 435236002820 435236007680
754 4530 -14160 435236002820 435236016980
754 5426 -17520 435236002820 435236020340
754 6253 -20625 435236002820 435236023445
754 6294 -20775 435236002820 435236023595
755 804 -180 435236002820 435236003000
755 3355 -9750 435236002820 435236012570
755 3484 -10230 435236002820 435236013050
756 948 -720 435236002820 435236003540
757 957 -750 435236002835 435236003585
757 2173 -5310 435236002835 435236008145
757 3941 -11940 435236002835 435236014775
758 1010 -945 435236002835 435236003780
758 1286 -1980 435236002835 435236004815
758 1294 -2010 435236002835 435236004845
758 1710 -3570 435236002835 435236006405
759 1292 -1995 435236002835 435236004830
759 1301 -2040 435236002835 435236004875
759 2055 -4860 435236002835 435236007695
759 3997 -12150 435236002835 435236014985
760 1304 -2040 435236002835 435236004875
760 3480 -10200 435236002835 435236013035
760 3520 -10350 435236002835 435236013185
761 2407 -6165 435236002850 435236009015
761 3169 -9030 435236002850 435236011880
761 3994 -12120 435236002850 435236014970
762 2050 -4830 435236002850 435236007680
762 2058 -4860 435236002850 435236007710
762 3214 -9195 435236002850 435236012045
762 4812 -15180 435236002850 435236018030
762 6114 -20070 435236002850 435236022920
763 1292 -1980 435236002850 435236004830
763 2059 -4860 435236002850 435236007710
763 4547 -14190 435236002850 435236017040
766 1286 -1950 435236002865 435236004815
766 4550 -14190 435236002865 435236017055
767 1127 -1350 435236002865 435236004215
767 1259 -1845 435236002865 435236004710
767 1263 -1860 435236002865 435236004725
767 1267 -1875 435236002865 435236004740
767 1284 -1935 435236002865 435236004800
767 1285 -1950 435236002865 435236004815
767 1877 -4170 435236002865 435236007035
767 2063 -4860 435236002865 435236007725
767 3557 -10470 435236002865 435236013335
767 3959 -11970 435236002865 435236014835
767 3981 -12060 435236002865 435236014925
767 4573 -14280 435236002865 435236017145
768 963 -735 435236002865 435236003600
768 4983 -15810 435236002865 435236018675
768 6072 -19890 435236002865 435236022755
769 969 -750 435236002880 435236003630
769 2050 -4800 435236002880 435236007680
769 2561 -6720 435236002880 435236009600
769 3137 -8880 435236002880 435236011760
769 3201 -9120 435236002880 435236012000
770 1250 -1800 435236002880 435236004680
770 1266 -1860 435236002880 435236004740
770 3221 -9195 435236002880 435236012075
770 4786 -15060 435236002880 435236017940
770 5567 -17985 435236002880 435236020865
771 964 -720 435236002880 435236003600
771 1284 -1920 435236002880 435236004800
771 4555 -14190 435236002880 435236017070
772 1005 -885 435236002880 435236003765
773 903 -480 435236002895 435236003375
773 949 -660 435236002895 435236003555
773 1141 -1380 435236002895 435236004275
773 2302 -5730 435236002895 435236008625
773 2949 -8160 435236002895 435236011055
773 3135 -8850 435236002895 435236011745
773 3143 -8880 435236002895 435236011775
773 3831 -11460 435236002895 435236014355
773 4036 -12225 435236002895 435236015120
773 4997 -15840 435236002895 435236018735
773 5474 -17625 435236002895 435236020520
773 5564 -17955 435236002895 435236020850
773 6023 -19680 435236002895 435236022575
773 6356 -20925 435236002895 435236023820
774 1270 -1860 435236002895 435236004755
774 1286 -1920 435236002895 435236004815
774 1822 -3930 435236002895 435236006825
774 4793 -15075 435236002895 435236017970
774 5590 -18060 435236002895 435236020955
775 837 -240 435236002895 435236003135
775 1271 -1860 435236002895 435236004755
775 3548 -10395 435236002895 435236013290
775 3967 -11970 435236002895 435236014865
775 3983 -12030 435236002895 435236014925
776 963 -705 435236002895 435236003600
776 1376 -2250 435236002895 435236005145
776 4560 -14190 435236002895 435236017085
776 4795 -15075 435236002895 435236017970
777 1097 -1200 435236002910 435236004110
777 1281 -1890 435236002910 435236004800
777 1865 -4080 435236002910 435236006990
777 3161 -8940 435236002910 435236011850
777 4561 -14190 435236002910 435236017100
778 1202 -1590 435236002910 435236004500
778 1250 -1770 435236002910 435236004680
778 6405 -21105 435236002910 435236024015
779 844 -240 435236002910 435236003150
779 868 -330 435236002910 435236003240
780 1384 -2265 435236002910 435236005175
780 2227 -5430 435236002910 435236008340
780 3115 -8760 435236002910 435236011670
780 3123 -8790 435236002910 435236011700
780 4980 -15750 435236002910 435236018660
780 5479 -17625 435236002910 435236020535
780 6255 -20535 435236002910 435236023445
781 3165 -8940 435236002925 435236011865
781 5717 -18510 435236002925 435236021435
782 1238 -1710 435236002925 435236004635
782 1262 -1800 435236002925 435236004725
782 5574 -17970 435236002925 435236020895
782 5614 -18120 435236002925 435236021045
783 3967 -11940 435236002925 435236014865
784 904 -450 435236002925 435236003375
784 1272 -1830 435236002925 435236004755
784 1280 -1860 435236002925 435236004785
784 4197 -12810 435236002925 435236015735
784 4560 -14160 435236002925 435236017085
785 1281 -1860 435236002940 435236004800
785 1827 -3900 435236002940 435236006840
785 1873 -4080 435236002940 435236007020
785 4569 -14190 435236002940 435236017130
785 4577 -14220 435236002940 435236017160
785 5169 -16440 435236002940 435236019380
785 5705 -18450 435236002940 435236021390
786 1154 -1380 435236002940 435236004320
786 1202 -1560 435236002940 435236004500
786 3994 -12030 435236002940 435236014970
787 868 -300 435236002940 435236003240
787 884 -360 435236002940 435236003300
787 900 -420 435236002940 435236003360
787 908 -450 435236002940 435236003390
787 3875 -11580 435236002940 435236014520
788 1271 -1815 435236002940 435236004755
788 1840 -3945 435236002940 435236006885
788 2269 -5565 435236002940 435236008505
788 2756 -7380 435236002940 435236010320
788 3508 -10200 435236002940 435236013140
788 4564 -14160 435236002940 435236017100
788 5501 -17685 435236002940 435236020625
789 2084 -4845 435236002955 435236007800
789 4554 -14115 435236002955 435236017070
789 4573 -14190 435236002955 435236017145
790 1223 -1620 435236002955 435236004575
790 1256 -1740 435236002955 435236004695
790 1262 -1770 435236002955 435236004725
790 1269 -1800 435236002955 435236004755
790 1276 -1815 435236002955 435236004770
790 1827 -3885 435236002955 435236006840
790 1830 -3900 435236002955 435236006855
791 871 -300 435236002955 435236003255
792 840 -180 435236002955 435236003135
792 864 -270 435236002955 435236003225
792 868 -285 435236002955 435236003240
793 841 -180 435236002970 435236003150
793 857 -240 435236002970 435236003210
793 1256 -1725 435236002970 435236004695
793 1259 -1740 435236002970 435236004710
793 1260 -1740 435236002970 435236004710
793 1264 -1755 435236002970 435236004725
793 1281 -1830 435236002970 435236004800
793 1289 -1860 435236002970 435236004830
793 2058 -4740 435236002970 435236007710
793 2985 -8220 435236002970 435236011190
793 5201 -16530 435236002970 435236019500
793 5209 -16560 435236002970 435236019530
793 5737 -18540 435236002970 435236021510
794 898 -390 435236002970 435236003360
794 4498 -13890 435236002970 435236016860
795 844 -180 435236002970 435236003150
795 851 -210 435236002970 435236003180
795 868 -270 435236002970 435236003240
796 916 -450 435236002970 435236003420
797 2773 -7410 435236002985 435236010395
797 3360 -9600 435236002985 435236012585
797 5725 -18480 435236002985 435236021465
797 6085 -19830 435236002985 435236022815
798 1239 -1650 435236002985 435236004635
799 845 -180 435236002985 435236003165
799 847 -180 435236002985 435236003165
799 884 -315 435236002985 435236003300
800 856 -210 435236002985 435236003195
800 864 -240 435236002985 435236003225
800 880 -300 435236002985 435236003285
800 904 -390 435236002985 435236003375
801 849 -180 435236003000 435236003180
801 2977 -8160 435236003000 435236011160
801 3057 -8460 435236003000 435236011460
802 938 -510 435236003000 435236003510
802 1006 -765 435236003000 435236003765
802 5026 -15840 435236003000 435236018840
802 6231 -20355 435236003000 435236023355
803 851 -180 435236003000 435236003180
803 852 -180 435236003000 435236003180
803 856 -195 435236003000 435236003195
803 860 -210 435236003000 435236003210
803 867 -240 435236003000 435236003240
803 868 -240 435236003000 435236003240
803 875 -270 435236003000 435236003270
803 876 -270 435236003000 435236003270
803 883 -300 435236003000 435236003300
803 884 -300 435236003000 435236003300
803 1144 -1275 435236003000 435236004275
803 3915 -11670 435236003000 435236014670
804 860 -210 435236003000 435236003210
804 868 -240 435236003000 435236003240
805 2151 -5040 435236003015 435236008055
805 3501 -10110 435236003015 435236013125
806 1277 -1770 435236003015 435236004785
807 863 -210 435236003015 435236003225
808 872 -240 435236003015 435236003255
808 880 -270 435236003015 435236003285
808 1112 -1140 435236003015 435236004155
809 1369 -2100 435236003030 435236005130
809 4345 -13260 435236003030 435236016290
809 4849 -15150 435236003030 435236018180
810 865 -210 435236003030 435236003240
810 1138 -1230 435236003030 435236004260
810 1154 -1290 435236003030 435236004320
810 1162 -1320 435236003030 435236004350
810 1170 -1350 435236003030 435236004380
810 1786 -3660 435236003030 435236006690
810 2602 -6720 435236003030 435236009750
810 4218 -12780 435236003030 435236015810
811 860 -180 435236003030 435236003210
811 868 -210 435236003030 435236003240
811 875 -240 435236003030 435236003270
811 884 -270 435236003030 435236003300
811 1116 -1140 435236003030 435236004170
811 1144 -1245 435236003030 435236004275
811 1195 -1440 435236003030 435236004470
811 3419 -9780 435236003030 435236012810
812 860 -180 435236003030 435236003210
812 868 -210 435236003030 435236003240
812 1224 -1545 435236003030 435236004575
812 4844 -15120 435236003030 435236018150
813 4341 -13230 435236003045 435236016275
813 6164 -20055 435236003045 435236023100
814 2454 -6150 435236003045 435236009195
814 6438 -21090 435236003045 435236024135
815 877 -240 435236003045 435236003285
815 1279 -1740 435236003045 435236004785
815 5045 -15870 435236003045 435236018915
816 864 -180 435236003045 435236003225
816 872 -210 435236003045 435236003255
816 880 -240 435236003045 435236003285
816 888 -270 435236003045 435236003315
816 904 -330 435236003045 435236003375
816 1152 -1260 435236003045 435236004305
817 1249 -1620 435236003060 435236004680
817 2793 -7410 435236003060 435236010470
817 2881 -7740 435236003060 435236010800
817 4841 -15090 435236003060 435236018150
818 3138 -8700 435236003060 435236011760
818 3610 -10470 435236003060 435236013530
819 868 -180 435236003060 435236003240
819 875 -210 435236003060 435236003270
819 876 -210 435236003060 435236003270
819 883 -240 435236003060 435236003300
819 884 -240 435236003060 435236003300
819 891 -270 435236003060 435236003330
819 1144 -1215 435236003060 435236004275
819 1152 -1245 435236003060 435236004305
819 1219 -1500 435236003060 435236004560
819 3419 -9750 435236003060 435236012810
819 3784 -11115 435236003060 435236014175
819 3827 -11280 435236003060 435236014340
819 5252 -16620 435236003060 435236019680
820 868 -180 435236003060 435236003240
821 885 -240 435236003075 435236003315
821 5045 -15840 435236003075 435236018915
822 886 -240 435236003075 435236003315
822 905 -315 435236003075 435236003390
822 1223 -1500 435236003075 435236004575
822 2450 -6105 435236003075 435236009180
823 869 -180 435236003075 435236003255
823 1871 -3930 435236003075 435236007005
823 2151 -4980 435236003075 435236008055
824 872 -180 435236003075 435236003255
824 880 -210 435236003075 435236003285
824 888 -240 435236003075 435236003315
824 896 -270 435236003075 435236003345
824 952 -480 435236003075 435236003555
824 1152 -1230 435236003075 435236004305
824 1184 -1350 435236003075 435236004425
825 2025 -4500 435236003090 435236007590
825 2881 -7710 435236003090 435236010800
825 4473 -13680 435236003090 435236016770
826 5426 -17250 435236003090 435236020340
826 5557 -17745 435236003090 435236020835
826 5630 -18015 435236003090 435236021105
827 876 -180 435236003090 435236003270
827 1515 -2580 435236003090 435236005670
829 877 -180 435236003105 435236003285
829 884 -195 435236003105 435236003300
829 885 -210 435236003105 435236003315
829 5045 -15810 435236003105 435236018915
830 1024 -720 435236003105 435236003825
830 1790 -3600 435236003105 435236006705
830 5633 -18015 435236003105 435236021120
830 6190 -20100 435236003105 435236023205
830 6246 -20310 435236003105 435236023415
831 879 -180 435236003105 435236003285
831 1127 -1110 435236003105 435236004215
831 3975 -11790 435236003105 435236014895
831 5021 -15720 435236003105 435236018825
832 880 -180 435236003105 435236003285
832 888 -210 435236003105 435236003315
832 896 -240 435236003105 435236003345
832 920 -330 435236003105 435236003435
833 914 -300 435236003120 435236003420
834 898 -240 435236003120 435236003360
834 2146 -4920 435236003120 435236008040
834 5954 -19200 435236003120 435236022320
836 1795 -3600 435236003120 435236006720
836 3931 -11610 435236003120 435236014730
837 884 -165 435236003135 435236003300
837 885 -180 435236003135 435236003315
837 2047 -4530 435236003135 435236007665
838 1222 -1440 435236003135 435236004575
838 5574 -17760 435236003135 435236020895
838 5598 -17850 435236003135 435236020985
839 1143 -1140 435236003135 435236004275
839 4015 -11910 435236003135 435236015045
839 5418 -17175 435236003135 435236020310
839 5668 -18105 435236003135 435236021240
839 5962 -19215 435236003135 435236022350
842 953 -420 435236003150 435236003570
842 4914 -15270 435236003150 435236018420
843 980 -510 435236003150 435236003660
846 1158 -1170 435236003165 435236004335
846 1206 -1350 435236003165 435236004515
846 5879 -18870 435236003165 435236022035
847 901 -210 435236003165 435236003375
847 957 -420 435236003165 435236003585
847 5466 -17325 435236003165 435236020490
847 5487 -17400 435236003165 435236020565
847 5564 -17685 435236003165 435236020850
848 968 -450 435236003165 435236003615
848 1940 -4095 435236003165 435236007260
848 2303 -5460 435236003165 435236008625
848 2307 -5475 435236003165 435236008640
848 2312 -5490 435236003165 435236008655
848 2323 -5535 435236003165 435236008700
849 1169 -1200 435236003180 435236004380
849 3001 -8070 435236003180 435236011250
850 1178 -1230 435236003180 435236004410
850 4034 -11940 435236003180 435236015120
851 908 -210 435236003180 435236003390
852 1936 -4065 435236003180 435236007245
855 901 -180 435236003195 435236003375
855 903 -180 435236003195 435236003375
855 957 -390 435236003195 435236003585
855 1197 -1290 435236003195 435236004485
855 4487 -13620 435236003195 435236016815
855 5461 -17280 435236003195 435236020475
855 6019 -19365 435236003195 435236022560
855 6303 -20430 435236003195 435236023625
857 1177 -1200 435236003210 435236004410
858 1146 -1080 435236003210 435236004290
858 1193 -1260 435236003210 435236004470
858 3627 -10380 435236003210 435236013590
858 6311 -20445 435236003210 435236023655
859 6312 -20445 435236003210 435236023655
861 5021 -15600 435236003225 435236018825
862 910 -180 435236003225 435236003405
862 1158 -1110 435236003225 435236004335
862 1166 -1140 435236003225 435236004365
862 1174 -1170 435236003225 435236004395
862 1182 -1200 435236003225 435236004425
862 1190 -1230 435236003225 435236004455
863 909 -180 435236003225 435236003405
864 912 -180 435236003225 435236003405
865 913 -180 435236003240 435236003420
865 1161 -1110 435236003240 435236004350
865 1177 -1170 435236003240 435236004410
865 1209 -1290 435236003240 435236004530
866 1178 -1170 435236003240 435236004410
866 1185 -1200 435236003240 435236004440
866 1193 -1230 435236003240 435236004470
869 3197 -8730 435236003255 435236011985
870 1166 -1110 435236003255 435236004365
870 1174 -1140 435236003255 435236004395
870 1182 -1170 435236003255 435236004425
870 4006 -11760 435236003255 435236015015
871 2799 -7230 435236003255 435236010485
872 928 -210 435236003255 435236003465
873 1169 -1110 435236003270 435236004380
873 1209 -1260 435236003270 435236004530
873 1217 -1290 435236003270 435236004560
874 1177 -1140 435236003270 435236004410
874 1185 -1170 435236003270 435236004440
874 4610 -14010 435236003270 435236017280
874 4618 -14040 435236003270 435236017310
875 3419 -9540 435236003270 435236012810
878 1166 -1080 435236003285 435236004365
878 1174 -1110 435236003285 435236004395
878 4038 -11850 435236003285 435236015135
879 4807 -14730 435236003285 435236018015
879 5935 -18960 435236003285 435236022245
879 6439 -20850 435236003285 435236024135
880 928 -180 435236003285 435236003465
880 1176 -1110 435236003285 435236004395
881 4009 -11730 435236003300 435236015030
881 4473 -13470 435236003300 435236016770
881 4505 -13590 435236003300 435236016890
882 3986 -11640 435236003300 435236014940
883 931 -180 435236003300 435236003480
883 1539 -2460 435236003300 435236005760
883 1547 -2490 435236003300 435236005790
883 3187 -8640 435236003300 435236011940
883 3507 -9840 435236003300 435236013140
883 6167 -19815 435236003300 435236023115
886 1166 -1050 435236003315 435236004365
886 1174 -1080 435236003315 435236004395
886 4038 -11820 435236003315 435236015135
887 1119 -870 435236003315 435236004185
887 1127 -900 435236003315 435236004215
887 3944 -11460 435236003315 435236014775
888 6200 -19920 435236003315 435236023235
889 1209 -1200 435236003330 435236004530
889 1233 -1290 435236003330 435236004620
889 4489 -13500 435236003330 435236016830
889 4529 -13650 435236003330 435236016980
890 1173 -1065 435236003330 435236004395
890 2898 -7530 435236003330 435236010860
891 939 -180 435236003330 435236003510
891 947 -210 435236003330 435236003540
891 955 -240 435236003330 435236003570
891 2935 -7665 435236003330 435236010995
891 4971 -15300 435236003330 435236018630
891 5219 -16230 435236003330 435236019560
894 1158 -990 435236003345 435236004335
894 1174 -1050 435236003345 435236004395
895 943 -180 435236003345 435236003525
895 959 -240 435236003345 435236003585
895 2799 -7140 435236003345 435236010485
895 2887 -7470 435236003345 435236010815
895 3855 -11100 435236003345 435236014445
895 4463 -13380 435236003345 435236016725
895 4471 -13410 435236003345 435236016755
896 944 -180 435236003345 435236003525
896 5507 -17295 435236003345 435236020640
897 1217 -1200 435236003360 435236004560
897 1225 -1230 435236003360 435236004590
897 4009 -11670 435236003360 435236015030
897 4489 -13470 435236003360 435236016830
897 4497 -13500 435236003360 435236016860
897 4537 -13650 435236003360 435236017010
897 6425 -20730 435236003360 435236024090
898 3050 -8070 435236003360 435236011430
898 4618 -13950 435236003360 435236017310
898 5962 -18990 435236003360 435236022350
899 955 -210 435236003360 435236003570
899 963 -240 435236003360 435236003600
899 5195 -16110 435236003360 435236019470
899 5663 -17865 435236003360 435236021225
900 1151 -945 435236003360 435236004305
901 949 -180 435236003375 435236003555
901 957 -210 435236003375 435236003585
901 4477 -13410 435236003375 435236016785
901 5487 -17190 435236003375 435236020565
901 5556 -17445 435236003375 435236020820
901 6091 -19455 435236003375 435236022830
902 2542 -6150 435236003375 435236009525
902 4006 -11640 435236003375 435236015015
903 967 -240 435236003375 435236003615
903 1157 -960 435236003375 435236004335
903 2791 -7080 435236003375 435236010455
903 3143 -8400 435236003375 435236011775
903 4997 -15360 435236003375 435236018735
903 5474 -17145 435236003375 435236020520
903 5479 -17160 435236003375 435236020535
904 1080 -660 435236003375 435236004035
904 3552 -9930 435236003375 435236013305
904 3560 -9960 435236003375 435236013335
905 953 -180 435236003390 435236003570
905 969 -240 435236003390 435236003630
905 1193 -1080 435236003390 435236004470
905 1201 -1110 435236003390 435236004500
905 4041 -11760 435236003390 435236015150
905 4049 -11790 435236003390 435236015180
905 4489 -13440 435236003390 435236016830
906 954 -180 435236003390 435236003570
906 1098 -720 435236003390 435236004110
906 1145 -900 435236003390 435236004290
906 2842 -7260 435236003390 435236010650
906 3058 -8070 435236003390 435236011460
906 3066 -8100 435236003390 435236011490
907 972 -240 435236003390 435236003630
907 1668 -2850 435236003390 435236006240
907 6263 -20085 435236003390 435236023475
908 956 -180 435236003390 435236003570
908 964 -210 435236003390 435236003600
908 1312 -1515 435236003390 435236004905
909 957 -180 435236003405 435236003585
909 973 -240 435236003405 435236003645
909 1197 -1080 435236003405 435236004485
909 4007 -11610 435236003405 435236015015
909 5007 -15360 435236003405 435236018765
910 4006 -11610 435236003405 435236015015
910 4038 -11730 435236003405 435236015135
910 4046 -11760 435236003405 435236015165
911 959 -180 435236003405 435236003585
911 965 -210 435236003405 435236003615
911 973 -240 435236003405 435236003645
912 4027 -11685 435236003405 435236015090
912 4344 -12870 435236003405 435236016275
912 4480 -13380 435236003405 435236016785
912 5216 -16140 435236003405 435236019545
912 6312 -20250 435236003405 435236023655
913 969 -210 435236003420 435236003630
913 3537 -9840 435236003420 435236013260
914 962 -180 435236003420 435236003600
914 970 -210 435236003420 435236003630
914 985 -270 435236003420 435236003690
914 1085 -645 435236003420 435236004065
914 1106 -720 435236003420 435236004140
914 1341 -1605 435236003420 435236005025
914 2546 -6120 435236003420 435236009540
914 5970 -18960 435236003420 435236022380
914 6010 -19110 435236003420 435236022530
915 972 -210 435236003420 435236003630
916 980 -240 435236003420 435236003660
917 973 -210 435236003435 435236003645
917 981 -240 435236003435 435236003675
917 989 -270 435236003435 435236003705
918 966 -180 435236003435 435236003615
918 4006 -11580 435236003435 435236015015
918 4014 -11610 435236003435 435236015045
918 4038 -11700 435236003435 435236015135
920 3563 -9915 435236003435 435236013350
920 4307 -12705 435236003435 435236016140
921 977 -210 435236003450 435236003660
921 2537 -6060 435236003450 435236009510
921 2545 -6090 435236003450 435236009540
921 2561 -6150 435236003450 435236009600
921 3081 -8100 435236003450 435236011550
922 970 -180 435236003450 435236003630
922 1129 -780 435236003450 435236004230
922 5914 -18720 435236003450 435236022170
924 988 -240 435236003450 435236003690
925 981 -210 435236003465 435236003675
926 974 -180 435236003465 435236003645
926 1118 -720 435236003465 435236004185
927 973 -180 435236003465 435236003645
927 983 -210 435236003465 435236003675
927 1009 -315 435236003465 435236003780
928 3150 -8340 435236003465 435236011805
928 5531 -17265 435236003465 435236020730
929 2545 -6060 435236003480 435236009540
929 2561 -6120 435236003480 435236009600
929 2569 -6150 435236003480 435236009630
930 998 -255 435236003480 435236003735
930 1145 -810 435236003480 435236004290
930 1498 -2130 435236003480 435236005610
930 3122 -8220 435236003480 435236011700
931 1005 -285 435236003480 435236003765
931 1115 -690 435236003480 435236004170
931 2915 -7440 435236003480 435236010920
931 6111 -19425 435236003480 435236022905
931 6255 -19965 435236003480 435236023445
931 6263 -19995 435236003480 435236023475
932 988 -210 435236003480 435236003690
932 6263 -19995 435236003480 435236023475
933 981 -180 435236003495 435236003675
933 997 -240 435236003495 435236003735
933 1009 -285 435236003495 435236003780
933 1119 -690 435236003495 435236004185
934 1096 -600 435236003495 435236004095
934 1110 -660 435236003495 435236004155
935 1101 -630 435236003495 435236004125
936 6027 -19095 435236003495 435236022590
937 1114 -660 435236003510 435236004170
937 2561 -6090 435236003510 435236009600
937 2569 -6120 435236003510 435236009630
938 1006 -255 435236003510 435236003765
938 1098 -600 435236003510 435236004110
938 1125 -705 435236003510 435236004215
938 2245 -4905 435236003510 435236008415
938 2253 -4935 435236003510 435236008445
938 2911 -7395 435236003510 435236010905
938 2994 -7710 435236003510 435236011220
938 3122 -8190 435236003510 435236011700
938 4059 -11700 435236003510 435236015210
938 4138 -12000 435236003510 435236015510
938 4450 -13170 435236003510 435236016680
938 5218 -16050 435236003510 435236019560
938 5266 -16230 435236003510 435236019740
938 6013 -19035 435236003510 435236022545
938 6034 -19110 435236003510 435236022620
938 6042 -19140 435236003510 435236022650
938 6111 -19395 435236003510 435236022905
938 6173 -19635 435236003510 435236023145
939 5240 -16125 435236003510 435236019635
940 1005 -255 435236003510 435236003765
940 1644 -2640 435236003510 435236006150
940 6263 -19965 435236003510 435236023475
941 1111 -630 435236003525 435236004155
942 990 -180 435236003525 435236003705
942 1094 -570 435236003525 435236004095
942 1110 -630 435236003525 435236004155
942 1126 -690 435236003525 435236004215
943 1009 -255 435236003525 435236003780
943 5519 -17160 435236003525 435236020685
943 6307 -20115 435236003525 435236023640
944 4156 -12045 435236003525 435236015570
944 4456 -13170 435236003525 435236016695
944 5499 -17085 435236003525 435236020610
944 5507 -17115 435236003525 435236020640
944 5556 -17295 435236003525 435236020820
945 2569 -6090 435236003540 435236009630
945 2577 -6120 435236003540 435236009660
945 3129 -8190 435236003540 435236011730
946 1006 -225 435236003540 435236003765
946 3828 -10800 435236003540 435236014340
946 5962 -18810 435236003540 435236022350
948 1275 -1230 435236003540 435236004770
948 1636 -2580 435236003540 435236006120
948 2208 -4725 435236003540 435236008265
949 2157 -4530 435236003555 435236008085
949 2181 -4620 435236003555 435236008175
949 5564 -17295 435236003555 435236020850
949 6126 -19410 435236003555 435236022965
950 1006 -210 435236003555 435236003765
950 1094 -540 435236003555 435236004095
950 1102 -570 435236003555 435236004125
951 2935 -7440 435236003555 435236010995
952 5368 -16560 435236003555 435236020115
953 2129 -4410 435236003570 435236007980
953 2553 -6000 435236003570 435236009570
953 2561 -6030 435236003570 435236009600
953 4441 -13080 435236003570 435236016650
953 4610 -13710 435236003570 435236017280
953 4618 -13740 435236003570 435236017310
954 1058 -390 435236003570 435236003960
954 1082 -480 435236003570 435236004050
954 1097 -540 435236003570 435236004110
954 1145 -720 435236003570 435236004290
956 2180 -4590 435236003570 435236008160
956 5479 -16965 435236003570 435236020535
956 6263 -19905 435236003570 435236023475
957 2157 -4500 435236003585 435236008085
957 4477 -13200 435236003585 435236016785
957 5576 -17310 435236003585 435236020895
957 6053 -19110 435236003585 435236022695
957 6298 -20025 435236003585 435236023610
958 1094 -510 435236003585 435236004095
958 1118 -600 435236003585 435236004185
958 1126 -630 435236003585 435236004215
958 1142 -690 435236003585 435236004275
958 5222 -15990 435236003585 435236019575
958 5230 -16020 435236003585 435236019605
959 1009 -195 435236003585 435236003780
961 1090 -480 435236003600 435236004080
961 1785 -3090 435236003600 435236006690
961 4097 -11760 435236003600 435236015360
962 1114 -570 435236003600 435236004170
963 1555 -2220 435236003600 435236005820
963 5506 -17040 435236003600 435236020640
963 5636 -17520 435236003600 435236021120
965 1009 -165 435236003615 435236003780
965 3045 -7800 435236003615 435236011415
966 1118 -570 435236003615 435236004185
967 1085 -450 435236003615 435236004065
967 2895 -7230 435236003615 435236010845
967 3175 -8280 435236003615 435236011895
967 5279 -16170 435236003615 435236019785
967 5396 -16605 435236003615 435236020220
967 6013 -18930 435236003615 435236022545
967 6071 -19140 435236003615 435236022755
967 6111 -19290 435236003615 435236022905
967 6164 -19485 435236003615 435236023100
968 3288 -8700 435236003615 435236012315
968 3296 -8730 435236003615 435236012345
968 3928 -11100 435236003615 435236014715
969 1081 -420 435236003630 435236004050
969 1089 -450 435236003630 435236004080
969 1105 -510 435236003630 435236004140
969 1113 -540 435236003630 435236004170
969 1121 -570 435236003630 435236004200
969 1249 -1050 435236003630 435236004680
969 1441 -1770 435236003630 435236005400
969 1473 -1890 435236003630 435236005520
969 1505 -2010 435236003630 435236005640
969 1753 -2940 435236003630 435236006570
969 1761 -2970 435236003630 435236006600
969 1785 -3060 435236003630 435236006690
969 1809 -3150 435236003630 435236006780
969 1817 -3180 435236003630 435236006810
969 1937 -3630 435236003630 435236007260
969 2241 -4770 435236003630 435236008400
969 2441 -5520 435236003630 435236009150
969 2449 -5550 435236003630 435236009180
969 2465 -5610 435236003630 435236009240
969 2641 -6270 435236003630 435236009900
969 2905 -7260 435236003630 435236010890
969 2961 -7470 435236003630 435236011100
969 3001 -7620 435236003630 435236011250
969 3129 -8100 435236003630 435236011730
969 4449 -13050 435236003630 435236016680
969 5065 -15360 435236003630 435236018990
969 5225 -15960 435236003630 435236019590
969 5233 -15990 435236003630 435236019620
969 6017 -18930 435236003630 435236022560
970 1098 -480 435236003630 435236004110
971 1013 -165 435236003630 435236003795
974 1086 -420 435236003645 435236004065
974 1090 -435 435236003645 435236004080
974 1118 -540 435236003645 435236004185
975 1077 -390 435236003645 435236004035
975 1085 -420 435236003645 435236004065
975 1939 -3615 435236003645 435236007260
976 1288 -1170 435236003645 435236004815
976 4027 -11445 435236003645 435236015090
977 1785 -3030 435236003660 435236006690
977 3001 -7590 435236003660 435236011250
977 3129 -8070 435236003660 435236011730
977 3553 -9660 435236003660 435236013320
977 5265 -16080 435236003660 435236019740
978 1076 -360 435236003660 435236004020
978 5299 -16200 435236003660 435236019860
978 6182 -19515 435236003660 435236023175
978 6230 -19695 435236003660 435236023355
979 5507 -16980 435236003660 435236020640
980 6263 -19815 435236003660 435236023475
982 5654 -17520 435236003675 435236021195
982 6260 -19785 435236003675 435236023460
982 6268 -19815 435236003675 435236023490
983 6257 -19785 435236003675 435236023460
984 5013 -15120 435236003675 435236018795
984 5671 -17580 435236003675 435236021255
985 3001 -7560 435236003690 435236011250
985 4081 -11610 435236003690 435236015300
985 6025 -18900 435236003690 435236022590
986 1068 -300 435236003690 435236003990
986 6157 -19395 435236003690 435236023085
987 6246 -19725 435236003690 435236023415
987 6254 -19755 435236003690 435236023445
987 6258 -19770 435236003690 435236023460
987 6262 -19785 435236003690 435236023475
988 6263 -19785 435236003690 435236023475
989 6267 -19785 435236003705 435236023490
990 1118 -480 435236003705 435236004185
990 6268 -19785 435236003705 435236023490
991 1061 -270 435236003705 435236003975
991 6249 -19725 435236003705 435236023430
991 6257 -19755 435236003705 435236023460
991 6262 -19770 435236003705 435236023475
992 2248 -4710 435236003705 435236008415
992 4423 -12870 435236003705 435236016575
992 6266 -19785 435236003705 435236023490
993 4409 -12810 435236003720 435236016530
993 6264 -19755 435236003720 435236023475
993 6272 -19785 435236003720 435236023505
994 1081 -330 435236003720 435236004050
994 5548 -17070 435236003720 435236020790
994 6261 -19755 435236003720 435236023475
994 6269 -19785 435236003720 435236023505
995 5580 -17190 435236003720 435236020910
995 6110 -19185 435236003720 435236022905
995 6254 -19725 435236003720 435236023445
995 6262 -19755 435236003720 435236023475
995 6270 -19785 435236003720 435236023505
995 6278 -19815 435236003720 435236023535
996 6263 -19755 435236003720 435236023475
996 6271 -19785 435236003720 435236023505
997 6263 -19740 435236003735 435236023475
997 6267 -19755 435236003735 435236023490
997 6275 -19785 435236003735 435236023520
998 1041 -165 435236003735 435236003900
998 1988 -3705 435236003735 435236007440
998 6264 -19740 435236003735 435236023475
998 6268 -19755 435236003735 435236023490
998 6272 -19770 435236003735 435236023505
998 6280 -19800 435236003735 435236023535
999 1060 -225 435236003735 435236003960
999 1061 -240 435236003735 435236003975
999 6249 -19695 435236003735 435236023430
999 6257 -19725 435236003735 435236023460
999 6262 -19740 435236003735 435236023475
999 6265 -19755 435236003735 435236023490
999 6278 -19800 435236003735 435236023535
1000 6266 -19755 435236003735 435236023490
1000 6270 -19770 435236003735 435236023505
1001 4424 -12825 435236003750 435236016575
1001 6259 -19710 435236003750 435236023460
1001 6267 -19740 435236003750 435236023490
1002 1055 -195 435236003750 435236003945
1002 1056 -195 435236003750 435236003945
1002 1944 -3525 435236003750 435236007275
1002 2327 -4965 435236003750 435236008715
1002 5717 -17685 435236003750 435236021435
1002 6260 -19710 435236003750 435236023460
1002 6268 -19740 435236003750 435236023490
1002 6269 -19755 435236003750 435236023505
1002 6276 -19770 435236003750 435236023520
1003 6114 -19170 435236003750 435236022920
1003 6118 -19185 435236003750 435236022935
1003 6257 -19710 435236003750 435236023460
1003 6265 -19740 435236003750 435236023490
1003 6273 -19770 435236003750 435236023520
1003 6281 -19800 435236003750 435236023550
1004 3597 -9735 435236003750 435236013485
1004 6258 -19710 435236003750 435236023460
1005 4264 -12210 435236003765 435236015975
1005 5571 -17115 435236003765 435236020880
1005 6263 -19710 435236003765 435236023475
1005 6271 -19740 435236003765 435236023505
1006 1054 -180 435236003765 435236003945
1006 1055 -180 435236003765 435236003945
1006 1848 -3150 435236003765 435236006915
1006 1852 -3165 435236003765 435236006930
1006 2746 -6525 435236003765 435236010290
1006 3651 -9915 435236003765 435236013680
1006 3661 -9960 435236003765 435236013725
1006 3667 -9975 435236003765 435236013740
1006 3782 -10410 435236003765 435236014175
1006 4424 -12810 435236003765 435236016575
1006 4784 -14160 435236003765 435236017925
1006 5077 -15270 435236003765 435236019035
1006 5143 -15510 435236003765 435236019275
1006 6119 -19170 435236003765 435236022935
1006 6123 -19185 435236003765 435236022950
1006 6136 -19230 435236003765 435236022995
1006 6256 -19680 435236003765 435236023445
1006 6264 -19710 435236003765 435236023475
1006 6268 -19725 435236003765 435236023490
1006 6272 -19740 435236003765 435236023505
1006 6288 -19800 435236003765 435236023565
1006 6296 -19830 435236003765 435236023595
1007 6190 -19440 435236003765 435236023205
1007 6229 -19590 435236003765 435236023355
1007 6245 -19650 435236003765 435236023415
1007 6261 -19710 435236003765 435236023475
1007 6269 -19740 435236003765 435236023505
1008 1053 -180 435236003765 435236003945
1008 1845 -3150 435236003765 435236006915
1008 6114 -19155 435236003765 435236022920
1008 6158 -19320 435236003765 435236023085
1008 6198 -19470 435236003765 435236023235
1008 6230 -19590 435236003765 435236023355
1008 6238 -19620 435236003765 435236023385
1008 6254 -19680 435236003765 435236023445
1008 6262 -19710 435236003765 435236023475
1008 6270 -19740 435236003765 435236023505
1008 6277 -19770 435236003765 435236023535
1008 6285 -19800 435236003765 435236023565
1008 6309 -19890 435236003765 435236023655
1009 6259 -19680 435236003780 435236023460
1009 6263 -19695 435236003780 435236023475
1009 6267 -19710 435236003780 435236023490
1009 6275 -19740 435236003780 435236023520
1010 6140 -19230 435236003780 435236023010
1010 6164 -19320 435236003780 435236023100
1010 6231 -19575 435236003780 435236023355
1010 6264 -19695 435236003780 435236023475
1010 6268 -19710 435236003780 435236023490
1010 6272 -19725 435236003780 435236023505
1011 1061 -195 435236003780 435236003975
1011 2322 -4920 435236003780 435236008700
1011 3789 -10425 435236003780 435236014205
1011 6106 -19110 435236003780 435236022890
1011 6182 -19395 435236003780 435236023175
1011 6249 -19650 435236003780 435236023430
1011 6254 -19665 435236003780 435236023445
1011 6257 -19680 435236003780 435236023460
1011 6265 -19710 435236003780 435236023490
1011 6270 -19725 435236003780 435236023505
1011 6285 -19785 435236003780 435236023565
1011 6349 -20025 435236003780 435236023805
1012 5658 -17430 435236003780 435236021210
1012 6258 -19680 435236003780 435236023460
1012 6266 -19710 435236003780 435236023490
1013 6250 -19635 435236003795 435236023430
1013 6258 -19665 435236003795 435236023460
1013 6263 -19680 435236003795 435236023475
1014 4215 -12000 435236003795 435236015795
1014 6227 -19545 435236003795 435236023340
1014 6248 -19620 435236003795 435236023415
1014 6251 -19635 435236003795 435236023430
1014 6259 -19665 435236003795 435236023460
1014 6264 -19680 435236003795 435236023475
1014 6280 -19740 435236003795 435236023535
1014 6296 -19800 435236003795 435236023595
1015 6149 -19260 435236003795 435236023055
1015 6252 -19635 435236003795 435236023430
1015 6260 -19665 435236003795 435236023460
1016 1060 -165 435236003795 435236003960
1016 1061 -180 435236003795 435236003975
1016 1069 -210 435236003795 435236004005
1016 1364 -1305 435236003795 435236005100
1016 5162 -15555 435236003795 435236019350
1016 5502 -16830 435236003795 435236020625
1016 6114 -19125 435236003795 435236022920
1016 6118 -19140 435236003795 435236022935
1016 6246 -19620 435236003795 435236023415
1016 6254 -19650 435236003795 435236023445
1016 6257 -19665 435236003795 435236023460
1016 6277 -19740 435236003795 435236023535
1017 4393 -12660 435236003810 435236016470
1017 6251 -19620 435236003810 435236023430
1017 6255 -19635 435236003810 435236023445
1017 6259 -19650 435236003810 435236023460
1018 1116 -360 435236003810 435236004170
1018 1781 -2865 435236003810 435236006675
1018 1789 -2895 435236003810 435236006705
1018 1982 -3615 435236003810 435236007425
1018 2453 -5385 435236003810 435236009195
1018 2478 -5475 435236003810 435236009285
1018 2891 -7020 435236003810 435236010830
1018 3340 -8700 435236003810 435236012510
1018 6045 -18855 435236003810 435236022665
1018 6223 -19515 435236003810 435236023325
1018 6240 -19575 435236003810 435236023385
1018 6248 -19605 435236003810 435236023415
1018 6252 -19620 435236003810 435236023430
1018 6256 -19635 435236003810 435236023445
1018 6264 -19665 435236003810 435236023475
1018 6272 -19695 435236003810 435236023505
1019 1373 -1335 435236003810 435236005145
1019 6190 -19395 435236003810 435236023205
1019 6246 -19605 435236003810 435236023415
1019 6253 -19635 435236003810 435236023445
1019 6301 -19815 435236003810 435236023625
1020 6246 -19605 435236003810 435236023415
1020 6250 -19620 435236003810 435236023430
1020 6254 -19635 435236003810 435236023445
1020 6258 -19650 435236003810 435236023460
1020 6262 -19665 435236003810 435236023475
1020 6270 -19695 435236003810 435236023505
1020 6274 -19710 435236003810 435236023520
1021 3325 -8640 435236003825 435236012465
1021 5021 -15000 435236003825 435236018825
1021 5255 -15870 435236003825 435236019695
1021 6234 -19545 435236003825 435236023370
1021 6242 -19575 435236003825 435236023400
1021 6250 -19605 435236003825 435236023430
1021 6258 -19635 435236003825 435236023460
1021 6274 -19695 435236003825 435236023520
1021 6300 -19785 435236003825 435236023610
1022 6235 -19545 435236003825 435236023370
1022 6243 -19575 435236003825 435236023400
1022 6251 -19605 435236003825 435236023430
1022 6255 -19620 435236003825 435236023445
1022 6259 -19635 435236003825 435236023460
1022 6283 -19725 435236003825 435236023550
1022 6307 -19815 435236003825 435236023640
1023 1077 -210 435236003825 435236004035
1023 1084 -225 435236003825 435236004050
1023 1085 -240 435236003825 435236004065
1023 1116 -345 435236003825 435236004170
1023 4891 -14505 435236003825 435236018330
1023 5743 -17700 435236003825 435236021525
1023 6170 -19305 435236003825 435236023130
1023 6248 -19590 435236003825 435236023415
1023 6252 -19605 435236003825 435236023430
1023 6260 -19635 435236003825 435236023460
1023 6276 -19695 435236003825 435236023520
1024 6106 -19065 435236003825 435236022890
1024 6114 -19095 435236003825 435236022920
1024 6249 -19605 435236003825 435236023430
1024 6257 -19635 435236003825 435236023460
1025 1089 -240 435236003840 435236004080
1025 1857 -3120 435236003840 435236006960
1025 3968 -11025 435236003840 435236014865
1025 4441 -12810 435236003840 435236016650
1025 6223 -19485 435236003840 435236023325
1025 6239 -19545 435236003840 435236023385
1025 6243 -19560 435236003840 435236023400
1025 6247 -19575 435236003840 435236023415
1025 6251 -19590 435236003840 435236023430
1025 6255 -19605 435236003840 435236023445
1025 6280 -19695 435236003840 435236023535
1026 1108 -300 435236003840 435236004140
1026 1116 -330 435236003840 435236004170
1026 3332 -8640 435236003840 435236012480
1026 4218 -11970 435236003840 435236015810
1026 6240 -19545 435236003840 435236023385
1026 6248 -19575 435236003840 435236023415
1026 6256 -19605 435236003840 435236023445
1026 6264 -19635 435236003840 435236023475
1027 6237 -19545 435236003840 435236023385
1027 6245 -19575 435236003840 435236023415
1027 6254 -19605 435236003840 435236023445
1027 6269 -19665 435236003840 435236023505
1027 6277 -19695 435236003840 435236023535
1028 1077 -195 435236003840 435236004035
1028 1084 -210 435236003840 435236004050
1028 6238 -19545 435236003840 435236023385
1028 6246 -19575 435236003840 435236023415
1028 6250 -19590 435236003840 435236023430
1028 6254 -19605 435236003840 435236023445
1028 6262 -19635 435236003840 435236023475
1028 6270 -19665 435236003840 435236023505
1028 6349 -19965 435236003840 435236023805
1029 1245 -810 435236003855 435236004665
1029 6234 -19515 435236003855 435236023370
1029 6242 -19545 435236003855 435236023400
1029 6250 -19575 435236003855 435236023430
1030 6235 -19515 435236003855 435236023370
1030 6243 -19545 435236003855 435236023400
1030 6251 -19575 435236003855 435236023430
1031 6244 -19545 435236003855 435236023400
1031 6252 -19575 435236003855 435236023430
1032 2334 -4890 435236003855 435236008745
1032 6233 -19515 435236003855 435236023370
1032 6241 -19545 435236003855 435236023400
1032 6249 -19575 435236003855 435236023430
1033 1081 -180 435236003870 435236004050
1033 4226 -11970 435236003870 435236015840
1033 6231 -19485 435236003870 435236023355
1033 6234 -19500 435236003870 435236023370
1033 6239 -19515 435236003870 435236023385
1033 6247 -19545 435236003870 435236023415
1033 6248 -19545 435236003870 435236023415
1033 6255 -19575 435236003870 435236023445
1033 6280 -19665 435236003870 435236023535
1034 1100 -240 435236003870 435236004110
1034 1108 -270 435236003870 435236004140
1034 6232 -19485 435236003870 435236023355
1034 6240 -19515 435236003870 435236023385
1034 6248 -19545 435236003870 435236023415
1034 6256 -19575 435236003870 435236023445
1034 6280 -19665 435236003870 435236023535
1035 1077 -165 435236003870 435236004035
1035 1084 -180 435236003870 435236004050
1035 1351 -1185 435236003870 435236005055
1035 2319 -4815 435236003870 435236008685
1035 2338 -4890 435236003870 435236008760
1035 3767 -10245 435236003870 435236014115
1035 6213 -19425 435236003870 435236023295
1035 6221 -19455 435236003870 435236023325
1035 6229 -19485 435236003870 435236023355
1035 6237 -19515 435236003870 435236023385
1035 6245 -19545 435236003870 435236023415
1036 6190 -19335 435236003870 435236023205
1036 6238 -19515 435236003870 435236023385
1036 6242 -19530 435236003870 435236023400
1036 6246 -19545 435236003870 435236023415
1036 6262 -19605 435236003870 435236023475
1036 6294 -19725 435236003870 435236023595
1037 1085 -180 435236003885 435236004065
1037 3335 -8610 435236003885 435236012495
1037 6226 -19455 435236003885 435236023340
1037 6234 -19485 435236003885 435236023370
1037 6242 -19515 435236003885 435236023400
1038 1082 -165 435236003885 435236004050
1038 6227 -19455 435236003885 435236023340
1038 6235 -19485 435236003885 435236023370
1038 6243 -19515 435236003885 435236023400
1039 6236 -19485 435236003885 435236023370
1039 6244 -19515 435236003885 435236023400
1040 3334 -8610 435236003885 435236012495
1040 6114 -19035 435236003885 435236022920
1040 6225 -19455 435236003885 435236023340
1040 6233 -19485 435236003885 435236023370
1041 5657 -17310 435236003900 435236021210
1041 6215 -19395 435236003900 435236023295
1041 6231 -19455 435236003900 435236023355
1041 6234 -19470 435236003900 435236023370
1041 6239 -19485 435236003900 435236023385
1041 6247 -19515 435236003900 435236023415
1042 1092 -180 435236003900 435236004080
1042 1100 -210 435236003900 435236004110
1042 1108 -240 435236003900 435236004140
1042 1116 -270 435236003900 435236004170
1042 1316 -1020 435236003900 435236004920
1042 1363 -1200 435236003900 435236005100
1042 1563 -1950 435236003900 435236005850
1042 2955 -7170 435236003900 435236011070
1042 3595 -9570 435236003900 435236013470
1042 3947 -10890 435236003900 435236014790
1042 4839 -14235 435236003900 435236018135
1042 6112 -19005 435236003900 435236022905
1042 6123 -19050 435236003900 435236022950
1042 6216 -19395 435236003900 435236023295
1042 6224 -19425 435236003900 435236023325
1042 6232 -19455 435236003900 435236023355
1042 6240 -19485 435236003900 435236023385
1042 6248 -19515 435236003900 435236023415
1043 2050 -3780 435236003900 435236007680
1043 6037 -18735 435236003900 435236022635
1043 6213 -19395 435236003900 435236023295
1043 6221 -19425 435236003900 435236023325
1043 6229 -19455 435236003900 435236023355
1043 6317 -19785 435236003900 435236023685
1044 5162 -15450 435236003900 435236019350
1044 6182 -19275 435236003900 435236023175
1044 6214 -19395 435236003900 435236023295
1044 6222 -19425 435236003900 435236023325
1044 6230 -19455 435236003900 435236023355
1044 6238 -19485 435236003900 435236023385
1045 1927 -3300 435236003915 435236007215
1045 6149 -19140 435236003915 435236023055
1045 6214 -19380 435236003915 435236023295
1045 6218 -19395 435236003915 435236023310
1045 6222 -19410 435236003915 435236023325
1045 6226 -19425 435236003915 435236023340
1045 6230 -19440 435236003915 435236023355
1045 6234 -19455 435236003915 435236023370
1045 6238 -19470 435236003915 435236023385
1045 6242 -19485 435236003915 435236023400
1045 6250 -19515 435236003915 435236023430
1046 1115 -255 435236003915 435236004170
1046 4980 -14745 435236003915 435236018660
1046 6227 -19425 435236003915 435236023340
1046 6231 -19440 435236003915 435236023355
1046 6235 -19455 435236003915 435236023370
1046 6314 -19755 435236003915 435236023670
1047 6224 -19410 435236003915 435236023325
1047 6232 -19440 435236003915 435236023355
1048 2319 -4770 435236003915 435236008685
1048 2342 -4860 435236003915 435236008775
1048 6190 -19290 435236003915 435236023205
1048 6198 -19320 435236003915 435236023235
1048 6225 -19425 435236003915 435236023340
1048 6229 -19440 435236003915 435236023355
1048 6237 -19470 435236003915 435236023385
1048 6269 -19590 435236003915 435236023505
1049 1591 -2025 435236003930 435236005955
1049 5609 -17100 435236003930 435236021030
1049 5641 -17220 435236003930 435236021150
1049 6113 -18990 435236003930 435236022920
1049 6226 -19410 435236003930 435236023340
1049 6234 -19440 435236003930 435236023370
1050 1109 -225 435236003930 435236004155
1050 4426 -12660 435236003930 435236016590
1050 6227 -19410 435236003930 435236023340
1051 2037 -3705 435236003930 435236007635
1051 4448 -12735 435236003930 435236016665
1051 6107 -18960 435236003930 435236022890
1051 6228 -19410 435236003930 435236023340
1051 6236 -19440 435236003930 435236023370
1052 5162 -15420 435236003930 435236019350
1052 5598 -17055 435236003930 435236020985
1052 6114 -18990 435236003930 435236022920
1052 6118 -19005 435236003930 435236022935
1052 6225 -19410 435236003930 435236023340
1052 6249 -19500 435236003930 435236023430
1053 2298 -4665 435236003945 435236008610
1053 2319 -4740 435236003945 435236008685
1053 3786 -10245 435236003945 435236014190
1053 6222 -19380 435236003945 435236023325
1053 6230 -19410 435236003945 435236023355
1053 6246 -19470 435236003945 435236023415
1054 1360 -1140 435236003945 435236005085
1054 6231 -19410 435236003945 435236023355
1054 6239 -19440 435236003945 435236023385
1055 1583 -1980 435236003945 435236005925
1055 4907 -14445 435236003945 435236018390
1055 6120 -18990 435236003945 435236022935
1055 6123 -19005 435236003945 435236022950
1055 6227 -19395 435236003945 435236023340
1056 1107 -195 435236003945 435236004140
1056 2327 -4770 435236003945 435236008715
1056 5549 -16860 435236003945 435236020805
1056 5572 -16935 435236003945 435236020880
1056 5598 -17040 435236003945 435236020985
1056 6221 -19380 435236003945 435236023325
1056 6229 -19410 435236003945 435236023355
1056 6269 -19560 435236003945 435236023505
1057 2225 -4380 435236003960 435236008340
1057 2321 -4740 435236003960 435236008700
1057 5009 -14820 435236003960 435236018780
1058 1101 -165 435236003960 435236004125
1058 1583 -1965 435236003960 435236005925
1058 2159 -4125 435236003960 435236008085
1058 2301 -4665 435236003960 435236008625
1058 2783 -6465 435236003960 435236010425
1058 2935 -7035 435236003960 435236010995
1058 2989 -7245 435236003960 435236011205
1058 6227 -19380 435236003960 435236023340
1058 6235 -19410 435236003960 435236023370
1058 6251 -19470 435236003960 435236023430
1058 6259 -19500 435236003960 435236023460
1058 6364 -19890 435236003960 435236023850
1059 6211 -19320 435236003960 435236023280
1059 6224 -19365 435236003960 435236023325
1059 6232 -19395 435236003960 435236023355
1060 6114 -18960 435236003960 435236022920
1060 6182 -19215 435236003960 435236023175
1061 6174 -19170 435236003975 435236023145
1061 6254 -19470 435236003975 435236023445
1063 1501 -1650 435236003975 435236005625
1063 6227 -19365 435236003975 435236023340
1064 6107 -18915 435236003975 435236022890
1064 6228 -19365 435236003975 435236023340
1064 6244 -19425 435236003975 435236023400
1065 1289 -840 435236003990 435236004830
1065 1361 -1110 435236003990 435236005100
1065 4313 -12180 435236003990 435236016170
1065 5593 -16980 435236003990 435236020970
1065 5609 -17040 435236003990 435236021030
1066 1114 -180 435236003990 435236004170
1067 1140 -270 435236003990 435236004260
1067 1148 -300 435236003990 435236004290
1067 1164 -360 435236003990 435236004350
1067 6192 -19215 435236003990 435236023205
1067 6224 -19335 435236003990 435236023325
1068 3684 -9810 435236003990 435236013800
1068 6173 -19155 435236003990 435236023145
1069 6182 -19170 435236004005 435236023175
1070 2222 -4320 435236004005 435236008325
1070 2333 -4740 435236004005 435236008745
1070 2542 -5520 435236004005 435236009525
1070 2990 -7200 435236004005 435236011205
1070 4427 -12585 435236004005 435236016590
1070 5254 -15690 435236004005 435236019695
1070 6226 -19335 435236004005 435236023340
1071 1125 -210 435236004005 435236004215
1071 1149 -300 435236004005 435236004305
1071 6227 -19335 435236004005 435236023340
1071 6364 -19845 435236004005 435236023850
1072 3613 -9540 435236004005 435236013545
1073 1289 -810 435236004020 435236004830
1073 1297 -840 435236004020 435236004860
1073 1305 -870 435236004020 435236004890
1073 1337 -990 435236004020 435236005010
1073 1377 -1140 435236004020 435236005160
1073 1393 -1200 435236004020 435236005220
1073 1401 -1230 435236004020 435236005250
1073 1625 -2070 435236004020 435236006090
1073 2009 -3510 435236004020 435236007530
1073 2209 -4260 435236004020 435236008280
1073 2233 -4350 435236004020 435236008370
1073 3585 -9420 435236004020 435236013440
1073 3593 -9450 435236004020 435236013470
1073 3673 -9750 435236004020 435236013770
1073 4257 -11940 435236004020 435236015960
1073 4385 -12420 435236004020 435236016440
1073 4849 -14160 435236004020 435236018180
1073 4913 -14400 435236004020 435236018420
1073 4961 -14580 435236004020 435236018600
1073 4969 -14610 435236004020 435236018630
1073 5009 -14760 435236004020 435236018780
1073 5025 -14820 435236004020 435236018840
1073 5041 -14880 435236004020 435236018900
1073 5241 -15630 435236004020 435236019650
1073 5249 -15660 435236004020 435236019680
1073 5283 -15780 435236004020 435236019800
1073 5297 -15840 435236004020 435236019860
1073 5313 -15900 435236004020 435236019920
1073 6113 -18900 435236004020 435236022920
1073 6121 -18930 435236004020 435236022950
1073 6132 -18960 435236004020 435236022980
1073 6153 -19050 435236004020 435236023070
1073 6305 -19620 435236004020 435236023640
1073 6349 -19785 435236004020 435236023805
1073 6357 -19815 435236004020 435236023835
1073 6365 -19845 435236004020 435236023865
1074 1122 -180 435236004020 435236004200
1074 1145 -270 435236004020 435236004290
1074 1153 -300 435236004020 435236004320
1074 1191 -435 435236004020 435236004455
1074 1528 -1695 435236004020 435236005715
1074 1746 -2520 435236004020 435236006540
1074 2754 -6300 435236004020 435236010320
1074 3307 -8370 435236004020 435236012390
1074 3332 -8460 435236004020 435236012480
1074 3442 -8880 435236004020 435236012900
1074 4264 -11955 435236004020 435236015975
1074 4346 -12270 435236004020 435236016290
1074 5210 -15510 435236004020 435236019530
1074 5295 -15825 435236004020 435236019845
1074 6306 -19620 435236004020 435236023640
1074 6311 -19635 435236004020 435236023655
1074 6351 -19785 435236004020 435236023805
1074 6360 -19815 435236004020 435236023835
1075 1140 -240 435236004020 435236004260
1075 1141 -255 435236004020 435236004275
1075 1148 -270 435236004020 435236004290
1075 1156 -300 435236004020 435236004320
1075 3835 -10350 435236004020 435236014370
1076 1546 -1770 435236004020 435236005790
1076 5283 -15780 435236004020 435236019800
1076 6221 -19305 435236004020 435236023325
1076 6246 -19395 435236004020 435236023415
1077 2973 -7110 435236004035 435236011145
1078 1126 -180 435236004035 435236004215
1079 1141 -240 435236004035 435236004275
1079 1148 -255 435236004035 435236004290
1079 1149 -270 435236004035 435236004305
1079 1151 -270 435236004035 435236004305
1079 1157 -300 435236004035 435236004335
1079 4900 -14325 435236004035 435236018360
1079 6227 -19305 435236004035 435236023340
1080 3552 -9270 435236004035 435236013305
1080 4176 -11610 435236004035 435236015645
1080 4205 -11730 435236004035 435236015765
1080 4213 -11760 435236004035 435236015795
1080 5863 -17940 435236004035 435236021975
1080 6246 -19380 435236004035 435236023415
1081 1235 -570 435236004050 435236004620
1081 1313 -870 435236004050 435236004920
1081 1785 -2640 435236004050 435236006690
1081 2441 -5100 435236004050 435236009150
1081 4444 -12600 435236004050 435236016650
1081 6302 -19575 435236004050 435236023625
1081 6318 -19635 435236004050 435236023685
1082 1137 -210 435236004050 435236004260
1082 1145 -240 435236004050 435236004290
1082 1746 -2490 435236004050 435236006540
1082 2162 -4050 435236004050 435236008100
1082 2187 -4140 435236004050 435236008190
1082 2207 -4215 435236004050 435236008265
1082 3442 -8850 435236004050 435236012900
1082 3639 -9585 435236004050 435236013635
1082 3743 -9975 435236004050 435236014025
1082 4282 -12000 435236004050 435236016050
1082 4346 -12240 435236004050 435236016290
1083 1140 -210 435236004050 435236004260
1083 1141 -225 435236004050 435236004275
1083 1148 -240 435236004050 435236004290
1083 1156 -270 435236004050 435236004320
1083 4156 -11520 435236004050 435236015570
1083 6142 -18975 435236004050 435236023025
1085 1141 -210 435236004065 435236004275
1085 1300 -795 435236004065 435236004860
1085 1389 -1140 435236004065 435236005205
1085 2206 -4200 435236004065 435236008265
1085 3183 -7860 435236004065 435236011925
1085 4925 -14400 435236004065 435236018465
1085 6079 -18720 435236004065 435236022785
1086 1134 -180 435236004065 435236004245
1086 1142 -210 435236004065 435236004275
1086 2222 -4260 435236004065 435236008325
1087 1141 -210 435236004065 435236004275
1087 1148 -225 435236004065 435236004290
1087 1149 -240 435236004065 435236004305
1087 6298 -19545 435236004065 435236023610
1088 1144 -210 435236004065 435236004275
1088 4843 -14085 435236004065 435236018150
1089 1153 -240 435236004080 435236004320
1089 2241 -4320 435236004080 435236008400
1089 6017 -18480 435236004080 435236022560
1090 1137 -180 435236004080 435236004260
1090 1746 -2460 435236004080 435236006540
1090 2045 -3585 435236004080 435236007665
1090 2946 -6960 435236004080 435236011040
1090 4282 -11970 435236004080 435236016050
1091 1140 -180 435236004080 435236004260
1091 1141 -195 435236004080 435236004275
1091 1148 -210 435236004080 435236004290
1091 1156 -240 435236004080 435236004320
1091 3284 -8220 435236004080 435236012300
1092 1156 -240 435236004080 435236004320
1092 5396 -16140 435236004080 435236020220
1093 1149 -210 435236004095 435236004305
1093 2253 -4350 435236004095 435236008445
1093 2501 -5280 435236004095 435236009375
1093 4957 -14490 435236004095 435236018585
1093 5389 -16110 435236004095 435236020205
1093 5396 -16125 435236004095 435236020220
1093 5428 -16245 435236004095 435236020340
1093 6071 -18660 435236004095 435236022755
1094 1142 -180 435236004095 435236004275
1094 1302 -780 435236004095 435236004875
1094 2045 -3570 435236004095 435236007665
1094 2542 -5430 435236004095 435236009525
1094 4736 -13650 435236004095 435236017745
1095 1140 -165 435236004095 435236004260
1095 1141 -180 435236004095 435236004275
1095 1149 -210 435236004095 435236004305
1095 6332 -19635 435236004095 435236023730
1096 5863 -17880 435236004095 435236021975
1096 6072 -18660 435236004095 435236022755
1097 1145 -180 435236004110 435236004290
1097 1153 -210 435236004110 435236004320
1097 1380 -1050 435236004110 435236005160
1097 1385 -1080 435236004110 435236005190
1097 2034 -3510 435236004110 435236007620
1097 4452 -12570 435236004110 435236016680
1097 6325 -19605 435236004110 435236023715
1098 1145 -180 435236004110 435236004290
1098 1234 -510 435236004110 435236004620
1098 1730 -2370 435236004110 435236006480
1098 1746 -2430 435236004110 435236006540
1098 1778 -2550 435236004110 435236006660
1098 2138 -3900 435236004110 435236008010
1098 2570 -5520 435236004110 435236009630
1098 2965 -7005 435236004110 435236011115
1098 3783 -10065 435236004110 435236014175
1098 5218 -15450 435236004110 435236019560
1098 5222 -15465 435236004110 435236019575
1098 6286 -19455 435236004110 435236023565
1099 1155 -210 435236004110 435236004320
1099 2956 -6960 435236004110 435236011070
1100 1164 -240 435236004110 435236004350
1100 1172 -270 435236004110 435236004380
1100 2852 -6570 435236004110 435236010680
1100 6240 -19275 435236004110 435236023385
1100 6296 -19485 435236004110 435236023595
1100 6304 -19515 435236004110 435236023625
1101 1360 -960 435236004125 435236005085
1101 5524 -16575 435236004125 435236020700
1101 6227 -19215 435236004125 435236023340
1102 1589 -1830 435236004125 435236005955
1102 6226 -19215 435236004125 435236023340
1103 1781 -2550 435236004125 435236006675
1103 2069 -3630 435236004125 435236007755
1103 2879 -6660 435236004125 435236010785
1103 3327 -8340 435236004125 435236012465
1103 6069 -18630 435236004125 435236022755
1103 6324 -19575 435236004125 435236023700
1104 5368 -15990 435236004125 435236020115
1104 5883 -17925 435236004125 435236022050
1104 5896 -17970 435236004125 435236022095
1104 6040 -18510 435236004125 435236022635
1104 6164 -18975 435236004125 435236023100
1105 1937 -3120 435236004140 435236007260
1105 2569 -5490 435236004140 435236009630
1106 1170 -240 435236004140 435236004380
1106 1778 -2520 435236004140 435236006660
1106 5202 -15360 435236004140 435236019500
1106 6111 -18765 435236004140 435236022905
1107 3975 -10755 435236004140 435236014895
1107 6052 -18540 435236004140 435236022680
1108 1164 -210 435236004140 435236004350
1108 1172 -240 435236004140 435236004380
1108 6232 -19215 435236004140 435236023355
1109 1173 -240 435236004155 435236004395
1109 5421 -16170 435236004155 435236020325
1109 5428 -16185 435236004155 435236020340
1111 1189 -300 435236004155 435236004455
1111 1267 -585 435236004155 435236004740
1111 2308 -4485 435236004155 435236008640
1111 2813 -6390 435236004155 435236010545
1111 3860 -10305 435236004155 435236014460
1111 3916 -10515 435236004155 435236014670
1111 3919 -10530 435236004155 435236014685
1111 3925 -10560 435236004155 435236014715
1111 3975 -10740 435236004155 435236014895
1111 4463 -12570 435236004155 435236016725
1111 5396 -16065 435236004155 435236020220
1111 6112 -18750 435236004155 435236022905
1111 6166 -18960 435236004155 435236023115
1112 5891 -17925 435236004155 435236022080
1112 5907 -17985 435236004155 435236022140
1112 6011 -18375 435236004155 435236022530
1112 6048 -18510 435236004155 435236022665
1113 1313 -750 435236004170 435236004920
1113 1844 -2730 435236004170 435236006900
1113 2214 -4125 435236004170 435236008295
1114 2938 -6840 435236004170 435236011010
1115 1172 -210 435236004170 435236004380
1116 1195 -300 435236004170 435236004470
1117 5428 -16155 435236004185 435236020340
1117 5725 -17280 435236004185 435236021465
1119 1189 -270 435236004185 435236004455
1119 1212 -345 435236004185 435236004530
1119 1237 -450 435236004185 435236004635
1119 2781 -6240 435236004185 435236010425
1119 3411 -8595 435236004185 435236012780
1119 4458 -12525 435236004185 435236016710
1119 4463 -12540 435236004185 435236016725
1120 5163 -15165 435236004185 435236019350
1120 5670 -17070 435236004185 435236021255
1120 5678 -17100 435236004185 435236021285
1120 5686 -17130 435236004185 435236021315
1120 5694 -17160 435236004185 435236021345
1120 6027 -18405 435236004185 435236022590
1120 6032 -18420 435236004185 435236022605
1121 2465 -5040 435236004200 435236009240
1121 2513 -5220 435236004200 435236009420
1121 2665 -5790 435236004200 435236009990
1122 3781 -9975 435236004200 435236014175
1122 4626 -13140 435236004200 435236017340
1123 1172 -180 435236004200 435236004380
1123 1188 -240 435236004200 435236004440
1123 1196 -270 435236004200 435236004470
1123 3411 -8580 435236004200 435236012780
1124 3324 -8250 435236004200 435236012450
1124 5307 -15690 435236004200 435236019890
1124 5548 -16590 435236004200 435236020790
1124 5733 -17295 435236004200 435236021495
1125 6332 -19515 435236004215 435236023730
1125 6349 -19590 435236004215 435236023805
1126 4984 -14460 435236004215 435236018675
1127 1173 -180 435236004215 435236004395
1127 1181 -210 435236004215 435236004425
1127 1195 -255 435236004215 435236004470
1127 1205 -300 435236004215 435236004515
1127 1221 -360 435236004215 435236004575
1127 1237 -420 435236004215 435236004635
1127 2541 -5310 435236004215 435236009525
1127 3423 -8610 435236004215 435236012825
1127 3607 -9300 435236004215 435236013515
1127 3875 -10305 435236004215 435236014520
1127 3901 -10410 435236004215 435236014625
1127 4372 -12165 435236004215 435236016380
1127 4637 -13170 435236004215 435236017385
1127 4911 -14190 435236004215 435236018405
1127 6052 -18465 435236004215 435236022680
1128 1224 -360 435236004215 435236004575
1128 4239 -11670 435236004215 435236015885
1128 4255 -11730 435236004215 435236015945
1128 4467 -12525 435236004215 435236016740
1128 6096 -18630 435236004215 435236022845
1129 1313 -690 435236004230 435236004920
1130 2036 -3390 435236004230 435236007620
1130 2506 -5160 435236004230 435236009390
1130 2602 -5520 435236004230 435236009750
1131 3324 -8220 435236004230 435236012450
1131 3427 -8610 435236004230 435236012840
1131 4242 -11670 435236004230 435236015900
1131 6096 -18615 435236004230 435236022845
1132 1196 -240 435236004230 435236004470
1132 3332 -8250 435236004230 435236012480
1134 1467 -1245 435236004245 435236005490
1134 2598 -5490 435236004245 435236009735
1135 1183 -180 435236004245 435236004425
1135 1187 -195 435236004245 435236004440
1135 1205 -270 435236004245 435236004515
1135 1212 -285 435236004245 435236004530
1135 4845 -13920 435236004245 435236018165
1136 1245 -420 435236004245 435236004665
1136 3324 -8205 435236004245 435236012450
1136 5292 -15585 435236004245 435236019830
1136 5587 -16695 435236004245 435236020940
1136 5967 -18120 435236004245 435236022365
1136 6024 -18330 435236004245 435236022575
1137 1914 -2910 435236004260 435236007170
1137 1997 -3225 435236004260 435236007485
1137 2938 -6750 435236004260 435236011010
1138 1186 -180 435236004260 435236004440
1138 1210 -270 435236004260 435236004530
1138 1250 -420 435236004260 435236004680
1138 1293 -585 435236004260 435236004845
1138 3300 -8100 435236004260 435236012360
1138 3659 -9450 435236004260 435236013710
1138 3866 -10230 435236004260 435236014490
1138 4642 -13140 435236004260 435236017400
1138 6175 -18885 435236004260 435236023145
1139 6096 -18585 435236004260 435236022845
1140 1196 -210 435236004260 435236004470
1140 1804 -2490 435236004260 435236006750
1140 6035 -18360 435236004260 435236022620
1141 1237 -360 435236004275 435236004635
1141 2091 -3555 435236004275 435236007830
1141 2213 -4020 435236004275 435236008295
1141 2480 -5010 435236004275 435236009285
1141 3284 -8025 435236004275 435236012300
1141 3867 -10215 435236004275 435236014490
1141 4333 -11970 435236004275 435236016245
1141 4469 -12480 435236004275 435236016755
1141 4997 -14460 435236004275 435236018735
1141 6142 -18750 435236004275 435236023025
1143 1188 -165 435236004275 435236004440
1143 1189 -180 435236004275 435236004455
1143 1221 -300 435236004275 435236004575
1143 4896 -14070 435236004275 435236018345
1144 6024 -18300 435236004275 435236022575
1144 6163 -18825 435236004275 435236023100
1145 1243 -360 435236004290 435236004650
1145 1284 -510 435236004290 435236004800
1145 2100 -3570 435236004290 435236007860
1146 1210 -240 435236004290 435236004530
1146 1215 -255 435236004290 435236004545
1146 1218 -270 435236004290 435236004560
1146 4570 -12840 435236004290 435236017130
1147 1195 -180 435236004290 435236004470
1147 5964 -18060 435236004290 435236022350
1147 6052 -18390 435236004290 435236022680
1148 1339 -720 435236004290 435236005010
1148 2197 -3945 435236004290 435236008235
1149 1331 -675 435236004305 435236004980
1149 1757 -2280 435236004305 435236006585
1149 3127 -7410 435236004305 435236011715
1149 4557 -12780 435236004305 435236017085
1149 4896 -14040 435236004305 435236018345
1149 4920 -14130 435236004305 435236018435
1149 5005 -14460 435236004305 435236018765
1149 5466 -16185 435236004305 435236020490
1149 6290 -19275 435236004305 435236023580
1150 5206 -15210 435236004305 435236019515
1150 5834 -17565 435236004305 435236021870
1151 1197 -180 435236004305 435236004485
1151 1205 -210 435236004305 435236004515
1151 1213 -240 435236004305 435236004545
1151 1237 -330 435236004305 435236004635
1151 3391 -8400 435236004305 435236012705
1151 5466 -16185 435236004305 435236020490
1151 6044 -18345 435236004305 435236022650
1151 6290 -19275 435236004305 435236023580
1152 3896 -10290 435236004305 435236014595
1152 5891 -17775 435236004305 435236022080
1153 1284 -480 435236004320 435236004800
1153 3283 -7980 435236004320 435236012300
1153 3901 -10305 435236004320 435236014625
1154 1213 -225 435236004320 435236004545
1154 1218 -240 435236004320 435236004560
1154 1682 -1980 435236004320 435236006300
1154 1922 -2880 435236004320 435236007200
1154 5186 -15120 435236004320 435236019440
1154 6389 -19635 435236004320 435236023955
1155 1220 -240 435236004320 435236004560
1155 6035 -18300 435236004320 435236022620
1156 3460 -8640 435236004320 435236012960
1156 4292 -11760 435236004320 435236016080
1156 4892 -14010 435236004320 435236018330
1156 6104 -18555 435236004320 435236022875
1156 6192 -18885 435236004320 435236023205
1156 6320 -19365 435236004320 435236023685
1157 2791 -6120 435236004335 435236010455
1157 3045 -7080 435236004335 435236011415
1157 3165 -7530 435236004335 435236011865
1157 3893 -10260 435236004335 435236014595
1157 4246 -11580 435236004335 435236015915
1158 1230 -270 435236004335 435236004605
1158 1238 -300 435236004335 435236004635
1158 1246 -330 435236004335 435236004665
1158 1254 -360 435236004335 435236004695
1159 1205 -180 435236004335 435236004515
1159 1213 -210 435236004335 435236004545
1160 5907 -17805 435236004335 435236022140
1161 1233 -270 435236004350 435236004620
1161 2593 -5370 435236004350 435236009720
1161 4513 -12570 435236004350 435236016920
1161 6393 -19620 435236004350 435236023970
1162 1226 -240 435236004350 435236004590
1162 4570 -12780 435236004350 435236017130
1163 1220 -210 435236004350 435236004560
1163 3411 -8430 435236004350 435236012780
1163 5866 -17640 435236004350 435236021990
1164 2197 -3885 435236004350 435236008235
1165 1213 -180 435236004365 435236004545
1166 1214 -180 435236004365 435236004545
1166 1222 -210 435236004365 435236004575
1166 1230 -240 435236004365 435236004605
1166 1238 -270 435236004365 435236004635
1166 1246 -300 435236004365 435236004665
1166 1254 -330 435236004365 435236004695
1166 4606 -12900 435236004365 435236017265
1167 5466 -16125 435236004365 435236020490
1168 1216 -180 435236004365 435236004545
1168 5907 -17775 435236004365 435236022140
1168 6043 -18285 435236004365 435236022650
1169 1233 -240 435236004380 435236004620
1169 1241 -270 435236004380 435236004650
1169 4057 -10830 435236004380 435236015210
1171 1228 -210 435236004380 435236004590
1171 1236 -240 435236004380 435236004620
1172 4819 -13680 435236004380 435236018060
1173 3263 -7830 435236004395 435236012225
1173 4247 -11520 435236004395 435236015915
1174 1230 -210 435236004395 435236004605
1174 1238 -240 435236004395 435236004635
1174 1246 -270 435236004395 435236004665
1174 1254 -300 435236004395 435236004695
1175 1229 -210 435236004395 435236004605
1175 5466 -16095 435236004395 435236020490
1176 5896 -17700 435236004395 435236022095
1176 5899 -17715 435236004395 435236022110
1176 5907 -17745 435236004395 435236022140
1176 5912 -17760 435236004395 435236022155
1176 5952 -17910 435236004395 435236022305
1177 2617 -5400 435236004410 435236009810
1177 2769 -5970 435236004410 435236010380
1177 4041 -10740 435236004410 435236015150
1177 4049 -10770 435236004410 435236015180
1179 1228 -180 435236004410 435236004590
1179 1229 -195 435236004410 435236004605
1179 5866 -17580 435236004410 435236021990
1179 5879 -17625 435236004410 435236022035
1180 2251 -4020 435236004410 435236008430
1180 6011 -18120 435236004410 435236022530
1182 1230 -180 435236004425 435236004605
1183 5882 -17625 435236004425 435236022050
1184 5883 -17625 435236004425 435236022050
1184 5907 -17715 435236004425 435236022140
1184 6032 -18180 435236004425 435236022605
1184 6040 -18210 435236004425 435236022635
1184 6048 -18240 435236004425 435236022665
1185 4041 -10710 435236004440 435236015150
1185 4049 -10740 435236004440 435236015180
1186 1234 -180 435236004440 435236004620
1187 5866 -17550 435236004440 435236021990
1188 5887 -17625 435236004440 435236022065
1189 1277 -330 435236004455 435236004785
1189 1775 -2190 435236004455 435236006645
1189 1799 -2280 435236004455 435236006735
1189 3445 -8460 435236004455 435236012915
1189 4045 -10710 435236004455 435236015165
1189 5882 -17595 435236004455 435236022050
1191 2167 -3660 435236004455 435236008115
1191 2903 -6420 435236004455 435236010875
1191 3455 -8490 435236004455 435236012945
1191 3511 -8700 435236004455 435236013155
1191 3879 -10080 435236004455 435236014535
1191 5299 -15405 435236004455 435236019860
1192 5883 -17595 435236004455 435236022050
1192 5891 -17625 435236004455 435236022080
1192 5896 -17640 435236004455 435236022095
1192 5907 -17685 435236004455 435236022140
1192 5952 -17850 435236004455 435236022305
1193 4049 -10710 435236004470 435236015180
1194 1242 -180 435236004470 435236004650
1194 1314 -450 435236004470 435236004920
1194 4834 -13650 435236004470 435236018120
1195 5907 -17670 435236004470 435236022140
1195 6004 -18030 435236004470 435236022500
1197 5452 -15945 435236004485 435236020430
1199 1242 -165 435236004485 435236004650
1199 5498 -16125 435236004485 435236020610
1199 6218 -18825 435236004485 435236023310
1200 2824 -6090 435236004485 435236010575
1200 2936 -6510 435236004485 435236010995
1200 3064 -6990 435236004485 435236011475
1200 5907 -17655 435236004485 435236022140
1201 4041 -10650 435236004500 435236015150
1201 4049 -10680 435236004500 435236015180
1201 4489 -12330 435236004500 435236016830
1201 4497 -12360 435236004500 435236016860
1202 1246 -165 435236004500 435236004665
1202 1266 -240 435236004500 435236004740
1203 5281 -15300 435236004500 435236019800
1203 5943 -17775 435236004500 435236022275
1204 1283 -300 435236004500 435236004800
1204 5428 -15840 435236004500 435236020340
1204 5919 -17685 435236004500 435236022185
1206 1270 -240 435236004515 435236004755
1207 1250 -165 435236004515 435236004680
1207 3309 -7890 435236004515 435236012405
1207 4092 -10815 435236004515 435236015330
1207 5349 -15540 435236004515 435236020055
1208 2016 -3030 435236004515 435236007545
1208 5955 -17805 435236004515 435236022320
1208 5971 -17865 435236004515 435236022380
1209 1265 -210 435236004530 435236004740
1209 1273 -240 435236004530 435236004770
1209 3753 -9540 435236004530 435236014070
1209 3761 -9570 435236004530 435236014100
1209 4041 -10620 435236004530 435236015150
1209 4049 -10650 435236004530 435236015180
1209 4489 -12300 435236004530 435236016830
1209 4497 -12330 435236004530 435236016860
1209 4529 -12450 435236004530 435236016980
1210 3738 -9480 435236004530 435236014010
1211 3283 -7770 435236004530 435236012300
1211 5842 -17370 435236004530 435236021900
1212 5389 -15675 435236004530 435236020205
1212 5396 -15690 435236004530 435236020220
1215 5373 -15600 435236004545 435236020145
1216 6096 -18300 435236004545 435236022845
1216 6331 -19185 435236004545 435236023730
1217 2593 -5160 435236004560 435236009720
1217 4497 -12300 435236004560 435236016860
1217 5625 -16530 435236004560 435236021090
1218 2577 -5100 435236004560 435236009660
1219 4005 -10455 435236004560 435236015015
1219 4212 -11220 435236004560 435236015780
1219 4220 -11250 435236004560 435236015810
1219 5362 -15540 435236004560 435236020100
1219 5547 -16230 435236004560 435236020790
1221 4565 -12540 435236004575 435236017115
1221 5389 -15630 435236004575 435236020205
1223 1269 -180 435236004575 435236004755
1223 1277 -210 435236004575 435236004785
1224 1288 -240 435236004575 435236004815
1224 1293 -270 435236004575 435236004845
1224 2772 -5805 435236004575 435236010380
1224 6096 -18270 435236004575 435236022845
1225 4537 -12420 435236004590 435236017010
1225 5553 -16230 435236004590 435236020820
1226 1922 -2610 435236004590 435236007200
1227 1276 -180 435236004590 435236004770
1227 2553 -4980 435236004590 435236009570
1227 4212 -11190 435236004590 435236015780
1228 1978 -2820 435236004590 435236007410
1228 2068 -3150 435236004590 435236007740
1228 3124 -7110 435236004590 435236011700
1228 5474 -15930 435236004590 435236020520
1228 5587 -16350 435236004590 435236020940
1228 5603 -16410 435236004590 435236021000
1228 6067 -18150 435236004590 435236022740
1228 6084 -18210 435236004590 435236022800
1228 6088 -18225 435236004590 435236022815
1228 6096 -18255 435236004590 435236022845
1229 1906 -2535 435236004605 435236007140
1229 1966 -2760 435236004605 435236007365
1229 2109 -3300 435236004605 435236007905
1229 2795 -5865 435236004605 435236010470
1229 4885 -13710 435236004605 435236018315
1229 4893 -13740 435236004605 435236018345
1229 5466 -15885 435236004605 435236020490
1229 5469 -15900 435236004605 435236020505
1229 5474 -15915 435236004605 435236020520
1229 5564 -16245 435236004605 435236020850
1229 5576 -16290 435236004605 435236020895
1229 5592 -16350 435236004605 435236020955
1229 6023 -17970 435236004605 435236022575
1232 2128 -3360 435236004605 435236007965
1232 5591 -16350 435236004605 435236020955
1232 5599 -16380 435236004605 435236020985
1233 3337 -7890 435236004620 435236012510
1233 3937 -10140 435236004620 435236014760
1233 4593 -12600 435236004620 435236017220
1233 4897 -13740 435236004620 435236018360
1233 5625 -16470 435236004620 435236021090
1236 2436 -4500 435236004620 435236009120
1236 2475 -4650 435236004620 435236009270
1236 2483 -4680 435236004620 435236009300
1236 5579 -16290 435236004620 435236020910
1236 6084 -18180 435236004620 435236022800
1236 6088 -18195 435236004620 435236022815
1236 6096 -18225 435236004620 435236022845
1237 5389 -15570 435236004635 435236020205
1237 5946 -17655 435236004635 435236022290
1239 6292 -18945 435236004635 435236023580
1240 2568 -4980 435236004635 435236009615
1240 2648 -5280 435236004635 435236009915
1240 2656 -5310 435236004635 435236009945
1240 2664 -5340 435236004635 435236009975
1240 2672 -5370 435236004635 435236010005
1241 2601 -5100 435236004650 435236009750
1241 2649 -5280 435236004650 435236009930
1241 2665 -5340 435236004650 435236009990
1241 4497 -12210 435236004650 435236016860
1241 5275 -15120 435236004650 435236019770
1242 6458 -19560 435236004650 435236024210
1243 1961 -2700 435236004650 435236007350
1243 1983 -2775 435236004650 435236007425
1243 6073 -18120 435236004650 435236022770
1244 2197 -3585 435236004650 435236008235
1244 5927 -17565 435236004650 435236022215
1244 6080 -18135 435236004650 435236022785
1244 6084 -18150 435236004650 435236022800
1245 1957 -2670 435236004665 435236007335
1245 2080 -3120 435236004665 435236007785
1245 2693 -5430 435236004665 435236010095
1245 3283 -7635 435236004665 435236012300
1245 5587 -16275 435236004665 435236020940
1245 5975 -17730 435236004665 435236022395
1245 6024 -17910 435236004665 435236022575
1245 6355 -19155 435236004665 435236023820
1246 1646 -1500 435236004665 435236006165
1246 4606 -12600 435236004665 435236017265
1247 6463 -19560 435236004665 435236024225
1248 5899 -17445 435236004665 435236022110
1248 5907 -17475 435236004665 435236022140
1249 1825 -2160 435236004680 435236006840
1249 1998 -2805 435236004680 435236007485
1249 2434 -4440 435236004680 435236009120
1249 2665 -5310 435236004680 435236009990
1249 2737 -5580 435236004680 435236010260
1249 2769 -5700 435236004680 435236010380
1249 2793 -5790 435236004680 435236010470
1249 4025 -10410 435236004680 435236015090
1249 4529 -12300 435236004680 435236016980
1249 4849 -13500 435236004680 435236018180
1249 5073 -14340 435236004680 435236019020
1249 5873 -17340 435236004680 435236022020
1249 6393 -19290 435236004680 435236023970
1249 6401 -19320 435236004680 435236024000
1250 3938 -10080 435236004680 435236014760
1250 4826 -13410 435236004680 435236018090
1250 5307 -15210 435236004680 435236019890
1254 4606 -12570 435236004695 435236017265
1255 5442 -15705 435236004695 435236020400
1255 5450 -15735 435236004695 435236020430
1257 2665 -5280 435236004710 435236009990
1257 4505 -12180 435236004710 435236016890
1257 4529 -12270 435236004710 435236016980
1257 4593 -12510 435236004710 435236017220
1257 6385 -19230 435236004710 435236023940
1258 1850 -2220 435236004710 435236006930
1259 3981 -10215 435236004710 435236014925
1259 5725 -16755 435236004710 435236021465
1259 5733 -16785 435236004710 435236021495
1262 1831 -2130 435236004725 435236006855
1262 1839 -2160 435236004725 435236006885
1262 3982 -10200 435236004725 435236014925
1263 1843 -2175 435236004725 435236006900
1263 3975 -10170 435236004725 435236014895
1263 5442 -15675 435236004725 435236020400
1265 3961 -10110 435236004740 435236014850
1265 4497 -12120 435236004740 435236016860
1265 4585 -12450 435236004740 435236017190
1265 4593 -12480 435236004740 435236017220
1266 1314 -180 435236004740 435236004920
1266 2085 -3075 435236004740 435236007815
1266 5567 -16125 435236004740 435236020865
1267 3519 -8445 435236004740 435236013185
1268 1718 -1695 435236004740 435236006435
1270 1822 -2070 435236004755 435236006825
1270 4550 -12300 435236004755 435236017055
1270 4558 -12330 435236004755 435236017085
1271 3239 -7380 435236004755 435236012135
1271 3519 -8430 435236004755 435236013185
1271 3543 -8520 435236004755 435236013275
1271 3551 -8550 435236004755 435236013305
1271 3613 -8790 435236004755 435236013545
1271 4599 -12480 435236004755 435236017235
1271 5418 -15555 435236004755 435236020310
1272 2764 -5595 435236004755 435236010350
1272 3753 -9315 435236004755 435236014070
1272 4560 -12330 435236004755 435236017085
1273 1833 -2100 435236004770 435236006870
1273 2073 -3000 435236004770 435236007770
1273 4537 -12240 435236004770 435236017010
1273 4577 -12390 435236004770 435236017160
1273 5465 -15720 435236004770 435236020490
1274 1357 -315 435236004770 435236005085
1274 5942 -17505 435236004770 435236022275
1274 6332 -18960 435236004770 435236023730
1275 1339 -240 435236004770 435236005010
1275 4299 -11340 435236004770 435236016110
1275 4420 -11790 435236004770 435236016560
1275 4996 -13950 435236004770 435236018720
1275 5020 -14040 435236004770 435236018810
1276 6174 -18375 435236004770 435236023145
1278 1870 -2220 435236004785 435236007005
1278 4558 -12300 435236004785 435236017085
1279 1665 -1455 435236004785 435236006240
1279 1706 -1605 435236004785 435236006390
1279 5359 -15300 435236004785 435236020085
1279 5429 -15570 435236004785 435236020355
1280 2585 -4905 435236004785 435236009690
1280 2819 -5775 435236004785 435236010560
1280 2827 -5805 435236004785 435236010590
1280 3359 -7800 435236004785 435236012585
1280 4283 -11265 435236004785 435236016050
1280 4560 -12300 435236004785 435236017085
1280 6011 -17745 435236004785 435236022530
1280 6072 -17970 435236004785 435236022755
1281 1873 -2220 435236004800 435236007020
1281 2177 -3360 435236004800 435236008160
1281 3977 -10110 435236004800 435236014910
1281 5633 -16320 435236004800 435236021120
1281 5681 -16500 435236004800 435236021300
1282 3530 -8430 435236004800 435236013230
1282 3538 -8460 435236004800 435236013260
1282 4354 -11520 435236004800 435236016320
1283 2546 -4740 435236004800 435236009540
1283 3243 -7350 435236004800 435236012150
1283 3843 -9600 435236004800 435236014400
1283 5426 -15540 435236004800 435236020340
1283 6061 -17925 435236004800 435236022725
1284 3980 -10110 435236004800 435236014910
1284 4546 -12240 435236004800 435236017040
1284 4812 -13230 435236004800 435236018030
1285 4813 -13230 435236004815 435236018045
1285 6140 -18195 435236004815 435236023010
1286 2027 -2775 435236004815 435236007590
1286 3422 -8010 435236004815 435236012825
1286 4394 -11655 435236004815 435236016470
1286 4950 -13740 435236004815 435236018555
1287 3629 -8790 435236004815 435236013605
1287 5231 -14790 435236004815 435236019605
1287 5669 -16440 435236004815 435236021255
1288 2305 -3825 435236004815 435236008640
1288 2557 -4770 435236004815 435236009585
1288 2781 -5610 435236004815 435236010425
1288 3551 -8490 435236004815 435236013305
1288 4191 -10890 435236004815 435236015705
1288 4205 -10950 435236004815 435236015765
1288 5367 -15300 435236004815 435236020115
1289 4913 -13590 435236004830 435236018420
1289 5065 -14160 435236004830 435236018990
1289 5737 -16680 435236004830 435236021510
1290 1380 -330 435236004830 435236005160
1290 4902 -13545 435236004830 435236018375
1291 5231 -14775 435236004830 435236019605
1292 1884 -2220 435236004830 435236007050
1292 2436 -4290 435236004830 435236009120
1292 3163 -7020 435236004830 435236011850
1292 3980 -10080 435236004830 435236014910
1292 3988 -10110 435236004830 435236014940
1293 1885 -2220 435236004845 435236007065
1293 2773 -5550 435236004845 435236010395
1293 3253 -7350 435236004845 435236012195
1293 3437 -8040 435236004845 435236012885
1295 1368 -270 435236004845 435236005115
1295 5231 -14760 435236004845 435236019605
1296 1355 -225 435236004845 435236005070
1296 3132 -6885 435236004845 435236011730
1296 3248 -7320 435236004845 435236012165
1296 3272 -7410 435236004845 435236012255
1296 4997 -13890 435236004845 435236018735
1296 5466 -15645 435236004845 435236020490
1296 6023 -17730 435236004845 435236022575
1297 2233 -3510 435236004860 435236008370
1297 5665 -16380 435236004860 435236021240
1297 5673 -16410 435236004860 435236021270
1298 1372 -270 435236004860 435236005130
1298 4674 -12660 435236004860 435236017520
1299 5748 -16680 435236004860 435236021540
1300 3324 -7590 435236004860 435236012450
1300 3476 -8160 435236004860 435236013020
1300 4212 -10920 435236004860 435236015780
1300 4635 -12510 435236004860 435236017370
1300 6157 -18225 435236004860 435236023085
1301 2039 -2760 435236004875 435236007635
1301 2047 -2790 435236004875 435236007665
1301 2050 -2805 435236004875 435236007680
1303 1349 -180 435236004875 435236005055
1304 2127 -3090 435236004875 435236007965
1304 2189 -3330 435236004875 435236008205
1304 3132 -6855 435236004875 435236011730
1304 3133 -6870 435236004875 435236011745
1304 3264 -7350 435236004875 435236012225
1304 3272 -7380 435236004875 435236012255
1304 3280 -7410 435236004875 435236012285
1304 4885 -13440 435236004875 435236018315
1305 1377 -270 435236004890 435236005160
1305 1393 -330 435236004890 435236005220
1305 1401 -360 435236004890 435236005250
1305 1585 -1050 435236004890 435236005940
1305 3633 -8730 435236004890 435236013620
1305 4393 -11580 435236004890 435236016470
1305 4409 -11640 435236004890 435236016530
1305 4969 -13740 435236004890 435236018630
1305 5041 -14010 435236004890 435236018900
1305 6033 -17730 435236004890 435236022620
1306 1350 -165 435236004890 435236005055
1307 1352 -165 435236004890 435236005055
1307 1371 -240 435236004890 435236005130
1307 4027 -10200 435236004890 435236015090
1308 1644 -1260 435236004890 435236006150
1308 3216 -7155 435236004890 435236012045
1309 3543 -8370 435236004905 435236013275
1309 5253 -14790 435236004905 435236019695
1309 5396 -15315 435236004905 435236020220
1313 1393 -300 435236004920 435236005220
1313 2233 -3450 435236004920 435236008370
1314 5598 -16065 435236004920 435236020985
1315 1487 -645 435236004920 435236005565
1315 3143 -6855 435236004920 435236011775
1315 3251 -7260 435236004920 435236012180
1315 3284 -7380 435236004920 435236012300
1315 6103 -17955 435236004920 435236022875
1316 3515 -8250 435236004920 435236013170
1316 5044 -13980 435236004920 435236018900
1316 5367 -15195 435236004920 435236020115
1317 2189 -3270 435236004935 435236008205
1317 2789 -5520 435236004935 435236010455
1317 5458 -15525 435236004935 435236020460
1317 5466 -15555 435236004935 435236020490
1317 5474 -15585 435236004935 435236020520
1320 3186 -7005 435236004935 435236011940
1320 3360 -7650 435236004935 435236012585
1320 5539 -15825 435236004935 435236020760
1320 5555 -15885 435236004935 435236020820
1320 6152 -18120 435236004935 435236023055
1321 3601 -8550 435236004950 435236013500
1321 4697 -12660 435236004950 435236017610
1321 5505 -15690 435236004950 435236020640
1321 5641 -16200 435236004950 435236021150
1321 5737 -16560 435236004950 435236021510
1322 2066 -2790 435236004950 435236007740
1322 2254 -3495 435236004950 435236008445
1322 2340 -3810 435236004950 435236008760
1323 1385 -240 435236004950 435236005190
1323 4476 -11820 435236004950 435236016770
1324 2211 -3330 435236004950 435236008280
1324 3331 -7530 435236004950 435236012480
1324 3516 -8220 435236004950 435236013170
1324 5540 -15810 435236004950 435236020760
1325 2797 -5520 435236004965 435236010485
1327 1374 -180 435236004965 435236005145
1327 1385 -225 435236004965 435236005190
1327 6141 -18060 435236004965 435236023025
1328 1371 -165 435236004965 435236005130
1328 2188 -3225 435236004965 435236008190
1328 5587 -15975 435236004965 435236020940
1329 2337 -3780 435236004980 435236008760
1329 2482 -4320 435236004980 435236009300
1329 2617 -4830 435236004980 435236009810
1329 4697 -12630 435236004980 435236017610
1329 5539 -15780 435236004980 435236020760
1329 5609 -16050 435236004980 435236021030
1329 5737 -16530 435236004980 435236021510
1330 2066 -2760 435236004980 435236007740
1330 2340 -3780 435236004980 435236008760
1331 3133 -6765 435236004980 435236011745
1331 6142 -18045 435236004980 435236023025
1332 3885 -9585 435236004980 435236014565
1332 5644 -16170 435236004980 435236021150
1333 3798 -9240 435236004995 435236014235
1334 5614 -16050 435236004995 435236021045
1335 6149 -18060 435236004995 435236023055
1336 1460 -465 435236004995 435236005460
1336 4413 -11550 435236004995 435236016545
1336 4420 -11565 435236004995 435236016560
1337 2169 -3120 435236005010 435236008130
1337 4218 -10800 435236005010 435236015810
1337 5609 -16020 435236005010 435236021030
1337 5737 -16500 435236005010 435236021510
1339 1418 -300 435236005010 435236005310
1339 1445 -405 435236005010 435236005415
1339 1457 -450 435236005010 435236005460
1339 4997 -13725 435236005010 435236018735
1339 5474 -15510 435236005010 435236020520
1340 2204 -3240 435236005010 435236008250
1342 5786 -16665 435236005025 435236021690
1344 1472 -480 435236005025 435236005505
1344 1483 -525 435236005025 435236005550
1344 1755 -1545 435236005025 435236006570
1344 4383 -11400 435236005025 435236016425
1344 4404 -11475 435236005025 435236016500
1344 4488 -11790 435236005025 435236016815
1345 3585 -8400 435236005040 435236013440
1345 5609 -15990 435236005040 435236021030
1345 5753 -16530 435236005040 435236021570
1347 1445 -375 435236005040 435236005415
1347 1457 -420 435236005040 435236005460
1347 3259 -7170 435236005040 435236012210
1349 6122 -17895 435236005055 435236022950
1350 5590 -15900 435236005055 435236020955
1350 5598 -15930 435236005055 435236020985
1350 6110 -17850 435236005055 435236022905
1351 2484 -4245 435236005055 435236009300
1352 1508 -585 435236005055 435236005640
1352 2188 -3135 435236005055 435236008190
1352 2196 -3165 435236005055 435236008220
1353 2150 -2985 435236005070 435236008055
1353 2337 -3690 435236005070 435236008760
1353 2353 -3750 435236005070 435236008820
1353 2361 -3780 435236005070 435236008850
1353 2369 -3810 435236005070 435236008880
1353 5609 -15960 435236005070 435236021030
1353 5625 -16020 435236005070 435236021090
1353 5705 -16320 435236005070 435236021390
1353 5737 -16440 435236005070 435236021510
1353 6265 -18420 435236005070 435236023490
1354 5637 -16065 435236005070 435236021135
1355 1431 -285 435236005070 435236005355
1355 1445 -345 435236005070 435236005415
1355 3135 -6675 435236005070 435236011745
1357 2326 -3630 435236005085 435236008715
1357 2703 -5040 435236005085 435236010125
1357 4773 -12810 435236005085 435236017895
1357 5567 -15780 435236005085 435236020865
1357 5569 -15795 435236005085 435236020880
1357 5570 -15795 435236005085 435236020880
1357 5598 -15900 435236005085 435236020985
1358 4427 -11505 435236005085 435236016590
1358 5142 -14190 435236005085 435236019275
1358 6119 -17850 435236005085 435236022935
1358 6230 -18270 435236005085 435236023355
1359 2327 -3630 435236005085 435236008715
1359 2975 -6060 435236005085 435236011145
1359 4191 -10620 435236005085 435236015705
1361 2225 -3240 435236005100 435236008340
1361 2369 -3780 435236005100 435236008880
1361 5185 -14340 435236005100 435236019440
1361 5609 -15930 435236005100 435236021030
1361 5625 -15990 435236005100 435236021090
1361 5641 -16050 435236005100 435236021150
1361 5737 -16410 435236005100 435236021510
1361 6110 -17805 435236005100 435236022905
1362 2050 -2580 435236005100 435236007680
1362 6213 -18195 435236005100 435236023295
1362 6301 -18525 435236005100 435236023625
1363 1415 -195 435236005100 435236005295
1363 1423 -225 435236005100 435236005325
1363 3351 -7455 435236005100 435236012555
1363 5367 -15015 435236005100 435236020115
1363 5655 -16095 435236005100 435236021195
1364 2338 -3660 435236005100 435236008760
1364 6149 -17955 435236005100 435236023055
1364 6222 -18225 435236005100 435236023325
1365 2150 -2940 435236005115 435236008055
1365 6257 -18345 435236005115 435236023460
1366 6182 -18060 435236005115 435236023175
1366 6198 -18120 435236005115 435236023235
1367 1445 -300 435236005115 435236005415
1367 1450 -315 435236005115 435236005430
1367 1461 -360 435236005115 435236005475
1367 2189 -3090 435236005115 435236008205
1367 5483 -15435 435236005115 435236020550
1368 6332 -18615 435236005115 435236023730
1369 1769 -1500 435236005130 435236006630
1369 1793 -1590 435236005130 435236006720
1369 1801 -1620 435236005130 435236006750
1369 1873 -1890 435236005130 435236007020
1369 1881 -1920 435236005130 435236007050
1369 2161 -2970 435236005130 435236008100
1369 2209 -3150 435236005130 435236008280
1369 3209 -6900 435236005130 435236012030
1369 3217 -6930 435236005130 435236012060
1369 3617 -8430 435236005130 435236013560
1369 3793 -9090 435236005130 435236014220
1369 4833 -12990 435236005130 435236018120
1369 4913 -13290 435236005130 435236018420
1369 4977 -13530 435236005130 435236018660
1369 5041 -13770 435236005130 435236018900
1369 5049 -13800 435236005130 435236018930
1369 5169 -14250 435236005130 435236019380
1369 5177 -14280 435236005130 435236019410
1369 5185 -14310 435236005130 435236019440
1369 5193 -14340 435236005130 435236019470
1369 5201 -14370 435236005130 435236019500
1369 5313 -14790 435236005130 435236019920
1369 5554 -15690 435236005130 435236020820
1369 5641 -16020 435236005130 435236021150
1369 5705 -16260 435236005130 435236021390
1369 5737 -16380 435236005130 435236021510
1369 6121 -17820 435236005130 435236022950
1369 6129 -17850 435236005130 435236022980
1369 6185 -18060 435236005130 435236023190
1369 6193 -18090 435236005130 435236023220
1369 6249 -18300 435236005130 435236023430
1369 6297 -18480 435236005130 435236023610
1370 1418 -180 435236005130 435236005310
1370 1426 -210 435236005130 435236005340
1370 1434 -240 435236005130 435236005370
1370 1477 -405 435236005130 435236005535
1371 1427 -210 435236005130 435236005340
1371 1431 -225 435236005130 435236005355
1371 1435 -240 435236005130 435236005370
1371 5579 -15780 435236005130 435236020910
1372 6174 -18015 435236005130 435236023145
1372 6182 -18045 435236005130 435236023175
1372 6190 -18075 435236005130 435236023205
1372 6198 -18105 435236005130 435236023235
1372 6254 -18315 435236005130 435236023445
1372 6277 -18405 435236005130 435236023535
1373 6190 -18060 435236005145 435236023205
1373 6246 -18270 435236005145 435236023415
1373 6249 -18285 435236005145 435236023430
1374 2484 -4155 435236005145 435236009300
1375 1431 -210 435236005145 435236005355
1375 1445 -270 435236005145 435236005415
1375 2197 -3090 435236005145 435236008235
1376 3267 -7095 435236005145 435236012240
1377 4913 -13260 435236005160 435236018420
1377 5033 -13710 435236005160 435236018870
1377 5041 -13740 435236005160 435236018900
1377 5737 -16350 435236005160 435236021510
1378 1426 -180 435236005160 435236005340
1378 1434 -210 435236005160 435236005370
1378 1442 -240 435236005160 435236005400
1379 1427 -180 435236005160 435236005340
1379 1435 -210 435236005160 435236005370
1379 1607 -855 435236005160 435236006015
1379 3403 -7590 435236005160 435236012750
1379 5536 -15585 435236005160 435236020745
1380 1447 -255 435236005160 435236005415
1380 1485 -405 435236005160 435236005565
1380 4916 -13260 435236005160 435236018420
1381 1453 -270 435236005175 435236005445
1381 6210 -18105 435236005175 435236023280
1382 1438 -210 435236005175 435236005385
1383 1431 -180 435236005175 435236005355
1383 1445 -240 435236005175 435236005415
1383 1471 -330 435236005175 435236005505
1383 1500 -435 435236005175 435236005610
1385 5657 -16020 435236005190 435236021210
1386 1442 -210 435236005190 435236005400
1386 1450 -240 435236005190 435236005430
1386 1458 -270 435236005190 435236005460
1388 1445 -225 435236005190 435236005415
1388 1467 -300 435236005190 435236005490
1388 6207 -18075 435236005190 435236023265
1389 6164 -17895 435236005205 435236023100
1389 6194 -18015 435236005205 435236023220
1390 1438 -180 435236005205 435236005385
1390 1446 -210 435236005205 435236005415
1390 1454 -240 435236005205 435236005445
1391 1439 -180 435236005205 435236005385
1391 1447 -210 435236005205 435236005415
1391 1455 -240 435236005205 435236005445
1392 1440 -180 435236005205 435236005385
1392 1456 -240 435236005205 435236005445
1392 1488 -360 435236005205 435236005565
1393 1481 -330 435236005220 435236005550
1393 5657 -15990 435236005220 435236021210
1394 1450 -210 435236005220 435236005430
1394 1474 -300 435236005220 435236005520
1394 1506 -420 435236005220 435236005640
1394 3858 -9240 435236005220 435236014460
1395 1484 -330 435236005220 435236005550
1396 1460 -240 435236005220 435236005460
1397 1445 -180 435236005235 435236005415
1397 1453 -210 435236005235 435236005445
1397 1477 -300 435236005235 435236005535
1397 2245 -3180 435236005235 435236008415
1397 4871 -13020 435236005235 435236018255
1397 6202 -18015 435236005235 435236023250
1398 1446 -180 435236005235 435236005415
1398 1454 -210 435236005235 435236005445
1398 1510 -420 435236005235 435236005655
1398 1518 -450 435236005235 435236005685
1398 1542 -540 435236005235 435236005775
1399 1445 -180 435236005235 435236005415
1399 1485 -330 435236005235 435236005565
1399 2243 -3165 435236005235 435236008400
1400 1443 -165 435236005235 435236005400
1400 1452 -195 435236005235 435236005430
1401 1449 -180 435236005250 435236005430
1401 1465 -240 435236005250 435236005490
1401 2257 -3210 435236005250 435236008460
1402 1458 -210 435236005250 435236005460
1402 1466 -240 435236005250 435236005490
1402 1474 -270 435236005250 435236005520
1403 1448 -165 435236005250 435236005415
1403 1459 -210 435236005250 435236005460
1404 1452 -180 435236005250 435236005430
1404 1460 -210 435236005250 435236005460
1404 1468 -240 435236005250 435236005490
1404 1472 -255 435236005250 435236005505
1404 6240 -18135 435236005250 435236023385
1405 1453 -180 435236005265 435236005445
1405 1461 -210 435236005265 435236005475
1405 1469 -240 435236005265 435236005505
1405 1629 -840 435236005265 435236006105
1405 6189 -17940 435236005265 435236023205
1406 1454 -180 435236005265 435236005445
1407 1455 -180 435236005265 435236005445
1407 1461 -210 435236005265 435236005475
1407 1479 -270 435236005265 435236005535
1408 4312 -10890 435236005265 435236016155
1409 1457 -180 435236005280 435236005460
1409 1481 -270 435236005280 435236005550
1409 1513 -390 435236005280 435236005670
1409 1529 -450 435236005280 435236005730
1409 3009 -6000 435236005280 435236011280
1410 1458 -180 435236005280 435236005460
1411 1456 -165 435236005280 435236005445
1411 1459 -180 435236005280 435236005460
1411 1464 -195 435236005280 435236005475
1412 1476 -240 435236005280 435236005520
1412 1500 -330 435236005280 435236005610
1412 1516 -390 435236005280 435236005670
1413 1469 -210 435236005295 435236005505
1413 1477 -240 435236005295 435236005535
1414 1465 -195 435236005295 435236005490
1415 1460 -165 435236005295 435236005460
1415 1471 -210 435236005295 435236005505
1415 1477 -240 435236005295 435236005535
1416 1480 -240 435236005295 435236005535
1417 1465 -180 435236005310 435236005490
1417 1481 -240 435236005310 435236005550
1418 1506 -330 435236005310 435236005640
1421 1477 -210 435236005325 435236005535
1422 1470 -180 435236005325 435236005505
1423 1468 -165 435236005325 435236005490
1424 1480 -210 435236005325 435236005535
1424 1488 -240 435236005325 435236005565
1424 1496 -270 435236005325 435236005595
1425 1505 -300 435236005340 435236005640
1425 3537 -7920 435236005340 435236013260
1426 1490 -240 435236005340 435236005580
1428 1492 -240 435236005340 435236005580
1429 1509 -300 435236005355 435236005655
1430 1494 -240 435236005355 435236005595
1430 1526 -360 435236005355 435236005715
1430 6126 -17610 435236005355 435236022965
1433 1497 -240 435236005370 435236005610
1433 1505 -270 435236005370 435236005640
1433 1545 -420 435236005370 435236005790
1433 2153 -2700 435236005370 435236008070
1434 1477 -165 435236005370 435236005535
1435 5595 -15600 435236005370 435236020970
1436 1492 -210 435236005370 435236005580
1436 1508 -270 435236005370 435236005640
1437 1493 -210 435236005385 435236005595
1437 1501 -240 435236005385 435236005625
1438 1481 -165 435236005385 435236005550
1438 1526 -330 435236005385 435236005715
1438 1550 -420 435236005385 435236005805
1439 1487 -180 435236005385 435236005565
1439 1509 -270 435236005385 435236005655
1440 6323 -18315 435236005385 435236023700
1441 1489 -180 435236005400 435236005580
1441 1497 -210 435236005400 435236005610
1441 1505 -240 435236005400 435236005640
1444 1492 -180 435236005400 435236005580
1445 1492 -165 435236005415 435236005580
1445 1501 -210 435236005415 435236005625
1445 1508 -225 435236005415 435236005640
1445 1509 -240 435236005415 435236005655
1445 6298 -18195 435236005415 435236023610
1446 1502 -210 435236005415 435236005625
1447 1495 -180 435236005415 435236005595
1447 1501 -210 435236005415 435236005625
1447 1519 -270 435236005415 435236005685
1447 4795 -12555 435236005415 435236017970
1449 1497 -180 435236005430 435236005610
1449 1505 -210 435236005430 435236005640
1449 2985 -5760 435236005430 435236011190
1449 3537 -7830 435236005430 435236013260
1450 1506 -210 435236005430 435236005640
1451 1608 -585 435236005430 435236006015
1451 2931 -5550 435236005430 435236010980
1452 2172 -2700 435236005430 435236008130
1453 1501 -180 435236005445 435236005625
1453 1509 -210 435236005445 435236005655
1453 2965 -5670 435236005445 435236011115
1453 2980 -5715 435236005445 435236011160
1453 6178 -17715 435236005445 435236023160
1453 6202 -17805 435236005445 435236023250
1453 6219 -17865 435236005445 435236023310
1453 6227 -17895 435236005445 435236023340
1453 6340 -18315 435236005445 435236023760
1455 3111 -6210 435236005445 435236011655
1455 4831 -12660 435236005445 435236018105
1456 2176 -2700 435236005445 435236008145
1457 1513 -210 435236005460 435236005670
1457 1521 -240 435236005460 435236005700
1457 1537 -300 435236005460 435236005760
1457 2281 -3090 435236005460 435236008550
1458 1506 -180 435236005460 435236005640
1458 1514 -210 435236005460 435236005670
1458 1522 -240 435236005460 435236005700
1458 3018 -5850 435236005460 435236011310
1461 1509 -180 435236005475 435236005655
1461 6053 -17220 435236005475 435236022695
1462 1518 -210 435236005475 435236005685
1462 1526 -240 435236005475 435236005715
1463 1509 -180 435236005475 435236005655
1463 1519 -210 435236005475 435236005685
1463 1735 -1020 435236005475 435236006495
1465 1521 -210 435236005490 435236005700
1465 1553 -330 435236005490 435236005820
1465 2281 -3060 435236005490 435236008550
1466 1514 -180 435236005490 435236005670
1466 1522 -210 435236005490 435236005700
1466 1527 -225 435236005490 435236005715
1466 1557 -345 435236005490 435236005835
1467 2233 -2880 435236005490 435236008370
1467 2241 -2910 435236005490 435236008400
1467 6144 -17535 435236005490 435236023025
1468 2208 -2775 435236005490 435236008265
1469 2117 -2430 435236005505 435236007935
1469 6186 -17685 435236005505 435236023190
1469 6298 -18105 435236005505 435236023610
1470 1534 -240 435236005505 435236005745
1471 1607 -510 435236005505 435236006015
1471 3143 -6270 435236005505 435236011775
1474 1522 -180 435236005520 435236005700
1474 1530 -210 435236005520 435236005730
1475 1603 -480 435236005520 435236006000
1475 4371 -10860 435236005520 435236016380
1475 4379 -10890 435236005520 435236016410
1475 5507 -15120 435236005520 435236020640
1477 1525 -180 435236005535 435236005715
1477 1549 -270 435236005535 435236005805
1477 1557 -300 435236005535 435236005835
1477 6324 -18165 435236005535 435236023700
1478 1534 -210 435236005535 435236005745
1478 1542 -240 435236005535 435236005775
1479 1535 -210 435236005535 435236005745
1479 1605 -480 435236005535 435236006015
1479 3192 -6420 435236005535 435236011955
1480 2880 -5250 435236005535 435236010785
1480 4448 -11130 435236005535 435236016665
1481 1529 -180 435236005550 435236005730
1481 1537 -210 435236005550 435236005760
1481 1897 -1560 435236005550 435236007110
1481 1921 -1650 435236005550 435236007200
1481 1929 -1680 435236005550 435236007230
1481 2265 -2940 435236005550 435236008490
1481 2273 -2970 435236005550 435236008520
1481 2281 -3000 435236005550 435236008550
1481 2954 -5520 435236005550 435236011070
1483 1611 -480 435236005550 435236006030
1483 2256 -2895 435236005550 435236008445
1483 4291 -10530 435236005550 435236016080
1483 4328 -10665 435236005550 435236016215
1485 1533 -180 435236005565 435236005745
1486 1534 -180 435236005565 435236005745
1487 2863 -5160 435236005565 435236010725
1487 3127 -6150 435236005565 435236011715
1487 3165 -6300 435236005565 435236011865
1487 3391 -7140 435236005565 435236012705
1487 3399 -7170 435236005565 435236012735
1487 4099 -9795 435236005565 435236015360
1488 3454 -7380 435236005565 435236012945
1489 1537 -180 435236005580 435236005760
1489 1545 -210 435236005580 435236005790
1489 1553 -240 435236005580 435236005820
1490 1546 -210 435236005580 435236005790
1490 1754 -990 435236005580 435236006570
1491 1555 -240 435236005580 435236005820
1491 1603 -420 435236005580 435236006000
1491 1611 -450 435236005580 435236006030
1491 4315 -10590 435236005580 435236016170
1493 2202 -2655 435236005595 435236008250
1493 6178 -17565 435236005595 435236023160
1494 1542 -180 435236005595 435236005775
1494 1550 -210 435236005595 435236005805
1495 1540 -165 435236005595 435236005760
1495 1551 -210 435236005595 435236005805
1495 1565 -270 435236005595 435236005865
1495 1573 -300 435236005595 435236005895
1495 1619 -465 435236005595 435236006060
1495 3151 -6210 435236005595 435236011805
1495 5299 -14265 435236005595 435236019860
1496 3136 -6150 435236005595 435236011745
1496 4312 -10560 435236005595 435236016155
1496 5523 -15105 435236005595 435236020700
1497 1545 -180 435236005610 435236005790
1497 1561 -240 435236005610 435236005850
1498 1808 -1155 435236005610 435236006765
1498 3090 -5970 435236005610 435236011580
1498 4938 -12900 435236005610 435236018510
1498 4962 -12990 435236005610 435236018600
1498 5210 -13920 435236005610 435236019530
1498 5242 -14040 435236005610 435236019650
1499 1555 -210 435236005610 435236005820
1499 1619 -450 435236005610 435236006060
1499 3027 -5730 435236005610 435236011340
1500 1564 -240 435236005610 435236005850
1503 1565 -240 435236005625 435236005865
1503 3031 -5730 435236005625 435236011355
1504 3152 -6180 435236005625 435236011805
1504 4383 -10800 435236005625 435236016425
1504 4947 -12915 435236005625 435236018540
1504 5536 -15120 435236005625 435236020745
1505 1561 -210 435236005640 435236005850
1506 2274 -2880 435236005640 435236008520
1507 1661 -585 435236005640 435236006225
1507 3204 -6360 435236005640 435236012000
1508 1556 -180 435236005640 435236005820
1508 1564 -210 435236005640 435236005850
1508 2248 -2775 435236005640 435236008415
1508 3165 -6225 435236005640 435236011865
1508 4493 -11205 435236005640 435236016845
1509 1573 -240 435236005655 435236005895
1509 1580 -255 435236005655 435236005910
1509 1588 -285 435236005655 435236005940
1509 2119 -2280 435236005655 435236007935
1509 2199 -2580 435236005655 435236008235
1509 2224 -2670 435236005655 435236008325
1509 6156 -17415 435236005655 435236023070
1509 6332 -18075 435236005655 435236023730
1512 1760 -930 435236005655 435236006585
1512 3103 -5970 435236005655 435236011625
1512 3152 -6150 435236005655 435236011805
1512 4323 -10545 435236005655 435236016200
1512 6332 -18075 435236005655 435236023730
1513 1897 -1440 435236005670 435236007110
1513 1905 -1470 435236005670 435236007140
1513 2281 -2880 435236005670 435236008550
1515 1661 -555 435236005670 435236006225
1515 2891 -5160 435236005670 435236010830
1515 3196 -6300 435236005670 435236011970
1515 4300 -10440 435236005670 435236016110
1515 5964 -16680 435236005670 435236022350
1519 3455 -7260 435236005685 435236012945
1520 1640 -450 435236005685 435236006135
1520 3168 -6180 435236005685 435236011865
1520 3184 -6240 435236005685 435236011925
1522 1840 -1185 435236005700 435236006885
1523 2956 -5370 435236005700 435236011070
1523 3251 -6480 435236005700 435236012180
1523 3547 -7590 435236005700 435236013290
1523 3835 -8670 435236005700 435236014370
1523 4956 -12870 435236005700 435236018570
1528 3304 -6660 435236005715 435236012375
1528 5880 -16320 435236005715 435236022035
1528 6322 -17985 435236005715 435236023700
1528 6351 -18090 435236005715 435236023805
1529 1905 -1410 435236005730 435236007140
1529 2281 -2820 435236005730 435236008550
1530 2618 -4080 435236005730 435236009810
1531 2795 -4740 435236005730 435236010470
1531 3132 -6000 435236005730 435236011730
1531 4955 -12840 435236005730 435236018570
1531 6303 -17895 435236005730 435236023625
1533 1580 -165 435236005745 435236005910
1533 1605 -270 435236005745 435236006015
1534 1589 -210 435236005745 435236005955
1534 2294 -2850 435236005745 435236008595
1535 6066 -16995 435236005745 435236022740
1536 5016 -13050 435236005745 435236018795
1536 6290 -17835 435236005745 435236023580
1537 2241 -2640 435236005760 435236008400
1538 3074 -5760 435236005760 435236011520
1538 3122 -5940 435236005760 435236011700
1538 3586 -7680 435236005760 435236013440
1538 6338 -18000 435236005760 435236023760
1540 1584 -165 435236005760 435236005925
1541 1588 -165 435236005775 435236005940
1541 1619 -285 435236005775 435236006060
1543 3021 -5550 435236005775 435236011325
1543 4877 -12510 435236005775 435236018285
1544 3144 -6000 435236005775 435236011775
1544 3462 -7200 435236005775 435236012975
1544 5507 -14865 435236005775 435236020640
1545 2233 -2580 435236005790 435236008370
1545 4337 -10470 435236005790 435236016260
1546 3050 -5640 435236005790 435236011430
1546 4503 -11085 435236005790 435236016875
1547 6200 -17445 435236005790 435236023235
1547 6382 -18135 435236005790 435236023925
1551 1613 -240 435236005805 435236006045
1551 1621 -270 435236005805 435236006075
1551 3023 -5520 435236005805 435236011325
1551 4471 -10950 435236005805 435236016755
1552 4024 -9270 435236005805 435236015075
1552 4295 -10290 435236005805 435236016095
1552 4299 -10305 435236005805 435236016110
1552 5005 -12960 435236005805 435236018765
1553 2281 -2730 435236005820 435236008550
1553 4145 -9720 435236005820 435236015540
1553 5209 -13710 435236005820 435236019530
1554 2341 -2955 435236005820 435236008775
1554 2776 -4575 435236005820 435236010395
1554 3386 -6870 435236005820 435236012690
1554 4594 -11400 435236005820 435236017220
1554 4722 -11880 435236005820 435236017700
1554 5341 -14205 435236005820 435236020025
1555 1755 -750 435236005820 435236006570
1555 2260 -2640 435236005820 435236008460
1555 3440 -7065 435236005820 435236012885
1555 4035 -9300 435236005820 435236015120
1555 4268 -10170 435236005820 435236015990
1555 4987 -12870 435236005820 435236018690
1556 1611 -210 435236005820 435236006030
1556 1788 -870 435236005820 435236006690
1556 2243 -2580 435236005820 435236008400
1556 5316 -14100 435236005820 435236019920
1558 1795 -885 435236005835 435236006720
1559 3386 -6855 435236005835 435236012690
1559 4479 -10950 435236005835 435236016785
1560 4027 -9255 435236005835 435236015090
1560 4939 -12675 435236005835 435236018510
1560 4992 -12870 435236005835 435236018705
1561 3121 -5850 435236005850 435236011700
1562 3386 -6840 435236005850 435236012690
1562 4634 -11520 435236005850 435236017370
1563 3448 -7065 435236005850 435236012915
1563 4360 -10485 435236005850 435236016335
1563 5488 -14715 435236005850 435236020565
1564 5316 -14070 435236005850 435236019920
1566 4866 -12375 435236005865 435236018240
1566 5139 -13395 435236005865 435236019260
1567 3591 -7590 435236005865 435236013455
1567 4905 -12525 435236005865 435236018390
1568 2904 -5010 435236005865 435236010875
1568 2908 -5025 435236005865 435236010890
1569 1761 -720 435236005880 435236006600
1570 5112 -13275 435236005880 435236019155
1571 3364 -6720 435236005880 435236012600
1571 3431 -6975 435236005880 435236012855
1571 3456 -7065 435236005880 435236012945
1571 3559 -7455 435236005880 435236013335
1571 4130 -9600 435236005880 435236015480
1571 4671 -11625 435236005880 435236017505
1572 4364 -10470 435236005880 435236016350
1574 2647 -4020 435236005895 435236009915
1574 3634 -7725 435236005895 435236013620
1574 3658 -7815 435236005895 435236013710
1575 1625 -195 435236005895 435236006090
1575 3602 -7605 435236005895 435236013500
1575 4982 -12780 435236005895 435236018675
1576 2916 -5025 435236005895 435236010920
1576 5292 -13935 435236005895 435236019830
1577 2193 -2310 435236005910 435236008220
1577 5441 -14490 435236005910 435236020400
1578 4982 -12765 435236005910 435236018675
1579 1781 -765 435236005910 435236006675
1579 6164 -17190 435236005910 435236023100
1580 1624 -165 435236005910 435236006075
1580 3616 -7635 435236005910 435236013545
1581 3365 -6690 435236005925 435236012615
1582 3475 -7095 435236005925 435236013020
1582 5333 -14070 435236005925 435236019995
1583 2212 -2355 435236005925 435236008280
1583 3530 -7305 435236005925 435236013230
1583 3538 -7335 435236005925 435236013260
1583 3668 -7815 435236005925 435236013740
1583 3788 -8265 435236005925 435236014190
1583 4901 -12450 435236005925 435236018375
1583 5946 -16365 435236005925 435236022290
1584 4263 -10050 435236005925 435236015975
1584 6120 -17010 435236005925 435236022935
1585 3673 -7830 435236005940 435236013770
1585 3681 -7860 435236005940 435236013800
1585 3689 -7890 435236005940 435236013830
1585 4889 -12390 435236005940 435236018330
1585 4897 -12420 435236005940 435236018360
1585 4905 -12450 435236005940 435236018390
1585 4985 -12750 435236005940 435236018690
1585 4993 -12780 435236005940 435236018720
1585 5009 -12840 435236005940 435236018780
1585 5209 -13590 435236005940 435236019530
1586 3365 -6675 435236005940 435236012615
1587 4083 -9360 435236005940 435236015300
1587 5263 -13785 435236005940 435236019725
1588 3517 -7245 435236005940 435236013185
1588 5202 -13560 435236005940 435236019500
1589 4093 -9390 435236005955 435236015345
1590 4990 -12750 435236005955 435236018705
1591 1773 -690 435236005955 435236006645
1591 3069 -5550 435236005955 435236011505
1591 3095 -5640 435236005955 435236011595
1591 3450 -6975 435236005955 435236012930
1591 3457 -7005 435236005955 435236012960
1591 5544 -14820 435236005955 435236020775
1591 5634 -15165 435236005955 435236021120
1592 4060 -9255 435236005955 435236015210
1592 5263 -13770 435236005955 435236019725
1592 5285 -13860 435236005955 435236019815
1593 3673 -7800 435236005970 435236013770
1593 4465 -10770 435236005970 435236016740
1593 4905 -12420 435236005970 435236018390
1593 5009 -12810 435236005970 435236018780
1593 5025 -12870 435236005970 435236018840
1593 5209 -13560 435236005970 435236019530
1594 1781 -705 435236005970 435236006675
1595 2280 -2565 435236005970 435236008535
1595 3056 -5475 435236005970 435236011445
1595 4051 -9210 435236005970 435236015180
1595 5680 -15315 435236005970 435236021285
1595 5691 -15360 435236005970 435236021330
1597 3647 -7680 435236005985 435236013665
1598 1761 -615 435236005985 435236006600
1599 1765 -630 435236005985 435236006615
1599 1829 -870 435236005985 435236006855
1599 3197 -6000 435236005985 435236011985
1600 2280 -2550 435236005985 435236008535
1600 3056 -5460 435236005985 435236011445
1600 4060 -9225 435236005985 435236015210
1600 5263 -13740 435236005985 435236019725
1600 5280 -13800 435236005985 435236019785
1600 6003 -16515 435236005985 435236022500
1601 2241 -2400 435236006000 435236008400
1601 2249 -2430 435236006000 435236008430
1601 2305 -2640 435236006000 435236008640
1601 3329 -6480 435236006000 435236012480
1601 4097 -9360 435236006000 435236015360
1602 1757 -585 435236006000 435236006585
1602 1765 -615 435236006000 435236006615
1602 1781 -675 435236006000 435236006675
1603 4379 -10410 435236006000 435236016410
1603 4383 -10425 435236006000 435236016425
1603 4420 -10560 435236006000 435236016560
1603 4996 -12720 435236006000 435236018720
1604 4080 -9285 435236006000 435236015285
1604 4083 -9300 435236006000 435236015300
1605 6332 -17715 435236006015 435236023730
1606 1750 -540 435236006015 435236006555
1606 1753 -555 435236006015 435236006570
1606 1761 -585 435236006015 435236006600
1607 1757 -570 435236006015 435236006585
1607 2091 -1815 435236006015 435236007830
1607 2213 -2280 435236006015 435236008295
1607 4868 -12225 435236006015 435236018240
1607 4872 -12240 435236006015 435236018255
1607 4997 -12720 435236006015 435236018735
1607 5532 -14715 435236006015 435236020730
1607 5536 -14730 435236006015 435236020745
1607 5564 -14835 435236006015 435236020850
1608 4056 -9180 435236006015 435236015195
1608 4059 -9195 435236006015 435236015210
1608 4060 -9195 435236006015 435236015210
1608 5263 -13710 435236006015 435236019725
1609 1753 -540 435236006030 435236006570
1609 2585 -3660 435236006030 435236009690
1609 2593 -3690 435236006030 435236009720
1609 2601 -3720 435236006030 435236009750
1609 5001 -12720 435236006030 435236018750
1609 5353 -14040 435236006030 435236020070
1609 5417 -14280 435236006030 435236020310
1610 1753 -540 435236006030 435236006570
1611 1763 -570 435236006030 435236006600
1611 3003 -5220 435236006030 435236011250
1611 4420 -10530 435236006030 435236016560
1611 4872 -12225 435236006030 435236018255
1611 6348 -17760 435236006030 435236023790
1612 1755 -540 435236006030 435236006570
1612 2916 -4890 435236006030 435236010920
1612 3212 -6000 435236006030 435236012030
1612 4171 -9600 435236006030 435236015630
1613 3069 -5460 435236006045 435236011505
1613 3244 -6105 435236006045 435236012150
1613 5229 -13560 435236006045 435236019605
1613 5284 -13755 435236006045 435236019800
1613 6152 -17010 435236006045 435236023055
1614 1750 -510 435236006045 435236006555
1614 1753 -525 435236006045 435236006570
1614 1816 -750 435236006045 435236006795
1614 4046 -9120 435236006045 435236015165
1614 6330 -17685 435236006045 435236023730
1615 3885 -8520 435236006045 435236014565
1616 2186 -2145 435236006045 435236008190
1616 3095 -5550 435236006045 435236011595
1616 4140 -9465 435236006045 435236015510
1616 6116 -16875 435236006045 435236022920
1616 6124 -16905 435236006045 435236022950
1616 6397 -17940 435236006045 435236023985
1617 2585 -3630 435236006060 435236009690
1617 2593 -3660 435236006060 435236009720
1617 3649 -7620 435236006060 435236013680
1617 4521 -10890 435236006060 435236016950
1617 5353 -14010 435236006060 435236020070
1618 3634 -7560 435236006060 435236013620
1619 2144 -1965 435236006060 435236008025
1620 3012 -5220 435236006060 435236011280
1620 3900 -8550 435236006060 435236014610
1620 4308 -10080 435236006060 435236016140
1620 4350 -10245 435236006060 435236016305
1620 4475 -10710 435236006060 435236016770
1621 3069 -5430 435236006075 435236011505
1621 3261 -6150 435236006075 435236012225
1621 3464 -6900 435236006075 435236012975
1621 3586 -7365 435236006075 435236013440
1622 1718 -360 435236006075 435236006435
1622 1734 -420 435236006075 435236006495
1623 1725 -390 435236006075 435236006465
1623 1733 -420 435236006075 435236006495
1623 1741 -450 435236006075 435236006525
1623 3424 -6750 435236006075 435236012825
1624 2191 -2130 435236006075 435236008205
1624 3416 -6720 435236006075 435236012795
1624 4395 -10395 435236006075 435236016470
1624 4448 -10590 435236006075 435236016665
1625 2217 -2220 435236006090 435236008310
1625 2233 -2280 435236006090 435236008370
1625 4337 -10170 435236006090 435236016260
1625 4361 -10260 435236006090 435236016350
1625 4369 -10290 435236006090 435236016380
1625 4385 -10350 435236006090 435236016440
1625 4409 -10440 435236006090 435236016530
1625 5209 -13440 435236006090 435236019530
1625 5225 -13500 435236006090 435236019590
1626 1725 -375 435236006090 435236006465
1626 1733 -405 435236006090 435236006495
1626 1740 -420 435236006090 435236006510
1626 1741 -435 435236006090 435236006525
1627 3563 -7260 435236006090 435236013350
1627 6072 -16665 435236006090 435236022755
1628 3132 -5640 435236006090 435236011730
1628 4364 -10260 435236006090 435236016350
1628 4856 -12105 435236006090 435236018195
1629 2253 -2340 435236006105 435236008445
1630 1734 -390 435236006105 435236006495
1630 6430 -18000 435236006105 435236024105
1631 1685 -210 435236006105 435236006315
1631 1701 -270 435236006105 435236006375
1631 1709 -300 435236006105 435236006405
1631 1717 -330 435236006105 435236006435
1631 1725 -360 435236006105 435236006465
1631 1733 -390 435236006105 435236006495
1631 3432 -6750 435236006105 435236012855
1632 2083 -1695 435236006105 435236007800
1632 3563 -7245 435236006105 435236013350
1632 4435 -10515 435236006105 435236016620
1632 5499 -14505 435236006105 435236020610
1633 1729 -360 435236006120 435236006480
1633 2177 -2040 435236006120 435236008160
1633 4385 -10320 435236006120 435236016440
1633 4409 -10410 435236006120 435236016530
1633 5041 -12780 435236006120 435236018900
1633 5209 -13410 435236006120 435236019530
1633 5233 -13500 435236006120 435236019620
1633 5241 -13530 435236006120 435236019650
1633 5249 -13560 435236006120 435236019680
1634 1720 -315 435236006120 435236006435
1634 1725 -345 435236006120 435236006465
1634 1732 -360 435236006120 435236006480
1634 1733 -375 435236006120 435236006495
1635 4108 -9270 435236006120 435236015390
1636 3132 -5610 435236006120 435236011730
1636 3156 -5700 435236006120 435236011820
1636 3284 -6180 435236006120 435236012300
1636 4324 -10080 435236006120 435236016200
1637 3165 -5730 435236006135 435236011865
1637 4461 -10590 435236006135 435236016725
1637 4997 -12600 435236006135 435236018735
1637 5213 -13410 435236006135 435236019545
1637 5541 -14640 435236006135 435236020775
1638 1729 -345 435236006135 435236006480
1638 1734 -360 435236006135 435236006495
1639 1701 -240 435236006135 435236006375
1639 1717 -300 435236006135 435236006435
1639 1725 -330 435236006135 435236006465
1639 1733 -360 435236006135 435236006495
1639 3424 -6690 435236006135 435236012825
1639 3432 -6720 435236006135 435236012855
1639 4672 -11370 435236006135 435236017505
1640 2984 -5040 435236006135 435236011175
1640 3592 -7320 435236006135 435236013455
1640 4373 -10260 435236006135 435236016395
1641 3129 -5580 435236006150 435236011730
1641 3585 -7290 435236006150 435236013440
1641 3593 -7320 435236006150 435236013470
1641 3601 -7350 435236006150 435236013500
1641 4393 -10320 435236006150 435236016470
1641 4409 -10380 435236006150 435236016530
1641 5249 -13530 435236006150 435236019680
1641 5297 -13710 435236006150 435236019860
1642 1720 -285 435236006150 435236006435
1642 1725 -315 435236006150 435236006465
1642 1732 -330 435236006150 435236006480
1642 1733 -345 435236006150 435236006495
1642 3432 -6705 435236006150 435236012855
1643 1688 -165 435236006150 435236006315
1643 5832 -15705 435236006150 435236021855
1644 2899 -4710 435236006150 435236010860
1644 3596 -7320 435236006150 435236013470
1644 3604 -7350 435236006150 435236013500
1644 3612 -7380 435236006150 435236013530
1644 5234 -13470 435236006150 435236019620
1645 1722 -285 435236006165 435236006450
1645 2287 -2400 435236006165 435236008565
1645 3613 -7380 435236006165 435236013545
1645 3861 -8310 435236006165 435236014475
1645 4663 -11310 435236006165 435236017475
1645 5231 -13440 435236006165 435236019605
1646 1718 -270 435236006165 435236006435
1646 1750 -390 435236006165 435236006555
1647 1717 -270 435236006165 435236006435
1647 1725 -300 435236006165 435236006465
1647 4664 -11310 435236006165 435236017475
1647 4672 -11340 435236006165 435236017505
1647 4696 -11430 435236006165 435236017595
1647 4704 -11460 435236006165 435236017625
1648 1708 -225 435236006165 435236006390
1648 4104 -9210 435236006165 435236015375
1649 3066 -5310 435236006180 435236011490
1649 4881 -12120 435236006180 435236018300
1649 5471 -14325 435236006180 435236020505
1650 1701 -195 435236006180 435236006375
1650 1705 -210 435236006180 435236006390
1650 1712 -225 435236006180 435236006405
1650 1717 -255 435236006180 435236006435
1650 1721 -270 435236006180 435236006450
1650 1724 -270 435236006180 435236006450
1650 1733 -315 435236006180 435236006495
1650 3432 -6675 435236006180 435236012855
1651 1720 -255 435236006180 435236006435
1651 4683 -11370 435236006180 435236017550
1652 3596 -7290 435236006180 435236013470
1652 4104 -9195 435236006180 435236015375
1652 4280 -9855 435236006180 435236016035
1652 6072 -16575 435236006180 435236022755
1653 2979 -4965 435236006195 435236011160
1653 4500 -10665 435236006195 435236016860
1653 6076 -16575 435236006195 435236022770
1654 1718 -240 435236006195 435236006435
1654 4350 -10110 435236006195 435236016305
1655 1716 -225 435236006195 435236006420
1655 1725 -270 435236006195 435236006465
1655 4664 -11280 435236006195 435236017475
1655 4672 -11310 435236006195 435236017505
1655 4680 -11340 435236006195 435236017535
1655 4688 -11370 435236006195 435236017565
1655 4696 -11400 435236006195 435236017595
1655 4704 -11430 435236006195 435236017625
1656 2448 -2970 435236006195 435236009165
1656 3010 -5085 435236006195 435236011280
1656 3787 -7995 435236006195 435236014190
1656 4500 -10665 435236006195 435236016860
1657 1703 -165 435236006210 435236006375
1657 1706 -180 435236006210 435236006390
1657 1711 -195 435236006210 435236006405
1657 1714 -210 435236006210 435236006420
1657 1743 -315 435236006210 435236006525
1657 1770 -420 435236006210 435236006630
1657 2077 -1575 435236006210 435236007785
1657 2226 -2130 435236006210 435236008340
1657 2301 -2415 435236006210 435236008625
1657 3090 -5370 435236006210 435236011580
1657 3095 -5385 435236006210 435236011595
1657 3269 -6045 435236006210 435236012255
1657 4220 -9600 435236006210 435236015810
1657 4861 -12015 435236006210 435236018225
1657 4877 -12075 435236006210 435236018285
1657 4916 -12210 435236006210 435236018420
1657 4924 -12240 435236006210 435236018450
1657 4997 -12525 435236006210 435236018735
1657 5213 -13335 435236006210 435236019545
1657 5221 -13365 435236006210 435236019575
1657 5229 -13395 435236006210 435236019605
1657 5258 -13500 435236006210 435236019710
1657 5261 -13515 435236006210 435236019725
1657 5266 -13530 435236006210 435236019740
1657 5277 -13575 435236006210 435236019785
1657 5301 -13665 435236006210 435236019875
1657 6063 -16515 435236006210 435236022725
1657 6099 -16650 435236006210 435236022860
1658 1707 -180 435236006210 435236006390
1658 1712 -195 435236006210 435236006405
1659 4680 -11325 435236006210 435236017535
1660 4079 -9075 435236006210 435236015285
1660 6055 -16485 435236006210 435236022695
1660 6067 -16530 435236006210 435236022740
1660 6072 -16545 435236006210 435236022755
1661 2301 -2400 435236006225 435236008625
1661 3068 -5265 435236006225 435236011490
1661 3075 -5295 435236006225 435236011520
1661 3204 -5775 435236006225 435236012000
1661 3612 -7305 435236006225 435236013530
1661 3835 -8145 435236006225 435236014370
1661 5220 -13335 435236006225 435236019560
1661 5244 -13425 435236006225 435236019650
1662 1710 -180 435236006225 435236006405
1662 1718 -210 435236006225 435236006435
1662 6357 -17610 435236006225 435236023835
1663 4664 -11250 435236006225 435236017475
1663 4672 -11280 435236006225 435236017505
1663 4704 -11400 435236006225 435236017625
1664 2580 -3435 435236006225 435236009660
1664 2596 -3495 435236006225 435236009720
1664 4280 -9810 435236006225 435236016035
1665 2581 -3435 435236006240 435236009675
1665 5221 -13335 435236006240 435236019575
1666 5658 -14970 435236006240 435236021210
1667 4680 -11295 435236006240 435236017535
1668 3115 -5430 435236006240 435236011670
1668 3311 -6165 435236006240 435236012405
1668 3616 -7305 435236006240 435236013545
1668 4671 -11265 435236006240 435236017505
1668 4840 -11895 435236006240 435236018135
1669 2643 -3645 435236006255 435236009900
1669 2773 -4140 435236006255 435236010395
1669 3997 -8730 435236006255 435236014985
1669 4242 -9645 435236006255 435236015900
1669 6047 -16410 435236006255 435236022665
1670 2318 -2430 435236006255 435236008685
1670 3986 -8685 435236006255 435236014940
1670 3994 -8715 435236006255 435236014970
1670 5546 -14535 435236006255 435236020790
1670 6085 -16560 435236006255 435236022815
1672 4680 -11280 435236006255 435236017535
1673 4309 -9885 435236006270 435236016155
1673 4615 -11025 435236006270 435236017295
1673 5229 -13335 435236006270 435236019605
1673 5663 -14955 435236006270 435236021225
1673 6092 -16560 435236006270 435236022830
1675 5859 -15690 435236006270 435236021960
1677 5892 -15795 435236006285 435236022080
1678 2071 -1470 435236006285 435236007755
1681 2017 -1260 435236006300 435236007560
1681 2601 -3450 435236006300 435236009750
1681 2649 -3630 435236006300 435236009930
1681 2657 -3660 435236006300 435236009960
1681 4641 -11100 435236006300 435236017400
1683 5867 -15690 435236006300 435236021990
1683 5872 -15705 435236006300 435236022005
1686 2558 -3270 435236006315 435236009585
1686 4041 -8835 435236006315 435236015150
1687 2539 -3195 435236006315 435236009510
1687 3160 -5520 435236006315 435236011835
1687 5477 -14220 435236006315 435236020535
1688 5859 -15645 435236006315 435236021960
1688 5872 -15690 435236006315 435236022005
1688 5876 -15705 435236006315 435236022020
1690 2597 -3405 435236006330 435236009735
1690 3295 -6015 435236006330 435236012345
1691 5867 -15660 435236006330 435236021990
1692 4704 -11295 435236006330 435236017625
1696 1912 -810 435236006345 435236007155
1696 2347 -2445 435236006345 435236008790
1696 2355 -2475 435236006345 435236008820
1696 2360 -2490 435236006345 435236008835
1696 2368 -2520 435236006345 435236008865
1696 5851 -15585 435236006345 435236021930
1696 5864 -15630 435236006345 435236021975
1696 5872 -15660 435236006345 435236022005
1696 5876 -15675 435236006345 435236022020
1697 2633 -3510 435236006360 435236009870
1697 2641 -3540 435236006360 435236009900
1697 4041 -8790 435236006360 435236015150
1697 4065 -8880 435236006360 435236015240
1697 4217 -9450 435236006360 435236015810
1698 5336 -13635 435236006360 435236019995
1699 5867 -15630 435236006360 435236021990
1699 5875 -15660 435236006360 435236022020
1700 5859 -15600 435236006360 435236021960
1703 1748 -165 435236006375 435236006540
1703 4092 -8955 435236006375 435236015330
1703 4213 -9420 435236006375 435236015795
1705 1761 -210 435236006390 435236006600
1705 2641 -3510 435236006390 435236009900
1705 4065 -8850 435236006390 435236015240
1706 2223 -1935 435236006390 435236008325
1706 3328 -6075 435236006390 435236012465
1706 3509 -6765 435236006390 435236013155
1706 3549 -6915 435236006390 435236013305
1706 4807 -11625 435236006390 435236018015
1707 5016 -12405 435236006390 435236018795
1708 4712 -11265 435236006390 435236017655
1708 5799 -15345 435236006390 435236021735
1708 5843 -15510 435236006390 435236021900
1708 5851 -15540 435236006390 435236021930
1708 5859 -15570 435236006390 435236021960
1708 5864 -15585 435236006390 435236021975
1708 5872 -15615 435236006390 435236022005
1708 5876 -15630 435236006390 435236022020
1710 1758 -180 435236006405 435236006585
1710 1774 -240 435236006405 435236006645
1710 2522 -3045 435236006405 435236009450
1710 2558 -3180 435236006405 435236009585
1710 3635 -7215 435236006405 435236013620
1710 4101 -8970 435236006405 435236015375
1711 1767 -210 435236006405 435236006615
1711 3479 -6630 435236006405 435236013035
1711 4506 -10485 435236006405 435236016890
1713 1761 -180 435236006420 435236006600
1714 3111 -5235 435236006420 435236011655
1714 4220 -9390 435236006420 435236015810
1714 5328 -13545 435236006420 435236019965
1715 1808 -345 435236006420 435236006765
1715 4024 -8655 435236006420 435236015075
1715 4984 -12255 435236006420 435236018675
1715 5939 -15840 435236006420 435236022260
1716 4680 -11115 435236006420 435236017535
1716 4688 -11145 435236006420 435236017565
1718 5150 -12870 435236006435 435236019305
1720 3432 -6420 435236006435 435236012855
1721 2633 -3420 435236006450 435236009870
1721 2641 -3450 435236006450 435236009900
1721 4505 -10440 435236006450 435236016890
1722 5388 -13740 435236006450 435236020190
1723 5344 -13575 435236006450 435236020025
1723 5472 -14055 435236006450 435236020505
1725 3440 -6420 435236006465 435236012885
1727 3551 -6840 435236006465 435236013305
1727 5331 -13515 435236006465 435236019980
1727 5479 -14070 435236006465 435236020535
1728 1776 -180 435236006465 435236006645
1728 5451 -13965 435236006465 435236020430
1730 2340 -2280 435236006480 435236008760
1730 3098 -5130 435236006480 435236011610
1730 5922 -15720 435236006480 435236022200
1730 5954 -15840 435236006480 435236022320
1731 3547 -6810 435236006480 435236013290
1731 4475 -10290 435236006480 435236016770
1731 5472 -14025 435236006480 435236020505
1731 5475 -14040 435236006480 435236020520
1732 5892 -15600 435236006480 435236022080
1734 4446 -10170 435236006495 435236016665
1734 5166 -12870 435236006495 435236019365
1734 5238 -13140 435236006495 435236019635
1734 5246 -13170 435236006495 435236019665
1735 1797 -240 435236006495 435236006735
1735 2130 -1485 435236006495 435236007980
1735 2855 -4200 435236006495 435236010695
1735 3551 -6810 435236006495 435236013305
1736 1784 -180 435236006495 435236006675
1737 1785 -180 435236006510 435236006690
1737 5705 -14880 435236006510 435236021390
1738 1935 -735 435236006510 435236007245
1738 1939 -750 435236006510 435236007260
1738 3106 -5130 435236006510 435236011640
1742 1790 -180 435236006525 435236006705
1742 1939 -735 435236006525 435236007260
1742 4110 -8880 435236006525 435236015405
1742 4446 -10140 435236006525 435236016665
1743 2807 -3990 435236006525 435236010515
1743 3053 -4920 435236006525 435236011445
1743 3975 -8370 435236006525 435236014895
1744 1792 -180 435236006525 435236006705
1745 1793 -180 435236006540 435236006720
1745 1801 -210 435236006540 435236006750
1745 3633 -7080 435236006540 435236013620
1745 3641 -7110 435236006540 435236013650
1745 5625 -14550 435236006540 435236021090
1746 2034 -1080 435236006540 435236007620
1746 2183 -1635 435236006540 435236008175
1746 4986 -12150 435236006540 435236018690
1746 5922 -15660 435236006540 435236022200
1747 2907 -4350 435236006540 435236010890
1747 4123 -8910 435236006540 435236015450
1748 4988 -12150 435236006540 435236018690
1749 1797 -180 435236006555 435236006735
1749 6013 -15990 435236006555 435236022545
1750 5000 -12180 435236006555 435236018735
1751 3053 -4890 435236006555 435236011445
1753 2577 -3090 435236006570 435236009660
1753 2585 -3120 435236006570 435236009690
1753 3129 -5160 435236006570 435236011730
1753 4457 -10140 435236006570 435236016710
1754 3986 -8370 435236006570 435236014940
1754 4450 -10110 435236006570 435236016680
1755 4347 -9720 435236006570 435236016290
1755 4384 -9855 435236006570 435236016425
1757 4365 -9780 435236006585 435236016365
1757 4413 -9960 435236006585 435236016545
1757 4997 -12150 435236006585 435236018735
1758 2477 -2700 435236006585 435236009285
1758 2927 -4380 435236006585 435236010965
1758 4041 -8565 435236006585 435236015150
1758 5000 -12150 435236006585 435236018735
1759 3453 -6360 435236006585 435236012945
1759 4450 -10095 435236006585 435236016680
1761 1809 -180 435236006600 435236006780
1761 2577 -3060 435236006600 435236009660
1761 2585 -3090 435236006600 435236009690
1761 4049 -8580 435236006600 435236015180
1761 4105 -8790 435236006600 435236015390
1761 6343 -17175 435236006600 435236023775
1762 1898 -510 435236006600 435236007110
1762 1947 -690 435236006600 435236007290
1762 3082 -4950 435236006600 435236011550
1762 4498 -10260 435236006600 435236016860
1763 2987 -4590 435236006600 435236011190
1763 5624 -14475 435236006600 435236021075
1765 2216 -1680 435236006615 435236008295
1766 2577 -3045 435236006615 435236009660
1766 4058 -8595 435236006615 435236015210
1767 2413 -2430 435236006615 435236009045
1767 2855 -4080 435236006615 435236010695
1767 3755 -7455 435236006615 435236014070
1767 3871 -7890 435236006615 435236014505
1767 3903 -8010 435236006615 435236014625
1767 4498 -10245 435236006615 435236016860
1767 4503 -10260 435236006615 435236016875
1767 4653 -10830 435236006615 435236017445
1767 5039 -12270 435236006615 435236018885
1768 4423 -9960 435236006615 435236016575
1768 5411 -13665 435236006615 435236020280
1768 6146 -16425 435236006615 435236023040
1769 2977 -4530 435236006630 435236011160
1769 3001 -4620 435236006630 435236011250
1769 4113 -8790 435236006630 435236015420
1769 4449 -10050 435236006630 435236016680
1769 4473 -10140 435236006630 435236016770
1769 6049 -16050 435236006630 435236022680
1770 3066 -4860 435236006630 435236011490
1770 4002 -8370 435236006630 435236015000
1770 5202 -12870 435236006630 435236019500
1771 2052 -1050 435236006630 435236007680
1771 3883 -7920 435236006630 435236014550
1771 4987 -12060 435236006630 435236018690
1772 3884 -7920 435236006630 435236014550
1772 3892 -7950 435236006630 435236014580
1773 2855 -4050 435236006645 435236010695
1773 3645 -7020 435236006645 435236013665
1773 4117 -8790 435236006645 435236015435
1774 1968 -720 435236006645 435236007365
1775 2759 -3690 435236006645 435236010335
1775 3967 -8220 435236006645 435236014865
1775 5338 -13365 435236006645 435236020010
1775 5343 -13380 435236006645 435236020025
1775 5359 -13440 435236006645 435236020085
1777 3129 -5070 435236006660 435236011730
1777 3537 -6600 435236006660 435236013260
1777 4113 -8760 435236006660 435236015420
1777 4129 -8820 435236006660 435236015480
1777 5849 -15270 435236006660 435236021930
1778 2159 -1425 435236006660 435236008085
1778 3066 -4830 435236006660 435236011490
1778 3530 -6570 435236006660 435236013230
1778 3882 -7890 435236006660 435236014550
1778 4994 -12060 435236006660 435236018720
1778 5202 -12840 435236006660 435236019500
1778 5210 -12870 435236006660 435236019530
1781 4474 -10095 435236006675 435236016770
1781 6013 -15870 435236006675 435236022545
1783 3538 -6585 435236006675 435236013260
1783 5362 -13425 435236006675 435236020100
1783 5367 -13440 435236006675 435236020115
1783 5471 -13830 435236006675 435236020505
1784 2936 -4320 435236006675 435236010995
1784 4416 -9870 435236006675 435236016545
1785 1961 -660 435236006690 435236007350
1785 1977 -720 435236006690 435236007410
1785 2465 -2550 435236006690 435236009240
1785 2505 -2700 435236006690 435236009390
1785 3473 -6330 435236006690 435236013020
1785 3529 -6540 435236006690 435236013230
1785 3545 -6600 435236006690 435236013290
1785 4113 -8730 435236006690 435236015420
1785 4209 -9090 435236006690 435236015780
1785 4993 -12030 435236006690 435236018720
1786 2130 -1290 435236006690 435236007980
1786 3538 -6570 435236006690 435236013260
1786 5026 -12150 435236006690 435236018840
1786 5034 -12180 435236006690 435236018870
1786 5042 -12210 435236006690 435236018900
1787 3915 -7980 435236006690 435236014670
1788 2260 -1770 435236006690 435236008460
1788 3900 -7920 435236006690 435236014610
1788 6013 -15855 435236006690 435236022545
1789 3501 -6420 435236006705 435236013125
1789 3509 -6450 435236006705 435236013155
1789 6013 -15840 435236006705 435236022545
1790 4078 -8580 435236006705 435236015285
1790 5246 -12960 435236006705 435236019665
1790 5302 -13170 435236006705 435236019875
1791 3903 -7920 435236006705 435236014625
1791 4605 -10560 435236006705 435236017265
1791 5375 -13440 435236006705 435236020145
1791 5431 -13650 435236006705 435236020355
1792 4976 -11940 435236006705 435236018645
1792 4992 -12000 435236006705 435236018705
1792 5256 -12990 435236006705 435236019695
1792 5744 -14820 435236006705 435236021525
1793 3353 -5850 435236006720 435236012570
1793 4113 -8700 435236006720 435236015420
1793 4473 -10050 435236006720 435236016770
1793 5313 -13200 435236006720 435236019920
1794 2671 -3285 435236006720 435236010005
1794 3903 -7905 435236006720 435236014625
1795 3931 -8010 435236006720 435236014730
1796 4996 -12000 435236006720 435236018720
1796 5532 -14010 435236006720 435236020730
1797 2925 -4230 435236006735 435236010965
1797 4076 -8535 435236006735 435236015270
1797 5555 -14085 435236006735 435236020820
1799 3405 -6030 435236006735 435236012765
1799 3429 -6120 435236006735 435236012855
1799 3935 -8010 435236006735 435236014745
1800 4984 -11940 435236006735 435236018675
1801 4081 -8550 435236006750 435236015300
1801 4113 -8670 435236006750 435236015420
1801 5689 -14580 435236006750 435236021330
1802 4010 -8280 435236006750 435236015030
1802 5066 -12240 435236006750 435236018990
1803 3931 -7980 435236006750 435236014730
1803 3942 -8025 435236006750 435236014775
1803 5139 -12510 435236006750 435236019260
1804 4996 -11970 435236006750 435236018720
1804 5740 -14760 435236006750 435236021510
1804 5765 -14865 435236006750 435236021615
1804 5854 -15195 435236006750 435236021945
1805 2189 -1440 435236006765 435236008205
1805 3045 -4650 435236006765 435236011415
1805 4997 -11970 435236006765 435236018735
1805 5532 -13965 435236006765 435236020730
1806 1853 -180 435236006765 435236006945
1806 1861 -210 435236006765 435236006975
1807 3405 -6000 435236006765 435236012765
1807 3935 -7980 435236006765 435236014745
1807 3943 -8010 435236006765 435236014775
1807 4589 -10440 435236006765 435236017205
1807 5149 -12540 435236006765 435236019305
1807 5157 -12570 435236006765 435236019335
1807 5165 -12600 435236006765 435236019365
1808 4592 -10440 435236006765 435236017205
1809 2457 -2430 435236006780 435236009210
1809 2465 -2460 435236006780 435236009240
1809 2649 -3150 435236006780 435236009930
1809 4105 -8610 435236006780 435236015390
1809 4457 -9930 435236006780 435236016710
1809 5737 -14730 435236006780 435236021510
1810 3946 -8010 435236006780 435236014790
1810 5066 -12210 435236006780 435236018990
1811 3400 -5955 435236006780 435236012735
1811 3412 -6000 435236006780 435236012780
1811 3947 -8010 435236006780 435236014790
1811 4588 -10410 435236006780 435236017190
1811 5111 -12375 435236006780 435236019155
1812 4996 -11940 435236006780 435236018720
1812 5004 -11970 435236006780 435236018750
1812 5005 -11985 435236006780 435236018765
1813 3045 -4620 435236006795 435236011415
1813 4997 -11940 435236006795 435236018735
1813 4999 -11940 435236006795 435236018735
1813 5005 -11970 435236006795 435236018765
1813 6348 -16995 435236006795 435236023790
1814 4590 -10410 435236006795 435236017205
1814 5070 -12210 435236006795 435236019005
1815 3396 -5925 435236006795 435236012720
1815 3397 -5940 435236006795 435236012735
1815 3951 -8010 435236006795 435236014805
1815 4581 -10380 435236006795 435236017175
1815 5071 -12210 435236006795 435236019005
1815 5075 -12225 435236006795 435236019020
1815 5088 -12270 435236006795 435236019065
1815 5128 -12420 435236006795 435236019215
1816 5365 -13320 435236006795 435236020115
1816 5956 -15525 435236006795 435236022320
1817 2233 -1560 435236006810 435236008370
1817 2513 -2610 435236006810 435236009420
1817 4041 -8340 435236006810 435236015150
1817 4489 -10020 435236006810 435236016830
1818 2050 -870 435236006810 435236007680
1818 3954 -8010 435236006810 435236014820
1819 3955 -8010 435236006810 435236014820
1819 3960 -8025 435236006810 435236014835
1819 4576 -10335 435236006810 435236017145
1819 4580 -10350 435236006810 435236017160
1820 3028 -4530 435236006810 435236011340
1820 4557 -10275 435236006810 435236017085
1820 5000 -11925 435236006810 435236018735
1820 6069 -15945 435236006810 435236022755
1821 4493 -10020 435236006825 435236016845
1821 4557 -10260 435236006825 435236017085
1821 4997 -11910 435236006825 435236018735
1821 5005 -11940 435236006825 435236018765
1822 1869 -180 435236006825 435236007005
1822 3958 -8010 435236006825 435236014835
1823 3959 -8010 435236006825 435236014835
1824 3960 -8010 435236006825 435236014835
1824 4521 -10125 435236006825 435236016950
1824 4576 -10320 435236006825 435236017145
1825 2593 -2880 435236006840 435236009720
1825 2601 -2910 435236006840 435236009750
1825 2665 -3150 435236006840 435236009990
1825 4489 -9990 435236006840 435236016830
1826 2418 -2220 435236006840 435236009060
1826 2710 -3315 435236006840 435236010155
1826 4038 -8295 435236006840 435236015135
1828 4420 -9720 435236006840 435236016560
1828 4556 -10230 435236006840 435236017070
1829 2036 -765 435236006855 435236007620
1829 4493 -9990 435236006855 435236016845
1829 6069 -15900 435236006855 435236022755
1829 6356 -16965 435236006855 435236023820
1830 2706 -3285 435236006855 435236010140
1830 2714 -3315 435236006855 435236010170
1830 3966 -8010 435236006855 435236014865
1830 3982 -8070 435236006855 435236014925
1831 2418 -2205 435236006855 435236009060
1832 2752 -3450 435236006855 435236010305
1832 3968 -8010 435236006855 435236014865
1832 4801 -11145 435236006855 435236018000
1833 2417 -2190 435236006870 435236009060
1833 2740 -3390 435236006870 435236010260
1833 2745 -3420 435236006870 435236010290
1833 2753 -3450 435236006870 435236010320
1833 2761 -3480 435236006870 435236010350
1833 4561 -10230 435236006870 435236017100
1833 5625 -14220 435236006870 435236021090
1834 2086 -945 435236006870 435236007815
1834 2237 -1515 435236006870 435236008385
1834 2454 -2325 435236006870 435236009195
1834 3978 -8040 435236006870 435236014910
1834 4101 -8505 435236006870 435236015375
1834 4314 -9300 435236006870 435236016170
1835 2093 -975 435236006870 435236007845
1835 2100 -990 435236006870 435236007860
1836 3764 -7230 435236006870 435236014100
1836 3967 -7995 435236006870 435236014865
1837 3389 -5820 435236006885 435236012705
1837 3664 -6840 435236006885 435236013725
1837 3667 -6855 435236006885 435236013740
1837 3668 -6855 435236006885 435236013740
1837 4565 -10230 435236006885 435236017115
1837 5389 -13320 435236006885 435236020205
1837 6356 -16935 435236006885 435236023820
1838 2706 -3255 435236006885 435236010140
1838 4558 -10200 435236006885 435236017085
1838 4814 -11160 435236006885 435236018045
1839 1886 -180 435236006885 435236007065
1839 2093 -960 435236006885 435236007845
1840 2084 -915 435236006885 435236007800
1840 2088 -930 435236006885 435236007815
1840 3972 -7995 435236006885 435236014880
1840 4847 -11280 435236006885 435236018165
1841 3977 -8010 435236006900 435236014910
1842 1967 -465 435236006900 435236007365
1842 2093 -945 435236006900 435236007845
1842 2431 -2205 435236006900 435236009105
1842 3974 -7995 435236006900 435236014895
1842 3978 -8010 435236006900 435236014910
1843 2092 -930 435236006900 435236007830
1843 2104 -975 435236006900 435236007875
1843 4551 -10155 435236006900 435236017055
1843 4554 -10170 435236006900 435236017070
1845 1997 -570 435236006915 435236007485
1845 4192 -8790 435236006915 435236015705
1845 4428 -9675 435236006915 435236016590
1846 1997 -570 435236006915 435236007485
1846 2210 -1365 435236006915 435236008280
1846 2702 -3210 435236006915 435236010125
1846 4074 -8355 435236006915 435236015270
1846 4210 -8865 435236006915 435236015780
1846 4421 -9660 435236006915 435236016575
1846 4428 -9675 435236006915 435236016590
1847 4422 -9660 435236006915 435236016575
1847 4426 -9675 435236006915 435236016590
1847 4847 -11250 435236006915 435236018165
1847 5324 -13035 435236006915 435236019950
1848 2099 -945 435236006915 435236007860
1848 3784 -7260 435236006915 435236014175
1848 4189 -8790 435236006915 435236015705
1848 4192 -8790 435236006915 435236015705
1848 5077 -12120 435236006915 435236019035
1849 2233 -1440 435236006930 435236008370
1849 2417 -2130 435236006930 435236009060
1849 2585 -2760 435236006930 435236009690
1849 2649 -3000 435236006930 435236009930
1849 2689 -3150 435236006930 435236010080
1849 3129 -4800 435236006930 435236011730
1849 4457 -9780 435236006930 435236016710
1849 4553 -10140 435236006930 435236017070
1849 6017 -15630 435236006930 435236022560
1850 2093 -915 435236006930 435236007845
1850 3082 -4620 435236006930 435236011550
1850 4192 -8775 435236006930 435236015705
1851 2020 -630 435236006930 435236007560
1851 2076 -840 435236006930 435236007770
1851 2099 -930 435236006930 435236007860
1851 5077 -12105 435236006930 435236019035
1851 5324 -13020 435236006930 435236019950
1852 2000 -555 435236006930 435236007485
1852 2749 -3375 435236006930 435236010305
1852 4192 -8775 435236006930 435236015705
1853 3982 -7980 435236006945 435236014925
1854 2093 -900 435236006945 435236007845
1854 4558 -10140 435236006945 435236017085
1855 2815 -3600 435236006945 435236010545
1855 4551 -10110 435236006945 435236017055
1856 2952 -4110 435236006945 435236011055
1856 3967 -7920 435236006945 435236014865
1857 2233 -1410 435236006960 435236008370
1857 2237 -1425 435236006960 435236008385
1857 2689 -3120 435236006960 435236010080
1857 3137 -4800 435236006960 435236011760
1858 1922 -240 435236006960 435236007200
1858 2815 -3585 435236006960 435236010545
1858 3074 -4560 435236006960 435236011520
1858 3277 -5325 435236006960 435236012285
1858 4007 -8055 435236006960 435236015015
1859 1904 -165 435236006960 435236007125
1859 1912 -195 435236006960 435236007155
1859 2428 -2130 435236006960 435236009090
1859 2515 -2460 435236006960 435236009420
1859 3976 -7935 435236006960 435236014895
1859 3980 -7950 435236006960 435236014910
1859 5859 -15000 435236006960 435236021960
1861 2082 -825 435236006975 435236007800
1861 3982 -7950 435236006975 435236014925
1862 2093 -870 435236006975 435236007845
1862 2750 -3330 435236006975 435236010305
1863 2815 -3570 435236006975 435236010545
1863 3967 -7890 435236006975 435236014865
1863 4007 -8040 435236006975 435236015015
1863 4015 -8070 435236006975 435236015045
1864 2752 -3330 435236006975 435236010305
1864 2960 -4110 435236006975 435236011085
1864 4300 -9135 435236006975 435236016110
1864 4311 -9180 435236006975 435236016155
1864 4560 -10110 435236006975 435236017085
1864 4564 -10125 435236006975 435236017100
1864 6013 -15570 435236006975 435236022545
1864 6292 -16605 435236006975 435236023580
1865 2385 -1950 435236006990 435236008940
1865 2665 -3000 435236006990 435236009990
1865 4025 -8100 435236006990 435236015090
1865 4561 -10110 435236006990 435236017100
1865 5457 -13470 435236006990 435236020460
1865 5465 -13500 435236006990 435236020490
1865 5481 -13560 435236006990 435236020550
1866 3074 -4530 435236006990 435236011520
1866 3130 -4740 435236006990 435236011730
1866 4106 -8400 435236006990 435236015390
1866 4290 -9090 435236006990 435236016080
1867 2404 -2010 435236006990 435236009000
1867 2568 -2625 435236006990 435236009615
1868 3974 -7905 435236006990 435236014895
1868 4108 -8400 435236006990 435236015390
1869 3982 -7920 435236007005 435236014925
1870 2750 -3300 435236007005 435236010305
1870 2758 -3330 435236007005 435236010335
1870 3974 -7890 435236007005 435236014895
1871 2076 -765 435236007005 435236007770
1871 2823 -3570 435236007005 435236010575
1872 2355 -1815 435236007005 435236008820
1872 2520 -2430 435236007005 435236009435
1872 2536 -2490 435236007005 435236009495
1872 2764 -3345 435236007005 435236010350
1872 3976 -7890 435236007005 435236014895
1873 2761 -3330 435236007020 435236010350
1873 2985 -4170 435236007020 435236011190
1873 3233 -5100 435236007020 435236012120
1873 3241 -5130 435236007020 435236012150
1873 3249 -5160 435236007020 435236012180
1873 4329 -9210 435236007020 435236016230
1873 5025 -11820 435236007020 435236018840
1873 5737 -14490 435236007020 435236021510
1874 1918 -165 435236007020 435236007185
1874 2613 -2775 435236007020 435236009795
1874 3002 -4230 435236007020 435236011250
1874 3082 -4530 435236007020 435236011550
1875 2360 -1815 435236007020 435236008835
1875 2363 -1830 435236007020 435236008850
1875 2368 -1845 435236007020 435236008865
1875 5859 -14940 435236007020 435236021960
1876 2067 -720 435236007020 435236007740
1876 2084 -780 435236007020 435236007800
1876 2764 -3330 435236007020 435236010350
1876 2765 -3345 435236007020 435236010365
1876 3980 -7890 435236007020 435236014910
1877 2063 -690 435236007035 435236007725
1877 2104 -840 435236007035 435236007875
1877 2765 -3330 435236007035 435236010365
1877 3981 -7890 435236007035 435236014925
1877 4813 -11010 435236007035 435236018045
1878 2022 -540 435236007035 435236007575
1878 2093 -810 435236007035 435236007845
1878 2766 -3330 435236007035 435236010365
1878 3982 -7890 435236007035 435236014925
1879 2308 -1605 435236007035 435236008640
1879 2335 -1710 435236007035 435236008745
1879 2364 -1815 435236007035 435236008850
1879 2412 -1995 435236007035 435236009030
1879 2887 -3780 435236007035 435236010815
1879 3079 -4500 435236007035 435236011535
1879 3167 -4830 435236007035 435236011865
1879 3192 -4920 435236007035 435236011955
1880 2291 -1545 435236007035 435236008580
1880 2355 -1785 435236007035 435236008820
1880 2360 -1800 435236007035 435236008835
1880 2368 -1830 435236007035 435236008865
1880 2400 -1950 435236007035 435236008985
1880 5843 -14865 435236007035 435236021900
1880 5864 -14940 435236007035 435236021975
1881 2185 -1140 435236007050 435236008190
1881 3001 -4200 435236007050 435236011250
1881 3353 -5520 435236007050 435236012570
1881 4473 -9720 435236007050 435236016770
1881 4721 -10650 435236007050 435236017700
1881 5041 -11850 435236007050 435236018900
1881 5737 -14460 435236007050 435236021510
1882 1929 -180 435236007050 435236007230
1882 1958 -285 435236007050 435236007335
1882 2963 -4050 435236007050 435236011100
1882 3002 -4200 435236007050 435236011250
1882 4499 -9810 435236007050 435236016860
1882 5466 -13440 435236007050 435236020490
1882 5469 -13455 435236007050 435236020505
1882 5474 -13470 435236007050 435236020520
1883 2291 -1530 435236007050 435236008580
1883 2299 -1560 435236007050 435236008610
1883 2304 -1575 435236007050 435236008625
1883 2363 -1800 435236007050 435236008850
1883 2531 -2430 435236007050 435236009480
1883 5859 -14910 435236007050 435236021960
1884 3988 -7890 435236007050 435236014940
1885 2407 -1950 435236007065 435236009015
1885 2773 -3330 435236007065 435236010395
1885 2780 -3345 435236007065 435236010410
1885 3005 -4200 435236007065 435236011265
1885 3997 -7920 435236007065 435236014985
1886 3982 -7860 435236007065 435236014925
1887 2351 -1740 435236007065 435236008805
1887 2823 -3510 435236007065 435236010575
1887 3069 -4440 435236007065 435236011505
1887 3175 -4830 435236007065 435236011895
1887 3792 -7140 435236007065 435236014205
1887 4127 -8400 435236007065 435236015465
1887 4309 -9090 435236007065 435236016155
1888 2347 -1725 435236007065 435236008790
1888 2355 -1755 435236007065 435236008820
1888 2360 -1770 435236007065 435236008835
1888 2368 -1800 435236007065 435236008865
1888 5859 -14895 435236007065 435236021960
1888 5864 -14910 435236007065 435236021975
1888 5872 -14940 435236007065 435236022005
1889 2281 -1470 435236007080 435236008550
1889 2809 -3450 435236007080 435236010530
1889 3033 -4290 435236007080 435236011370
1889 4721 -10620 435236007080 435236017700
1890 3010 -4200 435236007080 435236011280
1890 3394 -5640 435236007080 435236012720
1890 3986 -7860 435236007080 435236014940
1890 3994 -7890 435236007080 435236014970
1890 3999 -7905 435236007080 435236014985
1890 4002 -7920 435236007080 435236015000
1890 4114 -8340 435236007080 435236015420
1891 2291 -1500 435236007080 435236008580
1893 2472 -2160 435236007095 435236009255
1893 4005 -7920 435236007095 435236015015
1894 1970 -285 435236007095 435236007380
1894 2838 -3540 435236007095 435236010635
1895 2855 -3600 435236007095 435236010695
1895 2887 -3720 435236007095 435236010815
1895 4463 -9630 435236007095 435236016725
1896 2291 -1485 435236007095 435236008580
1896 2296 -1500 435236007095 435236008595
1896 2299 -1515 435236007095 435236008610
1896 2347 -1695 435236007095 435236008790
1896 2355 -1725 435236007095 435236008820
1896 2368 -1770 435236007095 435236008865
1896 2531 -2385 435236007095 435236009480
1897 2281 -1440 435236007110 435236008550
1897 2809 -3420 435236007110 435236010530
1897 3017 -4200 435236007110 435236011310
1898 1943 -165 435236007110 435236007275
1898 2037 -525 435236007110 435236007635
1898 3082 -4440 435236007110 435236011550
1898 3986 -7830 435236007110 435236014940
1899 2552 -2445 435236007110 435236009555
1900 2299 -1500 435236007110 435236008610
1900 2372 -1770 435236007110 435236008880
1901 2050 -555 435236007125 435236007680
1901 4029 -7980 435236007125 435236015105
1902 2814 -3420 435236007125 435236010545
1902 3062 -4350 435236007125 435236011475
1903 2676 -2895 435236007125 435236010020
1903 6092 -15705 435236007125 435236022830
1903 6100 -15735 435236007125 435236022860
1904 2368 -1740 435236007125 435236008865
1904 2400 -1860 435236007125 435236008985
1904 2408 -1890 435236007125 435236009015
1904 2552 -2430 435236007125 435236009555
1904 5859 -14835 435236007125 435236021960
1905 2273 -1380 435236007140 435236008520
1905 3017 -4170 435236007140 435236011310
1905 6137 -15870 435236007140 435236023010
1906 2809 -3390 435236007140 435236010530
1906 2837 -3495 435236007140 435236010635
1906 3002 -4110 435236007140 435236011250
1906 5474 -13380 435236007140 435236020520
1908 2683 -2910 435236007140 435236010050
1908 3171 -4740 435236007140 435236011880
1908 3980 -7770 435236007140 435236014910
1909 3061 -4320 435236007155 435236011475
1911 2472 -2100 435236007155 435236009255
1911 3071 -4350 435236007155 435236011505
1912 2347 -1635 435236007155 435236008790
1912 2355 -1665 435236007155 435236008820
1912 2360 -1680 435236007155 435236008835
1912 2368 -1710 435236007155 435236008865
1912 2400 -1830 435236007155 435236008985
1912 2408 -1860 435236007155 435236009015
1912 5859 -14805 435236007155 435236021960
1913 2281 -1380 435236007170 435236008550
1913 2809 -3360 435236007170 435236010530
1913 2833 -3450 435236007170 435236010620
1913 2841 -3480 435236007170 435236010650
1913 3041 -4230 435236007170 435236011400
1914 1968 -195 435236007170 435236007365
1914 2476 -2100 435236007170 435236009270
1914 2484 -2130 435236007170 435236009300
1915 2299 -1440 435236007170 435236008610
1915 2307 -1470 435236007170 435236008640
1915 2339 -1590 435236007170 435236008760
1916 5847 -14745 435236007170 435236021915
1917 2480 -2100 435236007185 435236009285
1917 4005 -7830 435236007185 435236015015
1918 3002 -4065 435236007185 435236011250
1919 4879 -11100 435236007185 435236018285
1920 2307 -1455 435236007185 435236008640
1920 2312 -1470 435236007185 435236008655
1920 2323 -1515 435236007185 435236008700
1921 2281 -1350 435236007200 435236008550
1921 2809 -3330 435236007200 435236010530
1921 3009 -4080 435236007200 435236011280
1921 3889 -7380 435236007200 435236014580
1922 2484 -2100 435236007200 435236009300
1922 4007 -7815 435236007200 435236015015
1922 4879 -11085 435236007200 435236018285
1922 5021 -11625 435236007200 435236018825
1923 2307 -1440 435236007200 435236008640
1923 2315 -1470 435236007200 435236008670
1923 2320 -1485 435236007200 435236008685
1923 2336 -1545 435236007200 435236008745
1924 3988 -7740 435236007200 435236014940
1925 2047 -450 435236007215 435236007665
1925 2797 -3270 435236007215 435236010485
1926 2822 -3360 435236007215 435236010575
1926 2854 -3480 435236007215 435236010695
1927 1980 -195 435236007215 435236007410
1927 1988 -225 435236007215 435236007440
1927 2471 -2040 435236007215 435236009255
1927 2799 -3270 435236007215 435236010485
1928 2312 -1440 435236007215 435236008655
1929 1974 -165 435236007230 435236007395
1929 2821 -3345 435236007230 435236010575
1929 6084 -15570 435236007230 435236022800
1930 2484 -2070 435236007230 435236009300
1930 4178 -8430 435236007230 435236015660
1930 4249 -8700 435236007230 435236015930
1930 4803 -10770 435236007230 435236018000
1932 2312 -1425 435236007230 435236008655
1933 2316 -1425 435236007245 435236008670
1933 2480 -2040 435236007245 435236009285
1934 2476 -2025 435236007245 435236009270
1934 4174 -8400 435236007245 435236015645
1934 4182 -8430 435236007245 435236015675
1935 5388 -12945 435236007245 435236020190
1935 5543 -13530 435236007245 435236020775
1936 2303 -1380 435236007245 435236008625
1936 2307 -1395 435236007245 435236008640
1936 2311 -1410 435236007245 435236008655
1936 2312 -1410 435236007245 435236008655
1936 2315 -1425 435236007245 435236008670
1936 2323 -1455 435236007245 435236008700
1937 2065 -480 435236007260 435236007740
1937 2873 -3510 435236007260 435236010770
1938 4186 -8430 435236007260 435236015690
1938 4194 -8460 435236007260 435236015720
1939 5388 -12930 435236007260 435236020190
1939 6357 -16575 435236007260 435236023835
1940 2307 -1380 435236007260 435236008640
1940 2311 -1395 435236007260 435236008655
1940 2312 -1395 435236007260 435236008655
1940 2315 -1410 435236007260 435236008670
1940 2339 -1500 435236007260 435236008760
1942 2476 -1995 435236007275 435236009270
1942 2484 -2025 435236007275 435236009300
1942 3356 -5295 435236007275 435236012570
1943 1997 -210 435236007275 435236007485
1943 2407 -1740 435236007275 435236009015
1943 2974 -3870 435236007275 435236011145
1944 3355 -5295 435236007275 435236012570
1944 3788 -6915 435236007275 435236014190
1945 2331 -1440 435236007290 435236008730
1945 2475 -1980 435236007290 435236009270
1945 4185 -8400 435236007290 435236015690
1945 4201 -8460 435236007290 435236015750
1945 6092 -15540 435236007290 435236022830
1946 2476 -1980 435236007290 435236009270
1947 2581 -2385 435236007290 435236009675
1947 2855 -3405 435236007290 435236010695
1947 4063 -7935 435236007290 435236015225
1948 2323 -1410 435236007290 435236008700
1949 2328 -1410 435236007305 435236008715
1949 2331 -1425 435236007305 435236008730
1949 2339 -1455 435236007305 435236008760
1950 2226 -1035 435236007305 435236008340
1950 2821 -3270 435236007305 435236010575
1950 3045 -4110 435236007305 435236011415
1950 4198 -8430 435236007305 435236015735
1951 2509 -2100 435236007305 435236009405
1952 2009 -225 435236007305 435236007530
1952 5388 -12885 435236007305 435236020190
1953 2475 -1950 435236007320 435236009270
1953 4023 -7755 435236007320 435236015075
1953 4127 -8145 435236007320 435236015465
1953 4193 -8400 435236007320 435236015720
1953 4209 -8460 435236007320 435236015780
1954 2597 -2415 435236007320 435236009735
1954 3356 -5250 435236007320 435236012570
1955 2465 -1920 435236007320 435236009240
1955 2473 -1950 435236007320 435236009270
1955 2522 -2130 435236007320 435236009450
1955 2966 -3795 435236007320 435236011115
1957 3325 -5130 435236007335 435236012465
1957 4204 -8415 435236007335 435236015750
1957 4212 -8445 435236007335 435236015780
1957 5229 -12270 435236007335 435236019605
1958 2464 -1890 435236007335 435236009225
1958 2472 -1920 435236007335 435236009255
1958 2825 -3255 435236007335 435236010590
1959 2461 -1890 435236007335 435236009225
1959 2469 -1920 435236007335 435236009255
1959 4006 -7680 435236007335 435236015015
1960 2021 -240 435236007335 435236007575
1960 2069 -420 435236007335 435236007755
1960 2415 -1710 435236007335 435236009045
1960 2418 -1725 435236007335 435236009060
1960 2419 -1725 435236007335 435236009060
1960 2423 -1740 435236007335 435236009075
1960 2462 -1890 435236007335 435236009225
1960 2470 -1920 435236007335 435236009255
1960 2493 -2010 435236007335 435236009345
1960 2494 -2010 435236007335 435236009345
1960 2966 -3780 435236007335 435236011115
1960 4302 -8790 435236007335 435236016125
1960 4440 -9300 435236007335 435236016635
1960 4454 -9360 435236007335 435236016695
1961 2041 -300 435236007350 435236007650
1961 2467 -1890 435236007350 435236009240
1961 2508 -2040 435236007350 435236009390
1961 2601 -2400 435236007350 435236009750
1961 2649 -2580 435236007350 435236009930
1962 2220 -960 435236007350 435236008310
1962 2460 -1860 435236007350 435236009210
1962 4885 -10965 435236007350 435236018315
1963 2457 -1860 435236007350 435236009210
1963 2465 -1890 435236007350 435236009240
1963 3746 -6690 435236007350 435236014040
1964 2467 -1890 435236007350 435236009240
1964 2492 -1980 435236007350 435236009330
1964 2501 -2025 435236007350 435236009375
1964 2585 -2340 435236007350 435236009690
1965 2424 -1710 435236007365 435236009075
1965 2455 -1830 435236007365 435236009195
1965 2463 -1860 435236007365 435236009225
1965 2467 -1875 435236007365 435236009240
1965 2475 -1905 435236007365 435236009270
1965 4184 -8310 435236007365 435236015675
1965 4197 -8370 435236007365 435236015735
1965 5037 -11520 435236007365 435236018885
1966 2464 -1860 435236007365 435236009225
1966 4214 -8430 435236007365 435236015795
1966 4885 -10950 435236007365 435236018315
1966 5466 -13125 435236007365 435236020490
1966 5469 -13140 435236007365 435236020505
1966 5474 -13155 435236007365 435236020520
1966 6295 -16230 435236007365 435236023595
1967 2453 -1830 435236007365 435236009195
1967 2456 -1830 435236007365 435236009195
1967 2460 -1845 435236007365 435236009210
1967 2461 -1860 435236007365 435236009225
1967 4006 -7650 435236007365 435236015015
1968 2230 -990 435236007365 435236008355
1968 2415 -1680 435236007365 435236009045
1968 2423 -1710 435236007365 435236009075
1968 2442 -1785 435236007365 435236009150
1968 2450 -1815 435236007365 435236009180
1968 2454 -1830 435236007365 435236009195
1968 2458 -1845 435236007365 435236009210
1968 2462 -1860 435236007365 435236009225
1968 2466 -1875 435236007365 435236009240
1968 2470 -1890 435236007365 435236009255
1968 2472 -1890 435236007365 435236009255
1968 2477 -1920 435236007365 435236009285
1968 2478 -1920 435236007365 435236009285
1968 2502 -2010 435236007365 435236009375
1968 2509 -2040 435236007365 435236009405
1968 2510 -2040 435236007365 435236009405
1968 2966 -3750 435236007365 435236011115
1968 6124 -15585 435236007365 435236022950
1968 6310 -16290 435236007365 435236023655
1969 2041 -270 435236007380 435236007650
1969 2459 -1830 435236007380 435236009210
1969 2467 -1860 435236007380 435236009240
1969 2617 -2430 435236007380 435236009810
1969 2913 -3540 435236007380 435236010920
1969 3081 -4170 435236007380 435236011550
1969 3129 -4350 435236007380 435236011730
1969 3529 -5850 435236007380 435236013230
1969 4217 -8430 435236007380 435236015810
1969 4225 -8460 435236007380 435236015840
1969 4825 -10710 435236007380 435236018090
1970 2220 -930 435236007380 435236008310
1970 2460 -1830 435236007380 435236009210
1970 2786 -3060 435236007380 435236010440
1971 2044 -270 435236007380 435236007650
1971 2456 -1815 435236007380 435236009195
1971 2457 -1830 435236007380 435236009210
1971 2465 -1860 435236007380 435236009240
1972 2467 -1860 435236007380 435236009240
1972 2492 -1950 435236007380 435236009330
1972 2509 -2025 435236007380 435236009405
1972 2938 -3630 435236007380 435236011010
1972 3754 -6690 435236007380 435236014070
1973 2022 -180 435236007395 435236007575
1973 2455 -1800 435236007395 435236009195
1973 2484 -1905 435236007395 435236009300
1974 4214 -8400 435236007395 435236015795
1974 5466 -13095 435236007395 435236020490
1974 5469 -13110 435236007395 435236020505
1975 2452 -1785 435236007395 435236009180
1975 2453 -1800 435236007395 435236009195
1975 2460 -1815 435236007395 435236009210
1975 2461 -1830 435236007395 435236009225
1975 3967 -7470 435236007395 435236014865
1976 2450 -1785 435236007395 435236009180
1976 2454 -1800 435236007395 435236009195
1976 4440 -9240 435236007395 435236016635
1977 2451 -1770 435236007410 435236009180
1977 2459 -1800 435236007410 435236009210
1977 2505 -1980 435236007410 435236009390
1977 2561 -2190 435236007410 435236009600
1977 2569 -2220 435236007410 435236009630
1977 4217 -8400 435236007410 435236015810
1978 2452 -1770 435236007410 435236009180
1978 2781 -3015 435236007410 435236010425
1978 2940 -3600 435236007410 435236011010
1978 4480 -9375 435236007410 435236016785
1978 4531 -9570 435236007410 435236016980
1978 5391 -12795 435236007410 435236020205
1978 5579 -13500 435236007410 435236020910
1978 6084 -15390 435236007410 435236022800
1979 2441 -1740 435236007410 435236009150
1979 2449 -1770 435236007410 435236009180
1979 2465 -1830 435236007410 435236009240
1979 2473 -1860 435236007410 435236009270
1979 2938 -3600 435236007410 435236011010
1979 4386 -9030 435236007410 435236016440
1980 2442 -1740 435236007410 435236009150
1980 2450 -1770 435236007410 435236009180
1980 2451 -1770 435236007410 435236009180
1980 2482 -1890 435236007410 435236009300
1980 2509 -1995 435236007410 435236009405
1981 2053 -270 435236007425 435236007695
1981 2427 -1665 435236007425 435236009090
1981 2435 -1695 435236007425 435236009120
1981 2439 -1710 435236007425 435236009135
1981 2447 -1740 435236007425 435236009165
1981 2455 -1770 435236007425 435236009195
1982 2448 -1740 435236007425 435236009165
1982 2575 -2220 435236007425 435236009645
1982 2581 -2250 435236007425 435236009675
1982 2855 -3270 435236007425 435236010695
1982 3037 -3960 435236007425 435236011385
1982 3751 -6630 435236007425 435236014055
1982 5426 -12915 435236007425 435236020340
1982 5925 -14790 435236007425 435236022215
1983 2028 -165 435236007425 435236007590
1983 2048 -240 435236007425 435236007665
1983 2445 -1740 435236007425 435236009165
1983 2452 -1755 435236007425 435236009180
1984 2438 -1710 435236007425 435236009135
1984 2446 -1740 435236007425 435236009165
1984 2454 -1770 435236007425 435236009195
1985 2057 -270 435236007440 435236007710
1985 2451 -1740 435236007440 435236009180
1985 2521 -2010 435236007440 435236009450
1985 2809 -3090 435236007440 435236010530
1985 6270 -16065 435236007440 435236023505
1986 2444 -1710 435236007440 435236009150
1986 2452 -1740 435236007440 435236009180
1986 3012 -3840 435236007440 435236011280
1986 3027 -3900 435236007440 435236011340
1987 3090 -4140 435236007440 435236011580
1988 2426 -1650 435236007440 435236009090
1988 2434 -1680 435236007440 435236009120
1988 2442 -1710 435236007440 435236009150
1988 2450 -1740 435236007440 435236009180
1989 2423 -1620 435236007455 435236009075
1990 2061 -270 435236007455 435236007725
1990 2443 -1695 435236007455 435236009150
1990 2621 -2370 435236007455 435236009825
1991 2048 -210 435236007455 435236007665
1991 2072 -300 435236007455 435236007755
1991 2444 -1695 435236007455 435236009150
1991 2452 -1725 435236007455 435236009180
1991 2680 -2580 435236007455 435236010035
1991 3988 -7485 435236007455 435236014940
1992 2438 -1680 435236007455 435236009135
1992 2441 -1695 435236007455 435236009150
1993 2057 -240 435236007470 435236007710
1993 2439 -1665 435236007470 435236009135
1993 2447 -1695 435236007470 435236009165
1993 4337 -8790 435236007470 435236016260
1993 5209 -12060 435236007470 435236019530
1994 2052 -210 435236007470 435236007680
1994 2535 -2025 435236007470 435236009495
1994 2575 -2175 435236007470 435236009645
1994 2660 -2490 435236007470 435236009960
1995 2436 -1650 435236007470 435236009120
1995 2444 -1680 435236007470 435236009150
1995 2445 -1695 435236007470 435236009165
1996 2236 -900 435236007470 435236008370
1996 2974 -3675 435236007470 435236011145
1997 2442 -1665 435236007485 435236009150
1997 2973 -3660 435236007485 435236011145
1997 3688 -6330 435236007485 435236013815
1997 3787 -6705 435236007485 435236014190
1997 5142 -11790 435236007485 435236019275
1998 2427 -1605 435236007485 435236009090
1998 3664 -6240 435236007485 435236013725
1999 2444 -1665 435236007485 435236009150
1999 2535 -2010 435236007485 435236009495
1999 2660 -2475 435236007485 435236009960
1999 3996 -7485 435236007485 435236014970
2000 3665 -6255 435236007485 435236013740
2001 2082 -300 435236007500 435236007800
2001 2439 -1635 435236007500 435236009135
2001 2521 -1950 435236007500 435236009450
2001 4337 -8760 435236007500 435236016260
2001 4409 -9030 435236007500 435236016530
2001 5278 -12285 435236007500 435236019785
2001 5281 -12300 435236007500 435236019800
2002 3967 -7365 435236007500 435236014865
2004 2441 -1650 435236007500 435236009150
2004 3336 -4995 435236007500 435236012495
2005 2074 -255 435236007515 435236007770
2005 2438 -1620 435236007515 435236009135
2005 2454 -1680 435236007515 435236009195
2006 2447 -1650 435236007515 435236009165
2007 2493 -1830 435236007515 435236009345
2007 3063 -3960 435236007515 435236011475
2007 3066 -3975 435236007515 435236011490
2008 2056 -180 435236007515 435236007695
2008 3244 -4635 435236007515 435236012150
2008 3252 -4665 435236007515 435236012180
2009 3601 -5970 435236007530 435236013500
2009 3643 -6120 435236007530 435236013650
2009 4249 -8400 435236007530 435236015930
2009 5278 -12255 435236007530 435236019785
2009 5289 -12300 435236007530 435236019830
2009 5297 -12330 435236007530 435236019860
2010 2053 -165 435236007530 435236007695
2010 2125 -435 435236007530 435236007965
2010 2439 -1605 435236007530 435236009135
2010 2443 -1620 435236007530 435236009150
2010 2448 -1635 435236007530 435236009165
2010 2455 -1665 435236007530 435236009195
2010 2456 -1665 435236007530 435236009195
2010 2597 -2205 435236007530 435236009735
2010 2922 -3420 435236007530 435236010950
2010 3066 -3960 435236007530 435236011490
2010 3090 -4050 435236007530 435236011580
2012 2441 -1620 435236007530 435236009150
2013 2214 -750 435236007545 435236008295
2013 2438 -1590 435236007545 435236009135
2013 4293 -8550 435236007545 435236016095
2014 2439 -1590 435236007545 435236009135
2015 2440 -1590 435236007545 435236009135
2015 2615 -2250 435236007545 435236009795
2015 4362 -8805 435236007545 435236016350
2016 2192 -660 435236007545 435236008205
2016 2656 -2400 435236007545 435236009945
2017 2435 -1560 435236007560 435236009120
2017 2439 -1575 435236007560 435236009135
2017 2447 -1605 435236007560 435236009165
2017 4217 -8250 435236007560 435236015810
2017 4249 -8370 435236007560 435236015930
2017 4265 -8430 435236007560 435236015990
2017 4289 -8520 435236007560 435236016080
2017 4537 -9450 435236007560 435236017010
2017 5209 -11970 435236007560 435236019530
2017 5273 -12210 435236007560 435236019770
2017 5289 -12270 435236007560 435236019830
2017 5305 -12330 435236007560 435236019890
2018 2866 -3180 435236007560 435236010740
2018 4450 -9120 435236007560 435236016680
2019 6343 -16215 435236007560 435236023775
2020 2440 -1575 435236007560 435236009135
2020 2535 -1935 435236007560 435236009495
2020 3012 -3720 435236007560 435236011280
2020 3027 -3780 435236007560 435236011340
2020 3163 -4290 435236007560 435236011850
2020 3216 -4485 435236007560 435236012045
2021 2629 -2280 435236007575 435236009855
2021 4293 -8520 435236007575 435236016095
2021 4501 -9300 435236007575 435236016875
2022 2398 -1410 435236007575 435236008985
2022 4224 -8250 435236007575 435236015825
2023 2607 -2190 435236007575 435236009765
2023 2647 -2340 435236007575 435236009915
2025 2137 -420 435236007590 435236008010
2025 4113 -7830 435236007590 435236015420
2025 4505 -9300 435236007590 435236016890
2025 4537 -9420 435236007590 435236017010
2026 2108 -300 435236007590 435236007890
2026 6294 -16005 435236007590 435236023595
2027 2595 -2130 435236007590 435236009720
2027 2619 -2220 435236007590 435236009810
2028 2604 -2160 435236007590 435236009750
2029 3037 -3780 435236007605 435236011385
2029 3089 -3975 435236007605 435236011580
2029 4084 -7695 435236007605 435236015300
2030 2078 -180 435236007605 435236007785
2030 2395 -1365 435236007605 435236008970
2030 3342 -4920 435236007605 435236012525
2030 3350 -4950 435236007605 435236012555
2030 4224 -8220 435236007605 435236015825
2031 2187 -585 435236007605 435236008190
2031 2214 -690 435236007605 435236008295
2031 2637 -2280 435236007605 435236009885
2032 2627 -2235 435236007605 435236009840
2032 2640 -2280 435236007605 435236009885
2033 2129 -360 435236007620 435236007980
2033 3001 -3630 435236007620 435236011250
2033 4305 -8520 435236007620 435236016140
2033 4505 -9270 435236007620 435236016890
2034 2490 -1710 435236007620 435236009330
2034 2879 -3165 435236007620 435236010785
2034 4021 -7455 435236007620 435236015075
2035 2444 -1530 435236007620 435236009150
2035 3019 -3690 435236007620 435236011310
2035 4444 -9030 435236007620 435236016650
2035 5936 -14625 435236007620 435236022245
2036 2628 -2220 435236007620 435236009840
2036 2637 -2265 435236007620 435236009885
2036 5389 -12585 435236007620 435236020205
2037 2484 -1665 435236007635 435236009300
2037 2653 -2310 435236007635 435236009945
2037 4125 -7830 435236007635 435236015465
2037 6164 -15465 435236007635 435236023100
2038 4029 -7470 435236007635 435236015105
2038 4224 -8190 435236007635 435236015825
2039 2223 -690 435236007635 435236008325
2039 2631 -2220 435236007635 435236009855
2040 2619 -2175 435236007635 435236009810
2040 2627 -2205 435236007635 435236009840
2040 2632 -2220 435236007635 435236009855
2041 2145 -390 435236007650 435236008040
2041 2609 -2130 435236007650 435236009780
2041 2617 -2160 435236007650 435236009810
2041 3129 -4080 435236007650 435236011730
2041 4529 -9330 435236007650 435236016980
2042 4522 -9300 435236007650 435236016950
2042 5354 -12420 435236007650 435236020070
2043 2452 -1530 435236007650 435236009180
2043 3347 -4890 435236007650 435236012540
2043 4875 -10620 435236007650 435236018270
2044 2484 -1650 435236007650 435236009300
2044 2636 -2220 435236007650 435236009870
2044 3037 -3735 435236007650 435236011385
2044 4230 -8205 435236007650 435236015855
2045 2605 -2100 435236007665 435236009765
2046 2398 -1320 435236007665 435236008985
2046 2406 -1350 435236007665 435236009015
2046 3342 -4860 435236007665 435236012525
2046 4029 -7440 435236007665 435236015105
2047 2813 -2880 435236007665 435236010545
2048 2619 -2145 435236007665 435236009810
2048 2627 -2175 435236007665 435236009840
2049 2625 -2160 435236007680 435236009840
2049 4513 -9240 435236007680 435236016920
2049 4521 -9270 435236007680 435236016950
2049 4529 -9300 435236007680 435236016980
2049 4553 -9390 435236007680 435236017070
2050 2101 -195 435236007680 435236007875
2050 2108 -210 435236007680 435236007890
2050 2395 -1290 435236007680 435236008970
2050 2478 -1605 435236007680 435236009285
2050 3501 -5445 435236007680 435236013125
2051 2659 -2280 435236007680 435236009960
2051 2675 -2340 435236007680 435236010020
2051 2683 -2370 435236007680 435236010050
2051 3076 -3840 435236007680 435236011520
2051 3988 -7260 435236007680 435236014940
2051 3996 -7290 435236007680 435236014970
2051 4547 -9360 435236007680 435236017040
2052 2244 -720 435236007680 435236008400
2052 4388 -8760 435236007680 435236016440
2052 4420 -8880 435236007680 435236016560
2053 2439 -1440 435236007695 435236009135
2054 3350 -4860 435236007695 435236012555
2055 3339 -4815 435236007695 435236012510
2055 3535 -5550 435236007695 435236013245
2055 4471 -9060 435236007695 435236016755
2056 2656 -2250 435236007695 435236009945
2056 3027 -3645 435236007695 435236011340
2057 2129 -270 435236007710 435236007980
2057 2153 -360 435236007710 435236008070
2057 2185 -480 435236007710 435236008190
2057 3001 -3540 435236007710 435236011250
2057 6297 -15900 435236007710 435236023610
2058 2385 -1230 435236007710 435236008940
2058 2410 -1320 435236007710 435236009030
2058 2490 -1620 435236007710 435236009330
2058 6182 -15465 435236007710 435236023175
2058 6249 -15720 435236007710 435236023430
2059 3996 -7260 435236007710 435236014970
2059 4547 -9330 435236007710 435236017040
2060 4271 -8295 435236007710 435236016005
2060 4367 -8655 435236007710 435236016365
2061 2581 -1950 435236007725 435236009675
2061 3037 -3660 435236007725 435236011385
2061 3106 -3915 435236007725 435236011640
2062 2108 -165 435236007725 435236007890
2062 2395 -1245 435236007725 435236008970
2062 2411 -1305 435236007725 435236009030
2062 3374 -4920 435236007725 435236012645
2063 3347 -4815 435236007725 435236012540
2063 4002 -7275 435236007725 435236015000
2063 4551 -9330 435236007725 435236017055
2063 4554 -9345 435236007725 435236017070
2064 2547 -1815 435236007725 435236009540
2064 2568 -1890 435236007725 435236009615
2065 2409 -1290 435236007740 435236009030
2065 2425 -1350 435236007740 435236009090
2065 2433 -1380 435236007740 435236009120
2065 2481 -1560 435236007740 435236009300
2065 2641 -2160 435236007740 435236009900
2065 2649 -2190 435236007740 435236009930
2065 3001 -3510 435236007740 435236011250
2065 3065 -3750 435236007740 435236011490
2065 3761 -6360 435236007740 435236014100
2065 4329 -8490 435236007740 435236016230
2065 4785 -10200 435236007740 435236017940
2065 4793 -10230 435236007740 435236017970
2066 2429 -1365 435236007740 435236009105
2066 4009 -7290 435236007740 435236015030
2066 4326 -8475 435236007740 435236016215
2066 4554 -9330 435236007740 435236017070
2067 2411 -1290 435236007740 435236009030
2067 2683 -2310 435236007740 435236010050
2067 4213 -8055 435236007740 435236015795
2067 4555 -9330 435236007740 435236017070
2068 2564 -1860 435236007740 435236009600
2068 2572 -1890 435236007740 435236009630
2068 2676 -2280 435236007740 435236010020
2068 4309 -8415 435236007740 435236016155
2068 4517 -9195 435236007740 435236016935
2069 4181 -7920 435236007755 435236015675
2069 6045 -14910 435236007755 435236022665
2069 6157 -15330 435236007755 435236023085
2070 2758 -2580 435236007755 435236010335
2070 3974 -7140 435236007755 435236014895
2070 3982 -7170 435236007755 435236014925
2070 4526 -9210 435236007755 435236016965
2070 4558 -9330 435236007755 435236017085
2071 2542 -1770 435236007755 435236009525
2071 4006 -7260 435236007755 435236015015
2071 4046 -7410 435236007755 435236015165
2071 4077 -7530 435236007755 435236015285
2071 4358 -8580 435236007755 435236016335
2071 4382 -8670 435236007755 435236016425
2071 5299 -12105 435236007755 435236019860
2072 2544 -1770 435236007755 435236009525
2072 2680 -2280 435236007755 435236010035
2072 2688 -2310 435236007755 435236010065
2072 3224 -4320 435236007755 435236012075
2072 4309 -8400 435236007755 435236016155
2073 2419 -1290 435236007770 435236009060
2073 2617 -2040 435236007770 435236009810
2073 3370 -4860 435236007770 435236012630
2073 4529 -9210 435236007770 435236016980
2073 4537 -9240 435236007770 435236017010
2074 2454 -1425 435236007770 435236009195
2074 2649 -2160 435236007770 435236009930
2074 2665 -2220 435236007770 435236009990
2074 4490 -9060 435236007770 435236016830
2075 4046 -7395 435236007770 435236015165
2075 4092 -7560 435236007770 435236015330
2075 5299 -12090 435236007770 435236019860
2075 5344 -12255 435236007770 435236020025
2076 2871 -2985 435236007770 435236010755
2076 3005 -3495 435236007770 435236011265
2076 4517 -9165 435236007770 435236016935
2077 2269 -720 435236007785 435236008505
2077 4533 -9210 435236007785 435236016995
2077 4549 -9270 435236007785 435236017055
2078 3974 -7110 435236007785 435236014895
2078 4006 -7230 435236007785 435236015015
2078 4558 -9300 435236007785 435236017085
2079 2254 -660 435236007785 435236008445
2079 2542 -1740 435236007785 435236009525
2079 4077 -7500 435236007785 435236015285
2079 4085 -7530 435236007785 435236015315
2079 4113 -7635 435236007785 435236015420
2079 4128 -7680 435236007785 435236015465
2079 5302 -12090 435236007785 435236019875
2080 3216 -4260 435236007785 435236012045
2080 3261 -4440 435236007785 435236012225
2080 3316 -4635 435236007785 435236012420
2080 4123 -7665 435236007785 435236015450
2080 6088 -15030 435236007785 435236022815
2080 6104 -15090 435236007785 435236022875
2081 2593 -1920 435236007800 435236009720
2081 2649 -2130 435236007800 435236009930
2081 3977 -7110 435236007800 435236014910
2081 4009 -7230 435236007800 435236015030
2082 2522 -1650 435236007800 435236009450
2082 4085 -7515 435236007800 435236015315
2082 4337 -8460 435236007800 435236016260
2083 2135 -195 435236007800 435236007995
2083 2189 -405 435236007800 435236008205
2083 2260 -660 435236007800 435236008460
2083 2863 -2925 435236007800 435236010725
2083 3924 -6900 435236007800 435236014700
2083 5540 -12960 435236007800 435236020760
2083 5584 -13125 435236007800 435236020925
2084 2684 -2250 435236007800 435236010050
2084 2693 -2295 435236007800 435236010095
2084 4524 -9150 435236007800 435236016950
2085 2432 -1290 435236007815 435236009105
2085 2435 -1305 435236007815 435236009120
2085 3643 -5835 435236007815 435236013650
2086 2449 -1365 435236007815 435236009180
2086 2454 -1380 435236007815 435236009195
2086 2468 -1425 435236007815 435236009240
2086 2566 -1800 435236007815 435236009615
2086 2649 -2115 435236007815 435236009930
2086 2665 -2175 435236007815 435236009990
2086 4494 -9030 435236007815 435236016845
2086 6302 -15810 435236007815 435236023625
2087 2514 -1605 435236007815 435236009420
2087 2522 -1635 435236007815 435236009450
2087 2553 -1755 435236007815 435236009570
2087 4394 -8655 435236007815 435236016470
2087 6174 -15330 435236007815 435236023145
2087 6190 -15390 435236007815 435236023205
2088 4508 -9075 435236007815 435236016890
2089 3982 -7095 435236007830 435236014925
2089 4009 -7200 435236007830 435236015030
2089 5353 -12240 435236007830 435236020070
2089 5465 -12660 435236007830 435236020490
2090 2550 -1725 435236007830 435236009555
2090 4006 -7185 435236007830 435236015015
2090 4085 -7485 435236007830 435236015315
2091 2172 -300 435236007830 435236008130
2091 2791 -2625 435236007830 435236010455
2091 4412 -8700 435236007830 435236016530
2092 2432 -1275 435236007830 435236009105
2092 2765 -2535 435236007830 435236010365
2092 3981 -7095 435236007830 435236014925
2092 4551 -9225 435236007830 435236017055
2093 2399 -1140 435236007845 435236008985
2093 2430 -1260 435236007845 435236009105
2093 2431 -1260 435236007845 435236009105
2093 5450 -12585 435236007845 435236020430
2094 2185 -345 435236007845 435236008190
2094 4084 -7455 435236007845 435236015300
2094 4208 -7920 435236007845 435236015765
2095 2146 -195 435236007845 435236008040
2095 2553 -1725 435236007845 435236009570
2095 3347 -4695 435236007845 435236012540
2095 4084 -7455 435236007845 435236015300
2095 6197 -15390 435236007845 435236023235
2096 6084 -14955 435236007845 435236022800
2097 2161 -240 435236007860 435236008100
2097 3137 -3900 435236007860 435236011760
2097 3617 -5700 435236007860 435236013560
2097 4073 -7410 435236007860 435236015270
2097 4473 -8910 435236007860 435236016770
2097 4593 -9360 435236007860 435236017220
2097 6385 -16080 435236007860 435236023940
2099 3216 -4185 435236007860 435236012045
2099 3355 -4710 435236007860 435236012570
2099 3628 -5730 435236007860 435236013590
2100 3784 -6315 435236007860 435236014175
2101 2403 -1125 435236007875 435236009000
2101 3037 -3510 435236007875 435236011385
2101 3982 -7050 435236007875 435236014925
2102 2566 -1740 435236007875 435236009615
2102 3614 -5670 435236007875 435236013545
2102 6190 -15330 435236007875 435236023205
2103 2172 -255 435236007875 435236008130
2103 2791 -2580 435236007875 435236010455
2103 2847 -2790 435236007875 435236010665
2103 3165 -3990 435236007875 435236011865
2103 4997 -10860 435236007875 435236018735
2103 5479 -12660 435236007875 435236020535
2104 2765 -2490 435236007875 435236010365
2105 2153 -180 435236007890 435236008070
2105 2161 -210 435236007890 435236008100
2105 2169 -240 435236007890 435236008130
2105 2985 -3300 435236007890 435236011190
2105 3185 -4050 435236007890 435236011940
2105 4113 -7530 435236007890 435236015420
2106 2175 -255 435236007890 435236008145
2106 3066 -3600 435236007890 435236011490
2106 4450 -8790 435236007890 435236016680
2106 5354 -12180 435236007890 435236020070
2107 3240 -4245 435236007890 435236012135
2107 4532 -9090 435236007890 435236016980
2109 2794 -2565 435236007905 435236010470
2109 4063 -7320 435236007905 435236015225
2109 4157 -7680 435236007905 435236015585
2109 4277 -8130 435236007905 435236016035
2109 5474 -12615 435236007905 435236020520
2110 4030 -7200 435236007905 435236015105
2110 4038 -7230 435236007905 435236015135
2110 5345 -12135 435236007905 435236020040
2111 2216 -390 435236007905 435236008295
2111 2968 -3210 435236007905 435236011115
2111 3151 -3900 435236007905 435236011805
2111 3447 -5010 435236007905 435236012915
2111 3455 -5040 435236007905 435236012945
2111 6084 -14895 435236007905 435236022800
2113 2169 -210 435236007920 435236008130
2113 3129 -3810 435236007920 435236011730
2113 3457 -5040 435236007920 435236012960
2113 3769 -6210 435236007920 435236014130
2113 3905 -6720 435236007920 435236014640
2113 4041 -7230 435236007920 435236015150
2113 4049 -7260 435236007920 435236015180
2113 4097 -7440 435236007920 435236015360
2113 4113 -7500 435236007920 435236015420
2113 4129 -7560 435236007920 435236015480
2114 2175 -225 435236007920 435236008145
2114 2850 -2760 435236007920 435236010680
2114 3967 -6945 435236007920 435236014865
2114 4482 -8880 435236007920 435236016800
2114 5354 -12150 435236007920 435236020070
2115 2235 -450 435236007920 435236008370
2115 3240 -4215 435236007920 435236012135
2115 3244 -4230 435236007920 435236012150
2115 3248 -4245 435236007920 435236012165
2115 4339 -8340 435236007920 435236016260
2115 6020 -14640 435236007920 435236022560
2115 6072 -14835 435236007920 435236022755
2116 2204 -330 435236007920 435236008250
2116 3069 -3585 435236007920 435236011505
2116 3135 -3825 435236007920 435236011745
2117 2202 -315 435236007935 435236008250
2117 4401 -8565 435236007935 435236016500
2118 2542 -1590 435236007935 435236009525
2118 2558 -1650 435236007935 435236009585
2118 4046 -7230 435236007935 435236015165
2119 3181 -3990 435236007935 435236011925
2119 4447 -8730 435236007935 435236016665
2120 3232 -4170 435236007935 435236012105
2120 3244 -4215 435236007935 435236012150
2121 2561 -1650 435236007950 435236009600
2121 2577 -1710 435236007950 435236009660
2121 4041 -7200 435236007950 435236015150
2121 4049 -7230 435236007950 435236015180
2121 4057 -7260 435236007950 435236015210
2121 4505 -8940 435236007950 435236016890
2122 2847 -2715 435236007950 435236010665
2122 3130 -3780 435236007950 435236011730
2122 3181 -3975 435236007950 435236011925
2122 5970 -14430 435236007950 435236022380
2123 3240 -4185 435236007950 435236012135
2123 3248 -4215 435236007950 435236012165
2123 5503 -12675 435236007950 435236020625
2123 5536 -12795 435236007950 435236020745
2123 5595 -13020 435236007950 435236020970
2124 2300 -660 435236007950 435236008610
2124 2387 -990 435236007950 435236008940
2124 2492 -1380 435236007950 435236009330
2124 2548 -1590 435236007950 435236009540
2124 4193 -7770 435236007950 435236015720
2125 2472 -1290 435236007965 435236009255
2125 3005 -3300 435236007965 435236011265
2125 4010 -7065 435236007965 435236015030
2125 4114 -7455 435236007965 435236015420
2125 6156 -15105 435236007965 435236023070
2126 2550 -1590 435236007965 435236009555
2126 2566 -1650 435236007965 435236009615
2127 2180 -195 435236007965 435236008160
2127 2181 -210 435236007965 435236008175
2127 2189 -240 435236007965 435236008205
2127 3135 -3780 435236007965 435236011745
2127 4460 -8745 435236007965 435236016710
2127 4935 -10530 435236007965 435236018495
2127 5391 -12240 435236007965 435236020205
2128 3240 -4170 435236007965 435236012135
2128 3984 -6960 435236007965 435236014925
2128 3992 -6990 435236007965 435236014955
2129 2521 -1470 435236007980 435236009450
2129 2553 -1590 435236007980 435236009570
2129 2777 -2430 435236007980 435236010410
2129 2985 -3210 435236007980 435236011190
2129 3001 -3270 435236007980 435236011250
2129 4441 -8670 435236007980 435236016650
2130 2575 -1665 435236007980 435236009645
2130 2759 -2355 435236007980 435236010335
2130 2986 -3210 435236007980 435236011190
2130 3106 -3660 435236007980 435236011640
2130 3994 -6990 435236007980 435236014970
2130 4114 -7440 435236007980 435236015420
2130 4899 -10380 435236007980 435236018360
2131 2180 -180 435236007980 435236008160
2131 2219 -330 435236007980 435236008310
2131 3272 -4275 435236007980 435236012255
2131 4405 -8535 435236007980 435236016515
2132 3004 -3270 435236007980 435236011250
2132 3253 -4215 435236007980 435236012195
2132 3347 -4560 435236007980 435236012540
2132 4189 -7725 435236007980 435236015705
2133 2357 -840 435236007995 435236008835
2133 2359 -840 435236007995 435236008835
2133 2365 -870 435236007995 435236008865
2133 2381 -930 435236007995 435236008925
2133 2767 -2370 435236007995 435236010365
2133 3061 -3480 435236007995 435236011475
2133 3269 -4260 435236007995 435236012255
2133 3557 -5340 435236007995 435236013335
2133 3621 -5580 435236007995 435236013575
2133 3629 -5610 435236007995 435236013605
2134 2558 -1590 435236007995 435236009585
2134 2566 -1620 435236007995 435236009615
2134 4038 -7140 435236007995 435236015135
2134 4054 -7200 435236007995 435236015195
2135 2181 -180 435236007995 435236008175
2135 3135 -3750 435236007995 435236011745
2135 3143 -3780 435236007995 435236011775
2135 5444 -12405 435236007995 435236020400
2135 5474 -12525 435236007995 435236020520
2135 5532 -12735 435236007995 435236020730
2136 2568 -1620 435236007995 435236009615
2136 3248 -4170 435236007995 435236012165
2137 2561 -1590 435236008010 435236009600
2137 2569 -1620 435236008010 435236009630
2137 2577 -1650 435236008010 435236009660
2137 2657 -1950 435236008010 435236009960
2137 3753 -6060 435236008010 435236014070
2138 2575 -1635 435236008010 435236009645
2138 2634 -1860 435236008010 435236009870
2138 3181 -3915 435236008010 435236011925
2138 4450 -8670 435236008010 435236016680
2139 2196 -210 435236008010 435236008220
2139 2211 -270 435236008010 435236008280
2139 2216 -285 435236008010 435236008295
2139 5391 -12195 435236008010 435236020205
2139 5408 -12255 435236008010 435236020265
2140 2871 -2745 435236008010 435236010755
2140 3652 -5670 435236008010 435236013680
2141 2224 -300 435236008025 435236008325
2141 2373 -870 435236008025 435236008895
2141 2605 -1740 435236008025 435236009765
2141 4132 -7455 435236008025 435236015480
2141 4442 -8625 435236008025 435236016650
2141 4703 -9600 435236008025 435236017625
2141 5338 -11985 435236008025 435236020010
2141 5450 -12405 435236008025 435236020430
2142 2566 -1590 435236008025 435236009615
2142 2574 -1620 435236008025 435236009645
2142 4014 -7020 435236008025 435236015045
2143 2397 -960 435236008025 435236008985
2143 3127 -3690 435236008025 435236011715
2143 3135 -3720 435236008025 435236011745
2143 3501 -5100 435236008025 435236013125
2144 4448 -8640 435236008025 435236016665
2145 2577 -1620 435236008040 435236009660
2145 2617 -1770 435236008040 435236009810
2146 2602 -1710 435236008040 435236009750
2146 4450 -8640 435236008040 435236016680
2146 4522 -8910 435236008040 435236016950
2148 2269 -465 435236008040 435236008505
2148 4140 -7470 435236008040 435236015510
2148 4156 -7530 435236008040 435236015570
2149 2260 -405 435236008055 435236008460
2149 3117 -3630 435236008055 435236011685
2149 4447 -8610 435236008055 435236016665
2149 5412 -12225 435236008055 435236020280
2150 4224 -7770 435236008055 435236015825
2150 4533 -8940 435236008055 435236016995
2151 2404 -945 435236008055 435236009000
2151 2676 -1965 435236008055 435236010020
2151 3135 -3690 435236008055 435236011745
2151 3867 -6435 435236008055 435236014490
2151 4471 -8700 435236008055 435236016755
2151 5591 -12900 435236008055 435236020955
2151 5599 -12930 435236008055 435236020985
2152 2235 -315 435236008055 435236008370
2152 4027 -7035 435236008055 435236015090
2152 5403 -12195 435236008055 435236020250
2152 5448 -12360 435236008055 435236020415
2152 5528 -12660 435236008055 435236020715
2153 2553 -1500 435236008070 435236009570
2153 2561 -1530 435236008070 435236009600
2153 2633 -1800 435236008070 435236009870
2153 3561 -5280 435236008070 435236013350
2153 3937 -6690 435236008070 435236014760
2153 4441 -8580 435236008070 435236016650
2153 4537 -8940 435236008070 435236017010
2153 4729 -9660 435236008070 435236017730
2153 5177 -11340 435236008070 435236019410
2154 3034 -3300 435236008070 435236011370
2154 3845 -6345 435236008070 435236014415
2154 3909 -6585 435236008070 435236014655
2154 4114 -7350 435236008070 435236015420
2154 4138 -7440 435236008070 435236015510
2154 4466 -8670 435236008070 435236016740
2155 2772 -2310 435236008070 435236010380
2155 2788 -2370 435236008070 435236010440
2155 3252 -4110 435236008070 435236012180
2155 3275 -4200 435236008070 435236012270
2155 3283 -4230 435236008070 435236012300
2155 4308 -8070 435236008070 435236016140
2155 4627 -9270 435236008070 435236017340
2155 5595 -12900 435236008070 435236020970
2155 6323 -15630 435236008070 435236023700
2156 3135 -3675 435236008070 435236011745
2156 5452 -12360 435236008070 435236020430
2156 5579 -12840 435236008070 435236020910
2157 2525 -1380 435236008085 435236009465
2157 3135 -3660 435236008085 435236011745
2157 3757 -6000 435236008085 435236014085
2157 3933 -6660 435236008085 435236014745
2158 2342 -690 435236008085 435236008775
2158 2366 -780 435236008085 435236008865
2158 3322 -4365 435236008085 435236012450
2158 3326 -4380 435236008085 435236012465
2158 5340 -11925 435236008085 435236020010
2158 5559 -12750 435236008085 435236020835
2158 5578 -12825 435236008085 435236020910
2159 2567 -1530 435236008085 435236009615
2159 3794 -6135 435236008085 435236014220
2159 3799 -6150 435236008085 435236014235
2160 4644 -9315 435236008085 435236017400
2161 2249 -330 435236008100 435236008430
2161 2257 -360 435236008100 435236008460
2161 3369 -4530 435236008100 435236012630
2161 3633 -5520 435236008100 435236013620
2161 5593 -12870 435236008100 435236020970
2161 5697 -13260 435236008100 435236021360
2161 6033 -14520 435236008100 435236022620
2161 6145 -14940 435236008100 435236023040
2161 6353 -15720 435236008100 435236023820
2161 6361 -15750 435236008100 435236023850
2162 3042 -3300 435236008100 435236011400
2162 3066 -3390 435236008100 435236011490
2162 6058 -14610 435236008100 435236022710
2163 2648 -1815 435236008100 435236009915
2163 2664 -1875 435236008100 435236009975
2163 3012 -3180 435236008100 435236011280
2164 3045 -3315 435236008100 435236011415
2164 3165 -3765 435236008100 435236011865
2164 5460 -12360 435236008100 435236020460
2165 3045 -3300 435236008115 435236011415
2165 3501 -5010 435236008115 435236013125
2165 3525 -5100 435236008115 435236013215
2165 4215 -7680 435236008115 435236015795
2165 4533 -8880 435236008115 435236016995
2167 2575 -1530 435236008115 435236009645
2167 3455 -4830 435236008115 435236012945
2167 3463 -4860 435236008115 435236012975
2167 3471 -4890 435236008115 435236013005
2167 3591 -5340 435236008115 435236013455
2168 2648 -1800 435236008115 435236009915
2168 2656 -1830 435236008115 435236009945
2169 3353 -4440 435236008130 435236012570
2169 3801 -6120 435236008130 435236014250
2169 3913 -6540 435236008130 435236014670
2169 4697 -9480 435236008130 435236017610
2169 4721 -9570 435236008130 435236017700
2169 6217 -15180 435236008130 435236023310
2170 4138 -7380 435236008130 435236015510
2170 4490 -8700 435236008130 435236016830
2171 4051 -7050 435236008130 435236015180
2171 6335 -15615 435236008130 435236023745
2172 4464 -8595 435236008130 435236016725
2172 5595 -12840 435236008130 435236020970
2173 3165 -3720 435236008145 435236011865
2173 3525 -5070 435236008145 435236013215
2173 4461 -8580 435236008145 435236016725
2173 6347 -15645 435236008145 435236023790
2175 3743 -5880 435236008145 435236014025
2176 5536 -12600 435236008145 435236020745
2176 5587 -12795 435236008145 435236020940
2176 5595 -12825 435236008145 435236020970
2176 5667 -13095 435236008145 435236021240
2176 6016 -14400 435236008145 435236022545
2177 3353 -4410 435236008160 435236012570
2177 4537 -8850 435236008160 435236017010
2177 4721 -9540 435236008160 435236017700
2177 5097 -10950 435236008160 435236019110
2177 6017 -14400 435236008160 435236022560
2178 4682 -9390 435236008160 435236017550
2179 2238 -225 435236008160 435236008385
2179 6343 -15615 435236008160 435236023775
2180 3133 -3585 435236008160 435236011745
2180 4960 -10425 435236008160 435236018585
2180 4964 -10440 435236008160 435236018600
2180 5579 -12750 435236008160 435236020910
2180 5595 -12810 435236008160 435236020970
2180 5603 -12840 435236008160 435236021000
2180 6344 -15615 435236008160 435236023775
2180 6355 -15660 435236008160 435236023820
2181 4477 -8610 435236008175 435236016785
2181 5474 -12345 435236008175 435236020520
2181 5487 -12390 435236008175 435236020565
2181 5564 -12675 435236008175 435236020850
2182 3319 -4260 435236008175 435236012435
2182 4150 -7380 435236008175 435236015555
2182 4237 -7710 435236008175 435236015885
2182 4244 -7725 435236008175 435236015900
2182 4245 -7740 435236008175 435236015915
2182 5538 -12585 435236008175 435236020760
2182 5664 -13050 435236008175 435236021225
2183 3287 -4140 435236008175 435236012315
2184 4255 -7770 435236008175 435236015945
2184 6020 -14385 435236008175 435236022560
2185 3001 -3060 435236008190 435236011250
2185 3625 -5400 435236008190 435236013590
2185 5041 -10710 435236008190 435236018900
2185 5097 -10920 435236008190 435236019110
2185 6025 -14400 435236008190 435236022590
2185 6185 -15000 435236008190 435236023190
2186 4133 -7305 435236008190 435236015495
2186 4198 -7545 435236008190 435236015735
2187 3336 -4305 435236008190 435236012495
2188 2480 -1095 435236008190 435236009285
2188 3165 -3675 435236008190 435236011865
2188 4476 -8580 435236008190 435236016770
2188 5466 -12300 435236008190 435236020490
2188 5479 -12345 435236008190 435236020535
2188 6291 -15390 435236008190 435236023580
2188 6352 -15615 435236008190 435236023805
2189 2949 -2850 435236008205 435236011055
2189 3165 -3660 435236008205 435236011865
2189 3885 -6360 435236008205 435236014565
2189 3893 -6390 435236008205 435236014595
2189 3933 -6540 435236008205 435236014745
2189 4461 -8520 435236008205 435236016725
2189 4997 -10530 435236008205 435236018735
2189 5474 -12315 435236008205 435236020520
2190 4207 -7560 435236008205 435236015765
2190 4237 -7680 435236008205 435236015885
2190 4694 -9390 435236008205 435236017595
2191 3295 -4140 435236008205 435236012345
2191 4446 -8460 435236008205 435236016665
2191 6299 -15405 435236008205 435236023610
2193 3369 -4410 435236008220 435236012630
2193 4553 -8850 435236008220 435236017070
2193 4697 -9390 435236008220 435236017610
2193 5113 -10950 435236008220 435236019170
2194 3010 -3060 435236008220 435236011280
2194 4394 -8250 435236008220 435236016470
2194 5154 -11100 435236008220 435236019320
2195 3090 -3360 435236008220 435236011580
2196 2959 -2865 435236008220 435236011085
2196 3045 -3195 435236008220 435236011415
2196 3133 -3525 435236008220 435236011745
2196 3165 -3645 435236008220 435236011865
2196 3892 -6360 435236008220 435236014580
2196 4996 -10500 435236008220 435236018720
2197 5474 -12285 435236008235 435236020520
2197 5564 -12615 435236008235 435236020850
2197 6316 -15435 435236008235 435236023670
2198 4261 -7740 435236008235 435236015975
2198 4997 -10500 435236008235 435236018735
2198 6129 -14745 435236008235 435236022980
2199 3743 -5790 435236008235 435236014025
2200 3451 -4695 435236008235 435236012930
2200 4824 -9840 435236008235 435236018075
2201 3601 -5250 435236008250 435236013500
2201 3873 -6270 435236008250 435236014520
2201 3889 -6330 435236008250 435236014580
2201 4697 -9360 435236008250 435236017610
2201 5673 -13020 435236008250 435236021270
2201 6153 -14820 435236008250 435236023070
2202 3137 -3510 435236008250 435236011760
2203 2247 -165 435236008250 435236008415
2203 3448 -4665 435236008250 435236012915
2204 2480 -1035 435236008250 435236009285
2204 2631 -1605 435236008250 435236009855
2204 3045 -3165 435236008250 435236011415
2204 3069 -3255 435236008250 435236011505
2204 3117 -3435 435236008250 435236011685
2204 3451 -4680 435236008250 435236012930
2204 3469 -4755 435236008250 435236013005
2204 4380 -8160 435236008250 435236016410
2204 4484 -8550 435236008250 435236016800
2204 6307 -15390 435236008250 435236023640
2204 6324 -15450 435236008250 435236023700
2205 6142 -14760 435236008265 435236023025
2205 6316 -15405 435236008265 435236023670
2206 4244 -7635 435236008265 435236015900
2206 6071 -14490 435236008265 435236022755
2207 3451 -4665 435236008265 435236012930
2207 4264 -7710 435236008265 435236015975
2207 4317 -7920 435236008265 435236016185
2209 2969 -2850 435236008280 435236011130
2209 4753 -9540 435236008280 435236017820
2209 5201 -11220 435236008280 435236019500
2209 6049 -14400 435236008280 435236022680
2209 6145 -14760 435236008280 435236023040
2210 2973 -2865 435236008280 435236011145
2210 2974 -2865 435236008280 435236011145
2210 4093 -7065 435236008280 435236015345
2211 3451 -4650 435236008280 435236012930
2211 3456 -4665 435236008280 435236012945
2211 5323 -11670 435236008280 435236019950
2211 5324 -11670 435236008280 435236019950
2211 5328 -11685 435236008280 435236019965
2211 5804 -13470 435236008280 435236021750
2212 2301 -345 435236008280 435236008625
2212 3661 -5445 435236008280 435236013725
2212 3668 -5460 435236008280 435236013740
2212 3787 -5910 435236008280 435236014190
2212 3788 -5910 435236008280 435236014190
2212 4259 -7680 435236008280 435236015960
2212 4421 -8295 435236008280 435236016575
2213 3143 -3480 435236008295 435236011775
2213 4997 -10440 435236008295 435236018735
2214 2450 -885 435236008295 435236009180
2214 2974 -2850 435236008295 435236011145
2216 2260 -165 435236008295 435236008460
2216 2480 -990 435236008295 435236009285
2216 2483 -1005 435236008295 435236009300
2216 2844 -2355 435236008295 435236010650
2216 5479 -12240 435236008295 435236020535
2216 5532 -12435 435236008295 435236020730
2217 2985 -2880 435236008310 435236011190
2217 2989 -2895 435236008310 435236011205
2217 3153 -3510 435236008310 435236011820
2217 3161 -3540 435236008310 435236011850
2217 4313 -7860 435236008310 435236016170
2217 5225 -11280 435236008310 435236019590
2217 5233 -11310 435236008310 435236019620
2217 5257 -11400 435236008310 435236019710
2218 2987 -2880 435236008310 435236011190
2218 3114 -3360 435236008310 435236011670
2218 3146 -3480 435236008310 435236011790
2218 3331 -4170 435236008310 435236012480
2218 3339 -4200 435236008310 435236012510
2218 3451 -4620 435236008310 435236012930
2218 3530 -4920 435236008310 435236013230
2218 4827 -9780 435236008310 435236018090
2218 5471 -12195 435236008310 435236020505
2219 3256 -3885 435236008310 435236012195
2219 4360 -8025 435236008310 435236016335
2219 4373 -8085 435236008310 435236016395
2219 4413 -8235 435236008310 435236016545
2220 3132 -3420 435236008310 435236011730
2220 3165 -3555 435236008310 435236011865
2220 4468 -8430 435236008310 435236016740
2220 4892 -10020 435236008310 435236018330
2220 4912 -10095 435236008310 435236018405
2220 5005 -10455 435236008310 435236018765
2220 5391 -11895 435236008310 435236020205
2220 5469 -12195 435236008310 435236020505
2220 5479 -12225 435236008310 435236020535
2220 5579 -12600 435236008310 435236020910
2221 2546 -1215 435236008325 435236009540
2221 3311 -4080 435236008325 435236012405
2221 4220 -7485 435236008325 435236015810
2221 6132 -14655 435236008325 435236022980
2221 6357 -15510 435236008325 435236023835
2222 4430 -8280 435236008325 435236016605
2222 6325 -15390 435236008325 435236023715
2223 3095 -3270 435236008325 435236011595
2223 3160 -3510 435236008325 435236011835
2223 3168 -3540 435236008325 435236011865
2223 3543 -4950 435236008325 435236013275
2224 2901 -2550 435236008325 435236010875
2224 3800 -5910 435236008325 435236014235
2224 4141 -7200 435236008325 435236015525
2224 4430 -8280 435236008325 435236016605
2224 5258 -11385 435236008325 435236019710
2225 2297 -270 435236008340 435236008610
2225 2313 -330 435236008340 435236008670
2225 2321 -360 435236008340 435236008700
2225 3161 -3510 435236008340 435236011850
2225 3441 -4560 435236008340 435236012900
2225 4329 -7890 435236008340 435236016230
2225 4337 -7920 435236008340 435236016260
2225 5065 -10650 435236008340 435236018990
2225 5209 -11190 435236008340 435236019530
2225 5217 -11220 435236008340 435236019560
2227 3123 -3360 435236008340 435236011700
2227 4355 -7980 435236008340 435236016320
2228 2452 -840 435236008340 435236009180
2228 2484 -960 435236008340 435236009300
2228 4281 -7710 435236008340 435236016050
2229 4253 -7590 435236008355 435236015945
2229 4281 -7695 435236008355 435236016050
2229 4286 -7710 435236008355 435236016065
2229 4366 -8010 435236008355 435236016365
2229 4390 -8100 435236008355 435236016455
2230 4285 -7710 435236008355 435236016065
2230 4366 -8010 435236008355 435236016365
2230 4369 -8025 435236008355 435236016380
2230 4848 -9810 435236008355 435236018165
2232 3069 -3150 435236008355 435236011505
2232 4181 -7320 435236008355 435236015675
2232 4317 -7830 435236008355 435236016185
2232 4358 -7980 435236008355 435236016335
2233 3129 -3360 435236008370 435236011730
2233 4297 -7740 435236008370 435236016110
2233 4361 -7980 435236008370 435236016350
2233 4848 -9795 435236008370 435236018165
2233 4984 -10305 435236008370 435236018675
2233 5257 -11340 435236008370 435236019710
2236 4313 -7800 435236008370 435236016170
2236 4321 -7830 435236008370 435236016200
2236 4420 -8190 435236008370 435236016560
2237 2997 -2850 435236008385 435236011235
2237 4274 -7635 435236008385 435236016020
2238 3284 -3915 435236008385 435236012300
2238 4285 -7680 435236008385 435236016065
2238 4472 -8370 435236008385 435236016755
2238 4537 -8625 435236008385 435236017010
2240 5444 -12015 435236008385 435236020400
2240 6134 -14610 435236008385 435236022995
2240 6316 -15285 435236008385 435236023670
2241 3129 -3330 435236008400 435236011730
2241 6081 -14400 435236008400 435236022800
2242 3261 -3825 435236008400 435236012225
2242 4602 -8850 435236008400 435236017250
2242 4690 -9180 435236008400 435236017580
2243 4984 -10275 435236008400 435236018675
2244 2492 -930 435236008400 435236009330
2244 2542 -1125 435236008400 435236009525
2244 2558 -1185 435236008400 435236009585
2244 2665 -1590 435236008400 435236009990
2244 3028 -2940 435236008400 435236011340
2244 3128 -3315 435236008400 435236011715
2244 3904 -6225 435236008400 435236014625
2245 2601 -1335 435236008415 435236009750
2245 4293 -7680 435236008415 435236016095
2245 4452 -8265 435236008415 435236016680
2245 4501 -8460 435236008415 435236016875
2246 2341 -360 435236008415 435236008775
2246 2349 -390 435236008415 435236008805
2246 3186 -3525 435236008415 435236011940
2246 5598 -12570 435236008415 435236020985
2247 3063 -3060 435236008415 435236011475
2248 4365 -7950 435236008415 435236016365
2248 5444 -11985 435236008415 435236020400
2248 6316 -15255 435236008415 435236023670
2249 2321 -270 435236008430 435236008700
2249 3369 -4200 435236008430 435236012630
2249 3377 -4230 435236008430 435236012660
2249 4113 -6990 435236008430 435236015420
2249 4305 -7710 435236008430 435236016140
2249 5233 -11190 435236008430 435236019620
2250 4634 -8940 435236008430 435236017370
2250 5563 -12420 435236008430 435236020850
2250 5567 -12435 435236008430 435236020865
2251 3019 -2880 435236008430 435236011310
2251 3147 -3360 435236008430 435236011790
2252 2460 -780 435236008430 435236009210
2252 4316 -7740 435236008430 435236016170
2252 4562 -8670 435236008430 435236017100
2252 4565 -8685 435236008430 435236017115
2252 4820 -9630 435236008430 435236018060
2252 4847 -9735 435236008430 435236018165
2252 5271 -11325 435236008430 435236019755
2253 3005 -2820 435236008445 435236011265
2253 3269 -3810 435236008445 435236012255
2253 4501 -8430 435236008445 435236016875
2253 4565 -8670 435236008445 435236017115
2254 5598 -12540 435236008445 435236020985
2255 2524 -1005 435236008445 435236009450
2255 3005 -2820 435236008445 435236011265
2256 4328 -7770 435236008445 435236016215
2256 5511 -12210 435236008445 435236020655
2256 5879 -13590 435236008445 435236022035
2257 2305 -180 435236008460 435236008640
2257 2329 -270 435236008460 435236008730
2257 3345 -4080 435236008460 435236012540
2257 3369 -4170 435236008460 435236012630
2257 4129 -7020 435236008460 435236015480
2257 4137 -7050 435236008460 435236015510
2257 4313 -7710 435236008460 435236016170
2257 5025 -10380 435236008460 435236018840
2257 5625 -12630 435236008460 435236021090
2258 2309 -195 435236008460 435236008655
2258 3151 -3345 435236008460 435236011805
2259 2396 -510 435236008460 435236008970
2259 2491 -870 435236008460 435236009330
2259 2496 -885 435236008460 435236009345
2259 2499 -900 435236008460 435236009360
2259 2508 -930 435236008460 435236009390
2259 4292 -7620 435236008460 435236016080
2259 4300 -7650 435236008460 435236016110
2260 2907 -2430 435236008460 435236010890
2260 3028 -2880 435236008460 435236011340
2260 4140 -7050 435236008460 435236015510
2260 6099 -14400 435236008460 435236022860
2260 6292 -15120 435236008460 435236023580
2261 3228 -3615 435236008475 435236012090
2261 3269 -3780 435236008475 435236012255
2261 3975 -6420 435236008475 435236014895
2262 3264 -3750 435236008475 435236012225
2262 5590 -12480 435236008475 435236020955
2262 5614 -12570 435236008475 435236021045
2262 5765 -13140 435236008475 435236021615
2264 4156 -7095 435236008475 435236015570
2264 4291 -7605 435236008475 435236016080
2264 4324 -7725 435236008475 435236016200
2264 4379 -7935 435236008475 435236016410
2264 5511 -12180 435236008475 435236020655
2265 3017 -2820 435236008490 435236011310
2265 3873 -6030 435236008490 435236014520
2265 5625 -12600 435236008490 435236021090
2265 5737 -13020 435236008490 435236021510
2265 5753 -13080 435236008490 435236021570
2266 2860 -2220 435236008490 435236010710
2266 3208 -3525 435236008490 435236012015
2266 5567 -12375 435236008490 435236020865
2267 2363 -360 435236008490 435236008850
2267 2367 -375 435236008490 435236008865
2267 2371 -390 435236008490 435236008880
2267 2376 -405 435236008490 435236008895
2267 2380 -420 435236008490 435236008910
2267 2384 -435 435236008490 435236008925
2267 3083 -3060 435236008490 435236011550
2267 3880 -6045 435236008490 435236014535
2267 5208 -11025 435236008490 435236019515
2268 3276 -3780 435236008490 435236012270
2268 4324 -7710 435236008490 435236016200
2268 4509 -8415 435236008490 435236016905
2268 4877 -9795 435236008490 435236018285
2268 4988 -10200 435236008490 435236018690
2268 5452 -11940 435236008490 435236020430
2268 6312 -15165 435236008490 435236023655
2269 2317 -180 435236008505 435236008685
2269 2332 -225 435236008505 435236008730
2269 2340 -255 435236008505 435236008760
2269 2344 -270 435236008505 435236008775
2269 2383 -420 435236008505 435236008925
2269 2429 -600 435236008505 435236009105
2269 3525 -4710 435236008505 435236013215
2269 3664 -5220 435236008505 435236013725
2269 4222 -7320 435236008505 435236015825
2269 4549 -8550 435236008505 435236017055
2269 4565 -8610 435236008505 435236017115
2269 5773 -13140 435236008505 435236021645
2270 4030 -6600 435236008505 435236015105
2270 5598 -12480 435236008505 435236020985
2271 3208 -3510 435236008505 435236012015
2271 3223 -3570 435236008505 435236012075
2271 3360 -4080 435236008505 435236012585
2272 2376 -390 435236008505 435236008895
2272 2380 -405 435236008505 435236008910
2272 3088 -3060 435236008505 435236011565
2272 3092 -3075 435236008505 435236011580
2272 4396 -7965 435236008505 435236016470
2273 3017 -2790 435236008520 435236011310
2273 3873 -6000 435236008520 435236014520
2273 3889 -6060 435236008520 435236014580
2273 3897 -6090 435236008520 435236014610
2273 5705 -12870 435236008520 435236021390
2273 5737 -12990 435236008520 435236021510
2274 4599 -8715 435236008520 435236017235
2274 5479 -12015 435236008520 435236020535
2274 5567 -12345 435236008520 435236020865
2275 2376 -375 435236008520 435236008895
2275 2379 -390 435236008520 435236008910
2275 2384 -405 435236008520 435236008925
2275 2392 -435 435236008520 435236008955
2275 2491 -810 435236008520 435236009330
2275 5280 -11265 435236008520 435236019785
2276 2367 -345 435236008520 435236008865
2276 3088 -3045 435236008520 435236011565
2276 5208 -10995 435236008520 435236019515
2276 5272 -11235 435236008520 435236019755
2276 5700 -12840 435236008520 435236021360
2277 2429 -570 435236008535 435236009105
2277 3557 -4800 435236008535 435236013335
2277 4181 -7140 435236008535 435236015675
2277 4549 -8520 435236008535 435236017055
2277 6173 -14610 435236008535 435236023145
2278 5466 -11955 435236008535 435236020490
2279 3208 -3480 435236008535 435236012015
2279 3479 -4500 435236008535 435236013035
2280 2380 -375 435236008535 435236008910
2280 2384 -390 435236008535 435236008925
2280 3056 -2910 435236008535 435236011445
2280 5280 -11250 435236008535 435236019785
2281 3009 -2730 435236008550 435236011280
2281 3033 -2820 435236008550 435236011370
2281 3873 -5970 435236008550 435236014520
2281 4329 -7680 435236008550 435236016230
2281 6129 -14430 435236008550 435236022980
2281 6137 -14460 435236008550 435236023010
2282 3151 -3255 435236008550 435236011805
2282 3559 -4785 435236008550 435236013335
2282 3583 -4875 435236008550 435236013425
2283 2363 -300 435236008550 435236008850
2283 2376 -345 435236008550 435236008895
2283 2379 -360 435236008550 435236008910
2283 2384 -375 435236008550 435236008925
2283 2388 -390 435236008550 435236008940
2283 2392 -405 435236008550 435236008955
2283 2512 -855 435236008550 435236009405
2284 2328 -165 435236008550 435236008715
2284 2389 -405 435236008550 435236008955
2284 5708 -12840 435236008550 435236021390
2285 2332 -165 435236008565 435236008730
2285 2340 -195 435236008565 435236008760
2285 3037 -2820 435236008565 435236011385
2285 3525 -4650 435236008565 435236013215
2285 6164 -14535 435236008565 435236023100
2286 2810 -1965 435236008565 435236010530
2286 2818 -1995 435236008565 435236010560
2286 3038 -2820 435236008565 435236011385
2286 3041 -2835 435236008565 435236011400
2287 3171 -3315 435236008565 435236011880
2288 2363 -285 435236008565 435236008850
2288 2371 -315 435236008565 435236008880
2288 2392 -390 435236008565 435236008955
2288 2496 -780 435236008565 435236009345
2288 2504 -810 435236008565 435236009375
2289 3033 -2790 435236008580 435236011370
2289 3041 -2820 435236008580 435236011400
2289 3881 -5970 435236008580 435236014550
2289 4537 -8430 435236008580 435236017010
2290 3186 -3360 435236008580 435236011940
2290 3206 -3435 435236008580 435236012015
2290 3583 -4845 435236008580 435236013425
2290 5642 -12570 435236008580 435236021150
2291 3179 -3330 435236008580 435236011910
2292 2388 -360 435236008580 435236008940
2292 2389 -375 435236008580 435236008955
2292 2496 -765 435236008580 435236009345
2292 2500 -780 435236008580 435236009360
2292 2508 -810 435236008580 435236009390
2292 3043 -2820 435236008580 435236011400
2292 4075 -6690 435236008580 435236015270
2292 4080 -6705 435236008580 435236015285
2292 4088 -6735 435236008580 435236015315
2292 4644 -8820 435236008580 435236017400
2292 5284 -11220 435236008580 435236019800
2292 5288 -11235 435236008580 435236019815
2293 3629 -5010 435236008595 435236013605
2293 4092 -6735 435236008595 435236015330
2293 5389 -11610 435236008595 435236020205
2294 3002 -2655 435236008595 435236011250
2294 3133 -3150 435236008595 435236011745
2294 4379 -7815 435236008595 435236016410
2296 2355 -225 435236008595 435236008820
2296 2363 -255 435236008595 435236008850
2296 2392 -360 435236008595 435236008955
2296 2496 -750 435236008595 435236009345
2296 2504 -780 435236008595 435236009375
2296 2512 -810 435236008595 435236009405
2297 3041 -2790 435236008610 435236011400
2297 4137 -6900 435236008610 435236015510
2298 2542 -915 435236008610 435236009525
2298 3190 -3345 435236008610 435236011955
2298 3591 -4845 435236008610 435236013455
2298 6156 -14460 435236008610 435236023070
2299 2368 -255 435236008610 435236008865
2300 2352 -195 435236008610 435236008805
2300 2396 -360 435236008610 435236008970
2300 2429 -495 435236008610 435236009105
2300 2437 -525 435236008610 435236009135
2300 2516 -810 435236008610 435236009420
2300 2524 -840 435236008610 435236009450
2300 3184 -3315 435236008610 435236011925
2300 4364 -7740 435236008610 435236016350
2301 3443 -4275 435236008625 435236012900
2301 4421 -7950 435236008625 435236016575
2301 6355 -15195 435236008625 435236023820
2302 2818 -1935 435236008625 435236010560
2302 3038 -2760 435236008625 435236011385
2302 3928 -6090 435236008625 435236014715
2302 4920 -9810 435236008625 435236018435
2303 2361 -225 435236008625 435236008850
2303 2526 -840 435236008625 435236009465
2304 2363 -225 435236008625 435236008850
2304 2392 -330 435236008625 435236008955
2304 2512 -780 435236008625 435236009405
2304 2528 -840 435236008625 435236009465
2305 4329 -7590 435236008640 435236016230
2305 4537 -8370 435236008640 435236017010
2305 5209 -10890 435236008640 435236019530
2305 5297 -11220 435236008640 435236019860
2306 3551 -4665 435236008640 435236013305
2306 4878 -9645 435236008640 435236018285
2306 4886 -9675 435236008640 435236018315
2306 4889 -9690 435236008640 435236018330
2306 4894 -9705 435236008640 435236018345
2306 5662 -12585 435236008640 435236021225
2308 2396 -330 435236008640 435236008970
2308 2429 -465 435236008640 435236009105
2308 3069 -2865 435236008640 435236011505
2308 4668 -8850 435236008640 435236017490
2308 4812 -9390 435236008640 435236018030
2310 5654 -12540 435236008655 435236021195
2310 6246 -14760 435236008655 435236023415
2310 6254 -14790 435236008655 435236023445
2310 6357 -15180 435236008655 435236023835
2313 2585 -1020 435236008670 435236009690
2313 2985 -2520 435236008670 435236011190
2313 4481 -8130 435236008670 435236016800
2314 4894 -9675 435236008670 435236018345
2314 5654 -12525 435236008670 435236021195
2317 3936 -6060 435236008685 435236014745
2317 5389 -11520 435236008685 435236020205
2321 2593 -1020 435236008700 435236009720
2321 4449 -7980 435236008700 435236016680
2321 5625 -12390 435236008700 435236021090
2322 2542 -825 435236008700 435236009525
2325 3161 -3135 435236008715 435236011850
2325 4077 -6570 435236008715 435236015285
2326 3186 -3225 435236008715 435236011940
2326 3194 -3255 435236008715 435236011970
2326 3199 -3270 435236008715 435236011985
2326 5144 -10560 435236008715 435236019275
2327 6293 -14880 435236008715 435236023595
2329 4113 -6690 435236008730 435236015420
2329 4465 -8010 435236008730 435236016740
2329 4641 -8670 435236008730 435236017400
2329 5209 -10800 435236008730 435236019530
2329 5593 -12240 435236008730 435236020970
2329 5625 -12360 435236008730 435236021090
2329 6017 -13830 435236008730 435236022560
2330 3218 -3330 435236008730 435236012060
2330 5638 -12405 435236008730 435236021135
2332 2975 -2415 435236008730 435236011145
2332 4422 -7845 435236008730 435236016575
2333 2494 -600 435236008745 435236009345
2333 4094 -6600 435236008745 435236015345
2333 6356 -15075 435236008745 435236023820
2335 3223 -3330 435236008745 435236012075
2335 4079 -6540 435236008745 435236015285
2337 3369 -3870 435236008760 435236012630
2337 4897 -9600 435236008760 435236018360
2337 6265 -14730 435236008760 435236023490
2338 6230 -14595 435236008760 435236023355
2338 6277 -14775 435236008760 435236023535
2340 3372 -3870 435236008760 435236012630
2341 3237 -3360 435236008775 435236012135
2341 5141 -10500 435236008775 435236019275
2341 5594 -12195 435236008775 435236020970
2344 3228 -3315 435236008775 435236012090
2344 3660 -4935 435236008775 435236013710
2344 4557 -8310 435236008775 435236017085
2345 5609 -12240 435236008790 435236021030
2345 6209 -14490 435236008790 435236023280
2345 6217 -14520 435236008790 435236023310
2345 6241 -14610 435236008790 435236023400
2346 4442 -7860 435236008790 435236016650
2347 2400 -195 435236008790 435236008985
2347 5803 -12960 435236008790 435236021750
2347 5864 -13185 435236008790 435236021975
2347 5876 -13230 435236008790 435236022020
2348 3783 -5385 435236008790 435236014175
2348 4207 -6975 435236008790 435236015765
2348 4617 -8520 435236008790 435236017310
2348 4722 -8910 435236008790 435236017700
2348 5033 -10080 435236008790 435236018870
2349 3194 -3165 435236008805 435236011970
2349 5621 -12270 435236008805 435236021075
2352 2840 -1830 435236008805 435236010635
2352 3184 -3120 435236008805 435236011925
2352 3188 -3135 435236008805 435236011940
2352 4096 -6540 435236008805 435236015345
2352 4100 -6555 435236008805 435236015360
2353 2401 -180 435236008820 435236009000
2353 3665 -4920 435236008820 435236013740
2353 5601 -12180 435236008820 435236021000
2353 6177 -14340 435236008820 435236023160
2353 6193 -14400 435236008820 435236023220
2353 6209 -14460 435236008820 435236023280
2355 2520 -615 435236008820 435236009435
2355 5864 -13155 435236008820 435236021975
2356 4100 -6540 435236008820 435236015360
2359 3351 -3720 435236008835 435236012555
2360 5864 -13140 435236008835 435236021975
2360 5876 -13185 435236008835 435236022020
2361 5737 -12660 435236008850 435236021510
2361 6193 -14370 435236008850 435236023220
2361 6217 -14460 435236008850 435236023310
2361 6225 -14490 435236008850 435236023340
2361 6241 -14550 435236008850 435236023400
2362 2437 -285 435236008850 435236009135
2362 5383 -11325 435236008850 435236020175
2364 2925 -2115 435236008850 435236010965
2364 4679 -8685 435236008850 435236017535
2365 2933 -2130 435236008865 435236010995
2365 3853 -5580 435236008865 435236014445
2365 4653 -8580 435236008865 435236017445
2365 5668 -12375 435236008865 435236021240
2368 5864 -13110 435236008865 435236021975
2368 5872 -13140 435236008865 435236022005
2368 5876 -13155 435236008865 435236022020
2369 6225 -14460 435236008880 435236023340
2369 6241 -14520 435236008880 435236023400
2370 3203 -3120 435236008880 435236012000
2371 2496 -465 435236008880 435236009345
2371 5683 -12420 435236008880 435236021300
2373 3042 -2505 435236008895 435236011400
2373 5642 -12255 435236008895 435236021150
2374 3207 -3120 435236008895 435236012015
2374 3218 -3165 435236008895 435236012060
2374 3238 -3240 435236008895 435236012135
2375 5263 -10830 435236008895 435236019725
2375 5675 -12375 435236008895 435236021270
2375 5683 -12405 435236008895 435236021300
2375 5999 -13590 435236008895 435236022485
2375 6003 -13605 435236008895 435236022500
2376 3088 -2670 435236008895 435236011565
2376 5208 -10620 435236008895 435236019515
2377 5609 -12120 435236008910 435236021030
2377 6201 -14340 435236008910 435236023250
2377 6217 -14400 435236008910 435236023310
2378 3203 -3090 435236008910 435236012000
2378 3223 -3165 435236008910 435236012075
2379 5008 -9855 435236008910 435236018765
2379 5263 -10815 435236008910 435236019725
2379 5267 -10830 435236008910 435236019740
2379 5280 -10875 435236008910 435236019785
2379 5683 -12390 435236008910 435236021300
2379 5688 -12405 435236008910 435236021315
2379 5691 -12420 435236008910 435236021330
2380 3092 -2670 435236008910 435236011580
2380 5208 -10605 435236008910 435236019515
2381 3231 -3180 435236008925 435236012105
2382 3230 -3180 435236008925 435236012105
2382 3238 -3210 435236008925 435236012135
2384 5208 -10590 435236008925 435236019515
2384 5216 -10620 435236008925 435236019545
2385 3257 -3270 435236008940 435236012210
2385 3273 -3330 435236008940 435236012270
2385 4443 -7710 435236008940 435236016650
2385 5737 -12570 435236008940 435236021510
2385 6193 -14280 435236008940 435236023220
2385 6249 -14490 435236008940 435236023430
2387 3652 -4740 435236008940 435236013680
2387 4139 -6570 435236008940 435236015510
2387 4147 -6600 435236008940 435236015540
2387 5244 -10710 435236008940 435236019650
2388 4060 -6270 435236008940 435236015210
2388 4635 -8430 435236008940 435236017370
2388 5280 -10845 435236008940 435236019785
2390 3814 -5340 435236008955 435236014295
2390 5622 -12120 435236008955 435236021075
2391 2815 -1590 435236008955 435236010545
2391 4442 -7695 435236008955 435236016650
2391 4474 -7815 435236008955 435236016770
2391 4506 -7935 435236008955 435236016890
2392 2491 -375 435236008955 435236009330
2392 2512 -450 435236008955 435236009405
2393 3273 -3300 435236008970 435236012270
2393 3809 -5310 435236008970 435236014280
2393 5593 -12000 435236008970 435236020970
2393 5609 -12060 435236008970 435236021030
2393 5625 -12120 435236008970 435236021090
2395 2447 -195 435236008970 435236009165
2395 4736 -8775 435236008970 435236017745
2397 2871 -1770 435236008985 435236010755
2397 4267 -7005 435236008985 435236015990
2399 3429 -3870 435236008985 435236012855
2400 5827 -12855 435236008985 435236021840
2400 5859 -12975 435236008985 435236021960
2400 5864 -12990 435236008985 435236021975
2400 5876 -13035 435236008985 435236022020
2401 2601 -750 435236009000 435236009750
2401 3273 -3270 435236009000 435236012270
2401 3281 -3300 435236009000 435236012300
2401 4305 -7140 435236009000 435236016140
2401 4729 -8730 435236009000 435236017730
2401 4777 -8910 435236009000 435236017910
2402 2449 -180 435236009000 435236009180
2402 3307 -3390 435236009000 435236012390
2403 2639 -885 435236009000 435236009885
2403 2643 -900 435236009000 435236009900
2404 2572 -630 435236009000 435236009630
2404 2676 -1020 435236009000 435236010020
2404 3244 -3150 435236009000 435236012150
2405 3211 -3015 435236009015 435236012030
2405 3224 -3060 435236009015 435236012075
2405 4184 -6660 435236009015 435236015675
2407 2607 -750 435236009015 435236009765
2407 4530 -7965 435236009015 435236016980
2407 5431 -11340 435236009015 435236020355
2407 5543 -11760 435236009015 435236020775
2408 2544 -510 435236009015 435236009525
2408 2576 -630 435236009015 435236009645
2408 4712 -8640 435236009015 435236017655
2408 5835 -12855 435236009015 435236021870
2408 5884 -13035 435236009015 435236022050
2409 2601 -720 435236009030 435236009750
2409 2609 -750 435236009030 435236009780
2409 2673 -990 435236009030 435236010020
2409 3281 -3270 435236009030 435236012300
2409 3761 -5070 435236009030 435236014100
2410 3954 -5790 435236009030 435236014820
2410 5286 -10785 435236009030 435236019815
2411 3946 -5760 435236009030 435236014790
2411 4790 -8925 435236009030 435236017955
2412 2588 -660 435236009030 435236009690
2412 2676 -990 435236009030 435236010020
2413 2676 -975 435236009045 435236010020
2413 2999 -2190 435236009045 435236011235
2413 4463 -7680 435236009045 435236016725
2413 4498 -7815 435236009045 435236016860
2413 5556 -11775 435236009045 435236020820
2415 4805 -8970 435236009045 435236018015
2415 5926 -13170 435236009045 435236022215
2416 2552 -510 435236009045 435236009555
2416 2560 -540 435236009045 435236009585
2416 2683 -1005 435236009045 435236010050
2416 3244 -3105 435236009045 435236012150
2417 2609 -720 435236009060 435236009780
2417 3137 -2700 435236009060 435236011760
2417 3281 -3240 435236009060 435236012300
2417 3297 -3300 435236009060 435236012360
2418 5598 -11925 435236009060 435236020985
2419 2597 -675 435236009060 435236009735
2419 3307 -3330 435236009060 435236012390
2419 3372 -3570 435236009060 435236012630
2420 2653 -885 435236009060 435236009945
2420 2676 -960 435236009060 435236010020
2420 2692 -1020 435236009060 435236010080
2420 3884 -5490 435236009060 435236014550
2420 4106 -6330 435236009060 435236015390
2420 4498 -7800 435236009060 435236016860
2421 2660 -885 435236009075 435236009960
2421 3069 -2430 435236009075 435236011505
2421 3095 -2520 435236009075 435236011595
2421 3117 -2610 435236009075 435236011685
2421 4309 -7080 435236009075 435236016155
2421 4703 -8550 435236009075 435236017625
2422 2633 -795 435236009075 435236009870
2422 4525 -7890 435236009075 435236016965
2423 2470 -180 435236009075 435236009255
2423 2471 -180 435236009075 435236009255
2423 4839 -9060 435236009075 435236018135
2424 2781 -1350 435236009075 435236010425
2424 3232 -3030 435236009075 435236012105
2424 4176 -6570 435236009075 435236015645
2424 4196 -6645 435236009075 435236015720
2424 4861 -9150 435236009075 435236018225
2425 2537 -420 435236009090 435236009510
2425 3273 -3180 435236009090 435236012270
2425 3297 -3270 435236009090 435236012360
2425 4049 -6090 435236009090 435236015180
2425 4561 -8010 435236009090 435236017100
2426 2505 -300 435236009090 435236009390
2426 4444 -7560 435236009090 435236016650
2426 6442 -15060 435236009090 435236024150
2427 2476 -180 435236009090 435236009270
2427 2484 -210 435236009090 435236009300
2428 3389 -3615 435236009090 435236012705
2428 3980 -5820 435236009090 435236014910
2428 4554 -7980 435236009090 435236017070
2428 4748 -8700 435236009090 435236017790
2429 3223 -2970 435236009105 435236012075
2429 3351 -3450 435236009105 435236012555
2429 4783 -8820 435236009105 435236017925
2430 3013 -2190 435236009105 435236011295
2430 3982 -5820 435236009105 435236014925
2430 4533 -7890 435236009105 435236016995
2431 3365 -3510 435236009105 435236012615
2432 2693 -990 435236009105 435236010095
2432 4087 -6210 435236009105 435236015315
2433 3977 -5790 435236009120 435236014910
2433 3985 -5820 435236009120 435236014940
2433 3993 -5850 435236009120 435236014970
2434 2689 -960 435236009120 435236010080
2434 3970 -5760 435236009120 435236014880
2436 3216 -2925 435236009120 435236012045
2436 3988 -5820 435236009120 435236014940
2436 4547 -7920 435236009120 435236017040
2437 3351 -3420 435236009135 435236012555
2437 3363 -3465 435236009135 435236012600
2437 3557 -4200 435236009135 435236013335
2437 4205 -6630 435236009135 435236015765
2437 4213 -6660 435236009135 435236015795
2437 4221 -6690 435236009135 435236015825
2438 2505 -255 435236009135 435236009390
2439 2485 -180 435236009135 435236009315
2440 2535 -360 435236009135 435236009495
2440 4309 -7020 435236009135 435236016155
2440 5975 -13260 435236009135 435236022395
2441 2577 -510 435236009150 435236009660
2441 4233 -6720 435236009150 435236015870
2442 2962 -1950 435236009150 435236011100
2442 4370 -7230 435236009150 435236016380
2443 3307 -3240 435236009150 435236012390
2443 3975 -5745 435236009150 435236014895
2443 4341 -7125 435236009150 435236016275
2444 3355 -3420 435236009150 435236012570
2444 4531 -7830 435236009150 435236016980
2445 4029 -5940 435236009165 435236015105
2446 2502 -210 435236009165 435236009375
2446 2665 -825 435236009165 435236009990
2446 4010 -5865 435236009165 435236015030
2447 3975 -5730 435236009165 435236014895
2448 2597 -570 435236009165 435236009735
2448 3090 -2415 435236009165 435236011580
2448 4309 -6990 435236009165 435236016155
2448 4516 -7755 435236009165 435236016920
2449 2561 -420 435236009180 435236009600
2449 2649 -750 435236009180 435236009930
2449 3001 -2070 435236009180 435236011250
2452 2813 -1365 435236009180 435236010545
2452 4447 -7485 435236009180 435236016665
2452 4731 -8550 435236009180 435236017730
2453 3013 -2100 435236009195 435236011295
2453 5429 -11160 435236009195 435236020355
2457 2505 -180 435236009210 435236009390
2457 2513 -210 435236009210 435236009420
2457 2593 -510 435236009210 435236009720
2457 2985 -1980 435236009210 435236011190
2457 3017 -2100 435236009210 435236011310
2457 4041 -5940 435236009210 435236015150
2458 2505 -180 435236009210 435236009390
2458 2858 -1500 435236009210 435236010710
2460 4316 -6960 435236009210 435236016170
2461 2943 -1800 435236009225 435236011025
2462 2889 -1605 435236009225 435236010830
2464 2605 -540 435236009225 435236009765
2465 3001 -2010 435236009240 435236011250
2465 3017 -2070 435236009240 435236011310
2468 4029 -5865 435236009240 435236015105
2468 5429 -11115 435236009240 435236020355
2468 6389 -14715 435236009240 435236023955
2469 4494 -7590 435236009255 435236016845
2469 6474 -15015 435236009255 435236024270
2471 2557 -330 435236009255 435236009585
2471 4879 -9030 435236009255 435236018285
2472 2597 -480 435236009255 435236009735
2472 3069 -2250 435236009255 435236011505
2472 3975 -5640 435236009255 435236014895
2472 4474 -7515 435236009255 435236016770
2473 2649 -660 435236009270 435236009930
2473 2966 -1845 435236009270 435236011115
2473 2985 -1920 435236009270 435236011190
2473 3001 -1980 435236009270 435236011250
2473 3025 -2070 435236009270 435236011340
2473 4505 -7620 435236009270 435236016890
2474 3138 -2490 435236009270 435236011760
2474 5307 -10620 435236009270 435236019890
2475 2541 -255 435236009270 435236009525
2475 2556 -300 435236009270 435236009570
2475 3347 -3270 435236009270 435236012540
2477 2970 -1845 435236009285 435236011130
2478 2969 -1845 435236009285 435236011130
2478 2977 -1875 435236009285 435236011160
2479 2549 -270 435236009285 435236009555
2479 2557 -300 435236009285 435236009585
2479 3434 -3585 435236009285 435236012870
2480 5479 -11250 435236009285 435236020535
2481 2985 -1890 435236009300 435236011190
2481 3001 -1950 435236009300 435236011250
2481 3449 -3630 435236009300 435236012930
2481 3457 -3660 435236009300 435236012960
2481 3617 -4260 435236009300 435236013560
2482 2561 -300 435236009300 435236009600
2482 2577 -360 435236009300 435236009660
2483 2540 -210 435236009300 435236009510
2483 3216 -2745 435236009300 435236012045
2484 2938 -1710 435236009300 435236011010
2484 2981 -1875 435236009300 435236011175
2484 3450 -3630 435236009300 435236012930
2484 3796 -4920 435236009300 435236014220
2484 4289 -6780 435236009300 435236016080
2484 4730 -8430 435236009300 435236017730
2484 5270 -10455 435236009300 435236019755
2484 5580 -11610 435236009300 435236020910
2484 6350 -14505 435236009300 435236023805
2485 2970 -1815 435236009315 435236011130
2485 4333 -6930 435236009315 435236016245
2486 2542 -210 435236009315 435236009525
2487 2541 -210 435236009315 435236009525
2487 2549 -240 435236009315 435236009555
2487 2557 -270 435236009315 435236009585
2488 3376 -3330 435236009315 435236012645
2488 4051 -5865 435236009315 435236015180
2488 4059 -5895 435236009315 435236015210
2488 4088 -6000 435236009315 435236015315
2488 4180 -6345 435236009315 435236015660
2488 6344 -14460 435236009315 435236023775
2489 2545 -210 435236009330 435236009540
2489 2561 -270 435236009330 435236009600
2489 3657 -4380 435236009330 435236013710
2489 4329 -6900 435236009330 435236016230
2490 2538 -180 435236009330 435236009510
2490 2545 -210 435236009330 435236009540
2490 2561 -270 435236009330 435236009600
2490 3058 -2130 435236009330 435236011460
2490 3336 -3165 435236009330 435236012495
2490 3378 -3330 435236009330 435236012660
2490 4626 -8010 435236009330 435236017340
2492 3117 -2355 435236009330 435236011685
2492 4338 -6930 435236009330 435236016260
2492 4475 -7440 435236009330 435236016770
2493 2943 -1680 435236009345 435236011025
2493 2946 -1695 435236009345 435236011040
2493 2982 -1830 435236009345 435236011175
2494 2542 -180 435236009345 435236009525
2494 3998 -5640 435236009345 435236014985
2494 4006 -5670 435236009345 435236015015
2494 4293 -6750 435236009345 435236016095
2494 4432 -7260 435236009345 435236016605
2494 4440 -7290 435236009345 435236016635
2495 2541 -180 435236009345 435236009525
2495 2549 -210 435236009345 435236009555
2495 3503 -3780 435236009345 435236013125
2495 3511 -3810 435236009345 435236013155
2496 4056 -5850 435236009345 435236015195
2496 4180 -6315 435236009345 435236015660
2496 4632 -8010 435236009345 435236017355
2496 4640 -8040 435236009345 435236017385
2497 2617 -450 435236009360 435236009810
2497 2625 -480 435236009360 435236009840
2497 2633 -510 435236009360 435236009870
2497 2649 -570 435236009360 435236009930
2497 2665 -630 435236009360 435236009990
2497 5001 -9390 435236009360 435236018750
2498 2545 -180 435236009360 435236009540
2498 2874 -1410 435236009360 435236010770
2498 2898 -1500 435236009360 435236010860
2500 4083 -5940 435236009360 435236015300
2500 4088 -5955 435236009360 435236015315
2500 5263 -10365 435236009360 435236019725
2500 5280 -10425 435236009360 435236019785
2500 5288 -10455 435236009360 435236019815
2501 3013 -1920 435236009375 435236011295
2502 2550 -180 435236009375 435236009555
2502 2558 -210 435236009375 435236009585
2502 2938 -1635 435236009375 435236011010
2502 4006 -5640 435236009375 435236015015
2503 2549 -180 435236009375 435236009555
2503 2879 -1410 435236009375 435236010785
2503 3023 -1950 435236009375 435236011325
2504 2552 -180 435236009375 435236009555
2505 2617 -420 435236009390 435236009810
2505 2641 -510 435236009390 435236009900
2505 2649 -540 435236009390 435236009930
2505 2665 -600 435236009390 435236009990
2506 3058 -2070 435236009390 435236011460
2509 2927 -1560 435236009405 435236010965
2511 3018 -1905 435236009405 435236011310
2511 3023 -1920 435236009405 435236011325
2511 3050 -2025 435236009405 435236011430
2511 3074 -2115 435236009405 435236011520
2513 2593 -300 435236009420 435236009720
2513 2649 -510 435236009420 435236009930
2513 4497 -7440 435236009420 435236016860
2513 4817 -8640 435236009420 435236018060
2513 5625 -11670 435236009420 435236021090
2514 3058 -2040 435236009420 435236011460
2514 3066 -2070 435236009420 435236011490
2514 6174 -13725 435236009420 435236023145
2517 4213 -6360 435236009435 435236015795
2517 4749 -8370 435236009435 435236017805
2519 3013 -1860 435236009435 435236011295
2519 3455 -3510 435236009435 435236012945
2521 3065 -2040 435236009450 435236011490
2521 3081 -2100 435236009450 435236011550
2521 3561 -3900 435236009450 435236013350
2521 4825 -8640 435236009450 435236018090
2521 5865 -12540 435236009450 435236021990
2522 2978 -1710 435236009450 435236011160
2522 3796 -4770 435236009450 435236014220
2522 4084 -5850 435236009450 435236015300
2522 4230 -6405 435236009450 435236015855
2522 5258 -10260 435236009450 435236019710
2522 5287 -10365 435236009450 435236019815
2522 5294 -10395 435236009450 435236019845
2525 4223 -6360 435236009465 435236015825
2526 4293 -6630 435236009465 435236016095
2527 2621 -360 435236009465 435236009825
2527 2629 -390 435236009465 435236009855
2527 3386 -3225 435236009465 435236012690
2527 3771 -4665 435236009465 435236014130
2527 4474 -7305 435236009465 435236016770
2528 2696 -630 435236009465 435236010095
2529 2585 -210 435236009480 435236009690
2529 3065 -2010 435236009480 435236011490
2529 3081 -2070 435236009480 435236011550
2530 2985 -1710 435236009480 435236011190
2532 3188 -2460 435236009480 435236011940
2533 3135 -2250 435236009495 435236011745
2533 5277 -10290 435236009495 435236019785
2534 3086 -2070 435236009495 435236011565
2535 2597 -240 435236009495 435236009735
2535 2823 -1080 435236009495 435236010575
2535 3271 -2760 435236009495 435236012255
2537 3065 -1980 435236009510 435236011490
2537 3073 -2010 435236009510 435236011520
2537 3081 -2040 435236009510 435236011550
2537 3553 -3810 435236009510 435236013320
2537 3729 -4470 435236009510 435236013980
2537 4089 -5820 435236009510 435236015330
2537 5265 -10230 435236009510 435236019740
2538 3066 -1980 435236009510 435236011490
2538 3090 -2070 435236009510 435236011580
2538 3434 -3360 435236009510 435236012870
2538 3650 -4170 435236009510 435236013680
2538 4723 -8190 435236009510 435236017700
2539 2656 -435 435236009510 435236009945
2539 2664 -465 435236009510 435236009975
2542 3086 -2040 435236009525 435236011565
2542 3102 -2100 435236009525 435236011625
2542 3110 -2130 435236009525 435236011655
2542 3174 -2370 435236009525 435236011895
2542 4110 -5880 435236009525 435236015405
2542 4253 -6420 435236009525 435236015945
2542 4472 -7230 435236009525 435236016755
2542 5341 -10500 435236009525 435236020025
2542 6346 -14265 435236009525 435236023790
2543 2604 -225 435236009525 435236009750
2543 2815 -1020 435236009525 435236010545
2544 2656 -420 435236009525 435236009945
2544 3988 -5415 435236009525 435236014940
2545 2953 -1530 435236009540 435236011070
2545 3089 -2040 435236009540 435236011580
2545 3344 -2985 435236009540 435236012525
2545 3553 -3780 435236009540 435236013320
2545 3561 -3810 435236009540 435236013350
2545 4618 -7770 435236009540 435236017310
2546 3130 -2190 435236009540 435236011730
2546 3138 -2220 435236009540 435236011760
2546 4050 -5640 435236009540 435236015180
2546 5878 -12495 435236009540 435236022035
2547 2675 -480 435236009540 435236010020
2547 4816 -8505 435236009540 435236018045
2550 4077 -5730 435236009555 435236015285
2551 3066 -1935 435236009555 435236011490
2551 3138 -2205 435236009555 435236011760
2551 5418 -10755 435236009555 435236020310
2553 2985 -1620 435236009570 435236011190
2553 3089 -2010 435236009570 435236011580
2553 3561 -3780 435236009570 435236013350
2554 2634 -300 435236009570 435236009870
2554 2650 -360 435236009570 435236009930
2554 2901 -1305 435236009570 435236010875
2555 2604 -180 435236009570 435236009750
2555 3066 -1920 435236009570 435236011490
2557 2887 -1230 435236009585 435236010815
2557 2890 -1245 435236009585 435236010830
2558 2662 -390 435236009585 435236009975
2558 2665 -405 435236009585 435236009990
2558 4030 -5520 435236009585 435236015105
2558 4038 -5550 435236009585 435236015135
2558 4054 -5610 435236009585 435236015195
2558 4077 -5700 435236009585 435236015285
2559 2871 -1170 435236009585 435236010755
2559 3066 -1905 435236009585 435236011490
2560 2656 -360 435236009585 435236009945
2560 2664 -390 435236009585 435236009975
2560 2672 -420 435236009585 435236010005
2560 5892 -12495 435236009585 435236022080
2561 2633 -270 435236009600 435236009870
2561 2665 -390 435236009600 435236009990
2561 4610 -7680 435236009600 435236017280
2562 2649 -330 435236009600 435236009930
2562 2657 -360 435236009600 435236009960
2562 3178 -2310 435236009600 435236011910
2562 6310 -14055 435236009600 435236023655
2562 6318 -14085 435236009600 435236023685
2563 4847 -8565 435236009600 435236018165
2564 2890 -1230 435236009600 435236010830
2565 2866 -1125 435236009615 435236010740
2565 2890 -1215 435236009615 435236010830
2566 2614 -180 435236009615 435236009795
2566 3630 -3990 435236009615 435236013605
2566 3634 -4005 435236009615 435236013620
2566 3646 -4050 435236009615 435236013665
2566 3654 -4080 435236009615 435236013695
2566 3750 -4440 435236009615 435236014055
2566 3766 -4500 435236009615 435236014115
2567 2647 -300 435236009615 435236009915
2567 2869 -1140 435236009615 435236010755
2567 5418 -10695 435236009615 435236020310
2568 2640 -270 435236009615 435236009885
2568 2648 -300 435236009615 435236009915
2568 2656 -330 435236009615 435236009945
2568 2664 -360 435236009615 435236009975
2568 2672 -390 435236009615 435236010005
2568 2680 -420 435236009615 435236010035
2568 2688 -450 435236009615 435236010065
2568 4656 -7830 435236009615 435236017445
2568 5892 -12465 435236009615 435236022080
2569 2617 -180 435236009630 435236009810
2569 2657 -330 435236009630 435236009960
2569 2665 -360 435236009630 435236009990
2569 2849 -1050 435236009630 435236010680
2569 2953 -1440 435236009630 435236011070
2570 2621 -195 435236009630 435236009825
2570 2629 -225 435236009630 435236009855
2571 5453 -10815 435236009630 435236020445
2572 2890 -1200 435236009630 435236010830
2573 2874 -1125 435236009645 435236010770
2573 2882 -1155 435236009645 435236010800
2574 2622 -180 435236009645 435236009825
2574 2630 -210 435236009645 435236009855
2574 2638 -240 435236009645 435236009885
2574 2646 -270 435236009645 435236009915
2575 2815 -900 435236009645 435236010545
2575 2865 -1095 435236009645 435236010740
2575 3071 -1860 435236009645 435236011505
2575 4004 -5355 435236009645 435236015000
2575 5426 -10695 435236009645 435236020340
2576 2672 -360 435236009645 435236010005
2576 2680 -390 435236009645 435236010035
2576 2688 -420 435236009645 435236010065
2576 2696 -450 435236009645 435236010095
2576 4720 -8040 435236009645 435236017685
2577 2641 -240 435236009660 435236009900
2577 2665 -330 435236009660 435236009990
2577 2953 -1410 435236009660 435236011070
2577 2961 -1440 435236009660 435236011100
2577 2980 -1500 435236009660 435236011160
2577 3129 -2070 435236009660 435236011730
2577 4209 -6120 435236009660 435236015780
2577 4281 -6390 435236009660 435236016050
2577 4842 -8490 435236009660 435236018150
2577 5356 -10410 435236009660 435236020070
2577 6318 -14025 435236009660 435236023685
2578 2634 -210 435236009660 435236009870
2578 2642 -240 435236009660 435236009900
2578 2650 -270 435236009660 435236009930
2578 4002 -5340 435236009660 435236015000
2579 2643 -240 435236009660 435236009900
2579 2667 -330 435236009660 435236009990
2579 2865 -1080 435236009660 435236010740
2580 2882 -1140 435236009660 435236010800
2580 2890 -1170 435236009660 435236010830
2581 3997 -5310 435236009675 435236014985
2581 6092 -13155 435236009675 435236022830
2582 2630 -180 435236009675 435236009855
2582 2654 -270 435236009675 435236009945
2583 2647 -240 435236009675 435236009915
2583 2855 -1020 435236009675 435236010695
2583 2858 -1035 435236009675 435236010710
2583 3799 -4560 435236009675 435236014235
2584 2688 -390 435236009675 435236010065
2584 2696 -420 435236009675 435236010095
2584 2862 -1050 435236009675 435236010725
2585 2641 -210 435236009690 435236009900
2585 2649 -240 435236009690 435236009930
2585 2665 -300 435236009690 435236009990
2585 2673 -330 435236009690 435236010020
2585 2697 -420 435236009690 435236010110
2585 4105 -5700 435236009690 435236015390
2585 4148 -5850 435236009690 435236015540
2585 4449 -6990 435236009690 435236016680
2585 4457 -7020 435236009690 435236016710
2585 4497 -7170 435236009690 435236016860
2586 2634 -180 435236009690 435236009870
2586 2642 -210 435236009690 435236009900
2586 2650 -240 435236009690 435236009930
2586 4002 -5310 435236009690 435236015000
2588 2882 -1110 435236009690 435236010800
2588 4724 -8010 435236009690 435236017700
2590 2638 -180 435236009705 435236009885
2590 2646 -210 435236009705 435236009915
2590 2662 -270 435236009705 435236009975
2591 2647 -210 435236009705 435236009915
2591 2655 -240 435236009705 435236009945
2592 2656 -240 435236009705 435236009945
2592 2664 -270 435236009705 435236009975
2592 2688 -360 435236009705 435236010065
2592 2696 -390 435236009705 435236010095
2592 2854 -990 435236009705 435236010695
2592 2862 -1020 435236009705 435236010725
2593 2649 -210 435236009720 435236009930
2593 2657 -240 435236009720 435236009960
2593 2665 -270 435236009720 435236009990
2593 2673 -300 435236009720 435236010020
2593 2681 -330 435236009720 435236010050
2593 2689 -360 435236009720 435236010080
2593 2713 -450 435236009720 435236010170
2593 2961 -1380 435236009720 435236011100
2593 3025 -1620 435236009720 435236011340
2593 3761 -4380 435236009720 435236014100
2593 4105 -5670 435236009720 435236015390
2593 4433 -6900 435236009720 435236016620
2593 4449 -6960 435236009720 435236016680
2593 4457 -6990 435236009720 435236016710
2593 4497 -7140 435236009720 435236016860
2593 4641 -7680 435236009720 435236017400
2593 5001 -9030 435236009720 435236018750
2593 5341 -10305 435236009720 435236020025
2593 5353 -10350 435236009720 435236020070
2593 6393 -14250 435236009720 435236023970
2593 6409 -14310 435236009720 435236024030
2593 6417 -14340 435236009720 435236024060
2594 2650 -210 435236009720 435236009930
2594 4010 -5310 435236009720 435236015030
2595 2692 -360 435236009720 435236010080
2596 2652 -210 435236009720 435236009930
2596 2850 -960 435236009720 435236010680
2596 2874 -1050 435236009720 435236010770
2597 2661 -240 435236009735 435236009975
2597 2815 -810 435236009735 435236010545
2597 2823 -840 435236009735 435236010575
2597 4015 -5310 435236009735 435236015045
2597 4500 -7125 435236009735 435236016860
2598 2646 -180 435236009735 435236009915
2598 2654 -210 435236009735 435236009945
2598 2888 -1080 435236009735 435236010815
2598 4454 -6960 435236009735 435236016695
2598 4542 -7290 435236009735 435236017025
2600 2656 -210 435236009735 435236009945
2600 2664 -240 435236009735 435236009975
2600 2688 -330 435236009735 435236010065
2600 2696 -360 435236009735 435236010095
2600 2878 -1050 435236009735 435236010785
2601 2649 -180 435236009750 435236009930
2601 2657 -210 435236009750 435236009960
2601 2665 -240 435236009750 435236009990
2601 2681 -300 435236009750 435236010050
2601 2769 -630 435236009750 435236010380
2601 6393 -14220 435236009750 435236023970
2602 2650 -180 435236009750 435236009930
2602 4578 -7410 435236009750 435236017160
2603 2652 -180 435236009750 435236009930
2604 4028 -5340 435236009750 435236015090
2606 2662 -210 435236009765 435236009975
2606 2670 -240 435236009765 435236010005
2607 2652 -165 435236009765 435236009930
2607 2653 -180 435236009765 435236009945
2607 2663 -210 435236009765 435236009975
2607 2676 -255 435236009765 435236010020
2607 2805 -750 435236009765 435236010515
2607 3871 -4740 435236009765 435236014505
2608 2656 -180 435236009765 435236009945
2608 2664 -210 435236009765 435236009975
2608 2688 -300 435236009765 435236010065
2608 2696 -330 435236009765 435236010095
2609 2665 -210 435236009780 435236009990
2609 2673 -240 435236009780 435236010020
2609 2769 -600 435236009780 435236010380
2609 4449 -6900 435236009780 435236016680
2609 4513 -7140 435236009780 435236016920
2609 6417 -14280 435236009780 435236024060
2610 2666 -210 435236009780 435236009990
2610 2674 -240 435236009780 435236010020
2613 2677 -240 435236009795 435236010035
2614 2662 -180 435236009795 435236009975
2614 2670 -210 435236009795 435236010005
2615 3010 -1485 435236009795 435236011280
2616 2664 -180 435236009795 435236009975
2616 2672 -210 435236009795 435236010005
2617 2665 -180 435236009810 435236009990
2617 2673 -210 435236009810 435236010020
2617 2681 -240 435236009810 435236010050
2617 2697 -300 435236009810 435236010110
2617 2721 -390 435236009810 435236010200
2617 2769 -570 435236009810 435236010380
2617 4041 -5340 435236009810 435236015150
2617 4065 -5430 435236009810 435236015240
2617 4465 -6930 435236009810 435236016740
2617 4481 -6990 435236009810 435236016800
2617 4489 -7020 435236009810 435236016830
2617 4817 -8250 435236009810 435236018060
2617 6401 -14190 435236009810 435236024000
2617 6409 -14220 435236009810 435236024030
2618 2666 -180 435236009810 435236009990
2618 2674 -210 435236009810 435236010020
2618 3762 -4290 435236009810 435236014100
2621 2677 -210 435236009825 435236010035
2621 2955 -1245 435236009825 435236011070
2621 4053 -5370 435236009825 435236015195
2621 4230 -6030 435236009825 435236015855
2621 4482 -6975 435236009825 435236016800
2622 2670 -180 435236009825 435236010005
2622 2678 -210 435236009825 435236010035
2622 3176 -2070 435236009825 435236011895
2623 3018 -1485 435236009825 435236011310
2625 2689 -240 435236009840 435236010080
2625 3128 -1875 435236009840 435236011715
2625 4497 -7020 435236009840 435236016860
2625 4513 -7080 435236009840 435236016920
2625 4817 -8220 435236009840 435236018060
2626 3762 -4260 435236009840 435236014100
2627 2717 -345 435236009840 435236010185
2629 2693 -240 435236009855 435236010095
2631 3069 -1650 435236009855 435236011505
2631 3445 -3060 435236009855 435236012915
2631 3583 -3570 435236009855 435236013425
2631 4463 -6870 435236009855 435236016725
2633 2697 -240 435236009870 435236010110
2633 4433 -6750 435236009870 435236016620
2633 4497 -6990 435236009870 435236016860
2633 4505 -7020 435236009870 435236016890
2633 4649 -7560 435236009870 435236017430
2633 4745 -7920 435236009870 435236017790
2633 5441 -10530 435236009870 435236020400
2633 5457 -10590 435236009870 435236020460
2633 6377 -14040 435236009870 435236023910
2635 2684 -180 435236009870 435236010050
2635 4652 -7560 435236009870 435236017430
2636 2684 -180 435236009870 435236010050
2636 2692 -210 435236009870 435236010080
2637 2693 -210 435236009885 435236010095
2637 3972 -4995 435236009885 435236014880
2639 2805 -630 435236009885 435236010515
2639 3037 -1500 435236009885 435236011385
2639 4005 -5130 435236009885 435236015015
2641 2689 -180 435236009900 435236010080
2641 2697 -210 435236009900 435236010110
2641 3417 -2910 435236009900 435236012810
2641 3769 -4230 435236009900 435236014130
2641 4113 -5520 435236009900 435236015420
2641 4633 -7470 435236009900 435236017370
2641 4649 -7530 435236009900 435236017430
2641 6369 -13980 435236009900 435236023880
2641 6377 -14010 435236009900 435236023910
2643 3069 -1605 435236009900 435236011505
2647 3386 -2775 435236009915 435236012690
2649 2697 -180 435236009930 435236010110
2649 2726 -285 435236009930 435236010215
2649 2737 -330 435236009930 435236010260
2649 3649 -3750 435236009930 435236013680
2649 3657 -3780 435236009930 435236013710
2649 3769 -4200 435236009930 435236014130
2649 3985 -5010 435236009930 435236014940
2649 4001 -5070 435236009930 435236015000
2649 4033 -5190 435236009930 435236015120
2649 4209 -5850 435236009930 435236015780
2649 4217 -5880 435236009930 435236015810
2649 4489 -6900 435236009930 435236016830
2649 4505 -6960 435236009930 435236016890
2649 4521 -7020 435236009930 435236016950
2649 4641 -7470 435236009930 435236017400
2649 4745 -7860 435236009930 435236017790
2649 5361 -10170 435236009930 435236020100
2649 6011 -12600 435236009930 435236022530
2649 6369 -13950 435236009930 435236023880
2650 3866 -4560 435236009930 435236014490
2651 3992 -5025 435236009930 435236014955
2653 2754 -375 435236009945 435236010320
2653 3117 -1740 435236009945 435236011685
2653 4007 -5070 435236009945 435236015015
2655 3066 -1545 435236009945 435236011490
2655 4052 -5235 435236009945 435236015180
2655 4645 -7470 435236009945 435236017415
2657 4017 -5100 435236009960 435236015060
2657 4025 -5130 435236009960 435236015090
2657 4041 -5190 435236009960 435236015150
2657 4049 -5220 435236009960 435236015180
2657 4057 -5250 435236009960 435236015210
2657 4489 -6870 435236009960 435236016830
2657 4497 -6900 435236009960 435236016860
2657 4521 -6990 435236009960 435236016950
2657 4529 -7020 435236009960 435236016980
2657 5465 -10530 435236009960 435236020490
2658 4018 -5100 435236009960 435236015060
2660 3117 -1725 435236009960 435236011685
2661 4015 -5070 435236009975 435236015045
2661 4045 -5190 435236009975 435236015165
2661 4053 -5220 435236009975 435236015195
2661 4112 -5430 435236009975 435236015405
2661 4120 -5460 435236009975 435236015435
2661 4444 -6675 435236009975 435236016650
2662 4510 -6930 435236009975 435236016905
2663 2994 -1245 435236009975 435236011220
2663 5418 -10335 435236009975 435236020310
2663 6013 -12570 435236009975 435236022545
2665 2718 -195 435236009990 435236010185
2665 3657 -3720 435236009990 435236013710
2665 4017 -5070 435236009990 435236015060
2665 4025 -5100 435236009990 435236015090
2665 4033 -5130 435236009990 435236015120
2665 4041 -5160 435236009990 435236015150
2665 4049 -5190 435236009990 435236015180
2665 4057 -5220 435236009990 435236015210
2665 4065 -5250 435236009990 435236015240
2665 4465 -6750 435236009990 435236016740
2665 4489 -6840 435236009990 435236016830
2665 4649 -7440 435236009990 435236017430
2668 2778 -420 435236009990 435236010410
2669 4061 -5220 435236010005 435236015225
2669 4831 -8100 435236010005 435236018105
2669 6306 -13635 435236010005 435236023640
2671 2805 -510 435236010005 435236010515
2671 3055 -1440 435236010005 435236011445
2671 3997 -4980 435236010005 435236014985
2671 4535 -6990 435236010005 435236016995
2671 4543 -7020 435236010005 435236017025
2673 4025 -5070 435236010020 435236015090
2673 4033 -5100 435236010020 435236015120
2675 4539 -6990 435236010020 435236017010
2676 2770 -360 435236010020 435236010380
2676 4535 -6975 435236010020 435236016995
2676 4652 -7410 435236010020 435236017430
2676 4660 -7440 435236010020 435236017460
2676 4975 -8625 435236010020 435236018645
2676 6092 -12810 435236010020 435236022830
2677 5426 -10305 435236010035 435236020340
2679 2765 -330 435236010035 435236010365
2679 5055 -8910 435236010035 435236018945
2681 4025 -5040 435236010050 435236015090
2681 4041 -5100 435236010050 435236015150
2683 3980 -4860 435236010050 435236014910
2683 4551 -7005 435236010050 435236017055
2685 4482 -6735 435236010065 435236016800
2686 4795 -7905 435236010065 435236017970
2687 2757 -270 435236010065 435236010335
2687 2765 -300 435236010065 435236010365
2687 3392 -2640 435236010065 435236012705
2687 4791 -7890 435236010065 435236017955
2687 4813 -7980 435236010065 435236018045
2687 5120 -9120 435236010065 435236019185
2688 5892 -12015 435236010065 435236022080
2689 4521 -6870 435236010080 435236016950
2689 4529 -6900 435236010080 435236016980
2690 4786 -7860 435236010080 435236017940
2690 5410 -10200 435236010080 435236020280
2690 5570 -10800 435236010080 435236020880
2691 2757 -255 435236010080 435236010335
2691 2761 -270 435236010080 435236010350
2691 3290 -2250 435236010080 435236012330
2691 3379 -2580 435236010080 435236012660
2691 3384 -2595 435236010080 435236012675
2691 4560 -7005 435236010080 435236017085
2692 2754 -240 435236010080 435236010320
2692 3978 -4830 435236010080 435236014910
2692 4015 -4965 435236010080 435236015045
2692 4023 -4995 435236010080 435236015075
2693 3261 -2130 435236010095 435236012225
2693 3787 -4095 435236010095 435236014190
2693 5893 -12000 435236010095 435236022095
2694 3374 -2550 435236010095 435236012645
2694 3966 -4770 435236010095 435236014865
2694 4558 -6990 435236010095 435236017085
2695 5073 -8925 435236010095 435236019020
2696 3976 -4800 435236010095 435236014895
2697 4561 -6990 435236010110 435236017100
2699 5118 -9075 435236010110 435236019185
2699 5122 -9090 435236010110 435236019200
2699 5126 -9105 435236010110 435236019215
2699 5130 -9120 435236010110 435236019230
2700 3972 -4770 435236010110 435236014880
2701 2746 -165 435236010125 435236010290
2701 3656 -3570 435236010125 435236013695
2701 3784 -4050 435236010125 435236014175
2701 3787 -4065 435236010125 435236014190
2701 3967 -4740 435236010125 435236014865
2702 2747 -165 435236010125 435236010290
2702 3966 -4740 435236010125 435236014865
2702 5141 -9150 435236010125 435236019275
2702 5570 -10755 435236010125 435236020880
2703 2748 -165 435236010125 435236010290
2703 3214 -1920 435236010125 435236012045
2703 4906 -8265 435236010125 435236018390
2703 5077 -8910 435236010125 435236019035
2703 5078 -8910 435236010125 435236019035
2703 5325 -9840 435236010125 435236019965
2703 5570 -10755 435236010125 435236020880
2703 5646 -11040 435236010125 435236021165
2704 2747 -165 435236010125 435236010290
2704 2748 -165 435236010125 435236010290
2704 2752 -180 435236010125 435236010305
2704 2756 -195 435236010125 435236010320
2704 3392 -2580 435236010125 435236012705
2704 4803 -7875 435236010125 435236018000
2704 5080 -8910 435236010125 435236019035
2704 5182 -9300 435236010125 435236019425
2705 3787 -4050 435236010140 435236014190
2705 4185 -5550 435236010140 435236015690
2706 3966 -4725 435236010140 435236014865
2707 2749 -165 435236010140 435236010305
2707 5078 -8895 435236010140 435236019035
2707 5090 -8940 435236010140 435236019080
2708 2752 -165 435236010140 435236010305
2708 3392 -2565 435236010140 435236012705
2708 4425 -6450 435236010140 435236016590
2708 5080 -8895 435236010140 435236019035
2708 5111 -9015 435236010140 435236019155
2709 3476 -2865 435236010155 435236013020
2710 3967 -4710 435236010155 435236014865
2711 5125 -9060 435236010155 435236019215
2712 5090 -8925 435236010155 435236019080
2712 5106 -8985 435236010155 435236019140
2712 5110 -9000 435236010155 435236019155
2712 5114 -9015 435236010155 435236019170
2712 5118 -9030 435236010155 435236019185
2712 5122 -9045 435236010155 435236019200
2713 4553 -6900 435236010170 435236017070
2715 5098 -8940 435236010170 435236019110
2716 5098 -8940 435236010170 435236019110
2716 5106 -8970 435236010170 435236019140
2718 3967 -4680 435236010185 435236014865
2719 5109 -8970 435236010185 435236019155
2720 5106 -8955 435236010185 435236019140
2720 5110 -8970 435236010185 435236019155
2721 4217 -5610 435236010200 435236015810
2721 4513 -6720 435236010200 435236016920
2721 4553 -6870 435236010200 435236017070
2721 4561 -6900 435236010200 435236017100
2722 4557 -6885 435236010200 435236017085
2723 5082 -8850 435236010200 435236019050
2724 5090 -8880 435236010200 435236019080
2724 5098 -8910 435236010200 435236019110
2724 5106 -8940 435236010200 435236019140
2726 2798 -270 435236010215 435236010485
2726 4375 -6180 435236010215 435236016395
2726 4404 -6285 435236010215 435236016500
2726 4412 -6315 435236010215 435236016530
2728 5090 -8865 435236010215 435236019080
2728 5098 -8895 435236010215 435236019110
2728 5102 -8910 435236010215 435236019125
2729 4217 -5580 435236010230 435236015810
2729 4529 -6750 435236010230 435236016980
2729 4553 -6840 435236010230 435236017070
2729 4561 -6870 435236010230 435236017100
2730 3028 -1110 435236010230 435236011340
2730 4564 -6870 435236010230 435236017100
2732 5090 -8850 435236010230 435236019080
2733 4808 -7770 435236010245 435236018015
2734 2791 -210 435236010245 435236010455
2734 3165 -1620 435236010245 435236011865
2734 4295 -5850 435236010245 435236016095
2734 4420 -6315 435236010245 435236016560
2735 4560 -6840 435236010245 435236017085
2735 6454 -13950 435236010245 435236024195
2736 5086 -8820 435236010245 435236019065
2736 5090 -8835 435236010245 435236019080
2736 5094 -8850 435236010245 435236019095
2736 5110 -8910 435236010245 435236019155
2737 4529 -6720 435236010260 435236016980
2737 4561 -6840 435236010260 435236017100
2738 3959 -4575 435236010260 435236014835
2738 3967 -4605 435236010260 435236014865
2738 3972 -4620 435236010260 435236014880
2738 4557 -6825 435236010260 435236017085
2740 5062 -8715 435236010260 435236018975
2740 5082 -8790 435236010260 435236019050
2740 6398 -13725 435236010260 435236023985
2741 5062 -8700 435236010275 435236018975
2742 2791 -180 435236010275 435236010455
2742 3165 -1590 435236010275 435236011865
2742 3967 -4590 435236010275 435236014865
2742 5461 -10200 435236010275 435236020475
2743 3959 -4560 435236010275 435236014835
2743 3968 -4590 435236010275 435236014865
2743 4560 -6810 435236010275 435236017085
2744 2787 -165 435236010275 435236010440
2744 4396 -6195 435236010275 435236016470
2744 6430 -13830 435236010275 435236024105
2745 3369 -2340 435236010290 435236012630
2745 3385 -2400 435236010290 435236012690
2745 3393 -2430 435236010290 435236012720
2745 5513 -10380 435236010290 435236020670
2745 5625 -10800 435236010290 435236021090
2745 6233 -13080 435236010290 435236023370
2745 6249 -13140 435236010290 435236023430
2745 6257 -13170 435236010290 435236023460
2746 3663 -3435 435236010290 435236013725
2746 3664 -3435 435236010290 435236013725
2746 3667 -3450 435236010290 435236013740
2746 4192 -5415 435236010290 435236015705
2746 4426 -6300 435236010290 435236016590
2746 4428 -6300 435236010290 435236016590
2746 5026 -8550 435236010290 435236018840
2746 5077 -8745 435236010290 435236019035
2746 5079 -8745 435236010290 435236019035
2746 5568 -10575 435236010290 435236020865
2746 6119 -12645 435236010290 435236022935
2747 4425 -6300 435236010290 435236016590
2747 5080 -8745 435236010290 435236019035
2747 5141 -8985 435236010290 435236019275
2748 3392 -2415 435236010290 435236012705
2748 5138 -8970 435236010290 435236019260
2748 5874 -11730 435236010290 435236022020
2748 6388 -13650 435236010290 435236023940
2749 5082 -8745 435236010305 435236019050
2750 3966 -4560 435236010305 435236014865
2750 4558 -6780 435236010305 435236017085
2751 2807 -210 435236010305 435236010515
2751 3157 -1530 435236010305 435236011835
2751 3165 -1560 435236010305 435236011865
2751 3455 -2640 435236010305 435236012945
2751 3975 -4590 435236010305 435236014895
2751 5930 -11925 435236010305 435236022230
2752 3388 -2385 435236010305 435236012690
2752 4075 -4965 435236010305 435236015270
2753 3977 -4590 435236010320 435236014910
2754 3970 -4560 435236010320 435236014880
2754 3978 -4590 435236010320 435236014910
2754 4015 -4725 435236010320 435236015045
2755 2819 -240 435236010320 435236010560
2755 3131 -1410 435236010320 435236011730
2755 3172 -1560 435236010320 435236011880
2755 4412 -6210 435236010320 435236016530
2755 4420 -6240 435236010320 435236016560
2755 4491 -6510 435236010320 435236016830
2755 4499 -6540 435236010320 435236016860
2756 2812 -210 435236010320 435236010530
2756 3375 -2325 435236010320 435236012645
2756 4552 -6735 435236010320 435236017055
2756 5136 -8925 435236010320 435236019245
2757 3389 -2370 435236010335 435236012705
2757 4573 -6810 435236010335 435236017145
2757 5069 -8670 435236010335 435236019005
2758 3974 -4560 435236010335 435236014895
2758 3982 -4590 435236010335 435236014925
2759 2823 -240 435236010335 435236010575
2759 3407 -2430 435236010335 435236012765
2759 3967 -4530 435236010335 435236014865
2759 3975 -4560 435236010335 435236014895
2759 3978 -4575 435236010335 435236014910
2759 3983 -4590 435236010335 435236014925
2759 4495 -6510 435236010335 435236016845
2759 4524 -6615 435236010335 435236016950
2759 4556 -6735 435236010335 435236017070
2760 2824 -240 435236010335 435236010575
2760 2832 -270 435236010335 435236010605
2760 2848 -330 435236010335 435236010665
2760 2952 -720 435236010335 435236011055
2760 3003 -915 435236010335 435236011250
2760 3176 -1560 435236010335 435236011895
2760 3376 -2310 435236010335 435236012645
2761 3977 -4560 435236010350 435236014910
2761 3985 -4590 435236010350 435236014940
2761 4795 -7620 435236010350 435236017970
2761 5601 -10650 435236010350 435236021000
2762 2826 -240 435236010350 435236010590
2762 2834 -270 435236010350 435236010620
2762 2842 -300 435236010350 435236010650
2763 4532 -6630 435236010350 435236016980
2764 2852 -330 435236010350 435236010680
2764 2884 -450 435236010350 435236010800
2764 3988 -4590 435236010350 435236014940
2764 4523 -6600 435236010350 435236016950
2765 3367 -2250 435236010365 435236012615
2765 3980 -4545 435236010365 435236014910
2765 3981 -4560 435236010365 435236014925
2765 3989 -4590 435236010365 435236014955
2766 2854 -330 435236010365 435236010695
2766 2862 -360 435236010365 435236010725
2766 2870 -390 435236010365 435236010755
2766 2886 -450 435236010365 435236010815
2766 3366 -2250 435236010365 435236012615
2767 2831 -240 435236010365 435236010605
2767 2991 -840 435236010365 435236011205
2767 3079 -1170 435236010365 435236011535
2767 4466 -6375 435236010365 435236016740
2768 2816 -180 435236010365 435236010545
2768 2832 -240 435236010365 435236010605
2768 3136 -1380 435236010365 435236011745
2768 3176 -1530 435236010365 435236011895
2768 4315 -5805 435236010365 435236016170
2769 5737 -11130 435236010380 435236021510
2770 2831 -225 435236010380 435236010605
2770 2967 -735 435236010380 435236011115
2770 3082 -1170 435236010380 435236011550
2770 4114 -5040 435236010380 435236015420
2770 4466 -6360 435236010380 435236016740
2771 2828 -210 435236010380 435236010590
2771 3180 -1530 435236010380 435236011910
2771 4556 -6690 435236010380 435236017070
2772 3027 -960 435236010380 435236011340
2772 3988 -4560 435236010380 435236014940
2772 3996 -4590 435236010380 435236014970
2772 4242 -5520 435236010380 435236015900
2773 3325 -2070 435236010395 435236012465
2773 3997 -4590 435236010395 435236014985
2773 4188 -5295 435236010395 435236015690
2773 4197 -5340 435236010395 435236015735
2773 4204 -5355 435236010395 435236015750
2773 4535 -6600 435236010395 435236016995
2773 4539 -6615 435236010395 435236017010
2774 2822 -180 435236010395 435236010575
2774 2830 -210 435236010395 435236010605
2774 2846 -270 435236010395 435236010665
2775 2821 -180 435236010395 435236010575
2775 2831 -210 435236010395 435236010605
2775 2837 -240 435236010395 435236010635
2775 3135 -1350 435236010395 435236011745
2775 4036 -4725 435236010395 435236015120
2775 4487 -6420 435236010395 435236016815
2775 4503 -6480 435236010395 435236016875
2775 4532 -6585 435236010395 435236016980
2776 2864 -330 435236010395 435236010725
2776 2880 -390 435236010395 435236010785
2776 3144 -1380 435236010395 435236011775
2776 4536 -6600 435236010395 435236016995
2777 3033 -960 435236010410 435236011370
2777 4441 -6240 435236010410 435236016650
2777 4977 -8250 435236010410 435236018660
2778 2842 -240 435236010410 435236010650
2778 2866 -330 435236010410 435236010740
2778 2874 -360 435236010410 435236010770
2778 2930 -570 435236010410 435236010980
2778 4010 -4620 435236010410 435236015030
2778 6319 -13275 435236010410 435236023685
2779 2827 -180 435236010410 435236010590
2779 2828 -180 435236010410 435236010590
2779 2843 -240 435236010410 435236010650
2780 3988 -4530 435236010410 435236014940
2780 4531 -6570 435236010410 435236016980
2780 4539 -6600 435236010410 435236017010
2781 3437 -2460 435236010425 435236012885
2781 4196 -5295 435236010425 435236015720
2781 4252 -5505 435236010425 435236015930
2781 4527 -6540 435236010425 435236016965
2781 5039 -8460 435236010425 435236018885
2782 2830 -180 435236010425 435236010605
2782 2838 -210 435236010425 435236010635
2782 2846 -240 435236010425 435236010665
2782 2854 -270 435236010425 435236010695
2783 2829 -180 435236010425 435236010605
2783 2903 -450 435236010425 435236010875
2783 4015 -4620 435236010425 435236015045
2784 2832 -180 435236010425 435236010605
2784 2936 -570 435236010425 435236010995
2784 3112 -1230 435236010425 435236011655
2785 2849 -240 435236010440 435236010680
2785 2881 -360 435236010440 435236010800
2785 4881 -7860 435236010440 435236018300
2787 2836 -180 435236010440 435236010620
2787 3123 -1260 435236010440 435236011700
2787 5927 -11775 435236010440 435236022215
2788 3155 -1380 435236010440 435236011820
2788 4552 -6615 435236010440 435236017055
2788 5547 -10350 435236010440 435236020790
2789 3045 -960 435236010455 435236011415
2789 3165 -1410 435236010455 435236011865
2789 4333 -5790 435236010455 435236016245
2791 2940 -555 435236010455 435236011010
2791 2941 -570 435236010455 435236011025
2791 2949 -600 435236010455 435236011055
2791 3125 -1260 435236010455 435236011715
2791 3133 -1290 435236010455 435236011745
2791 3157 -1380 435236010455 435236011835
2791 3165 -1410 435236010455 435236011865
2791 3933 -4290 435236010455 435236014745
2791 4015 -4590 435236010455 435236015045
2791 4532 -6525 435236010455 435236016980
2792 2864 -270 435236010455 435236010725
2792 2936 -540 435236010455 435236010995
2792 3120 -1230 435236010455 435236011685
2792 5051 -8475 435236010455 435236018930
2793 2849 -210 435236010470 435236010680
2793 2881 -330 435236010470 435236010800
2793 4873 -7800 435236010470 435236018270
2795 3003 -780 435236010470 435236011250
2795 3051 -960 435236010470 435236011430
2795 3124 -1230 435236010470 435236011700
2795 4043 -4680 435236010470 435236015150
2795 4499 -6390 435236010470 435236016860
2795 6027 -12120 435236010470 435236022590
2796 2876 -300 435236010470 435236010770
2796 2884 -330 435236010470 435236010800
2796 4523 -6480 435236010470 435236016950
2796 4531 -6510 435236010470 435236016980
2797 2853 -210 435236010485 435236010695
2797 2877 -300 435236010485 435236010785
2797 2885 -330 435236010485 435236010815
2797 3045 -930 435236010485 435236011415
2797 3069 -1020 435236010485 435236011505
2797 4341 -5790 435236010485 435236016275
2797 6063 -12240 435236010485 435236022725
2797 6316 -13185 435236010485 435236023670
2798 2846 -180 435236010485 435236010665
2798 2854 -210 435236010485 435236010695
2799 2855 -210 435236010485 435236010695
2799 2919 -450 435236010485 435236010935
2799 4466 -6255 435236010485 435236016740
2801 2857 -210 435236010500 435236010710
2801 2889 -330 435236010500 435236010830
2803 3051 -930 435236010500 435236011430
2803 3124 -1200 435236010500 435236011700
2803 3132 -1230 435236010500 435236011730
2804 2876 -270 435236010500 435236010770
2804 4531 -6480 435236010500 435236016980
2804 4552 -6555 435236010500 435236017055
2804 4556 -6570 435236010500 435236017070
2805 2860 -195 435236010515 435236010710
2805 2861 -210 435236010515 435236010725
2805 2893 -330 435236010515 435236010845
2805 3192 -1440 435236010515 435236011955
2805 3903 -4110 435236010515 435236014625
2805 4076 -4755 435236010515 435236015270
2805 4621 -6810 435236010515 435236017325
2805 4711 -7140 435236010515 435236017655
2805 5375 -9630 435236010515 435236020145
2805 5431 -9840 435236010515 435236020355
2807 2869 -240 435236010515 435236010755
2807 2871 -240 435236010515 435236010755
2807 2903 -360 435236010515 435236010875
2807 2991 -690 435236010515 435236011205
2807 3879 -4020 435236010515 435236014535
2807 4007 -4500 435236010515 435236015015
2807 4795 -7455 435236010515 435236017970
2808 2864 -210 435236010515 435236010725
2808 2872 -240 435236010515 435236010755
2808 2928 -450 435236010515 435236010965
2808 3112 -1140 435236010515 435236011655
2808 4536 -6480 435236010515 435236016995
2809 2865 -210 435236010530 435236010740
2809 3033 -840 435236010530 435236011370
2810 4928 -7935 435236010530 435236018465
2812 2892 -300 435236010530 435236010830
2812 2900 -330 435236010530 435236010860
2812 3115 -1140 435236010530 435236011670
2812 4523 -6420 435236010530 435236016950
2813 2869 -210 435236010545 435236010755
2813 2901 -330 435236010545 435236010875
2813 3037 -840 435236010545 435236011385
2813 3045 -870 435236010545 435236011415
2813 3095 -1050 435236010545 435236011595
2813 3181 -1380 435236010545 435236011925
2813 4029 -4560 435236010545 435236015105
2813 4621 -6780 435236010545 435236017325
2813 4703 -7080 435236010545 435236017625
2813 4744 -7230 435236010545 435236017775
2813 6061 -12180 435236010545 435236022725
2814 2870 -210 435236010545 435236010755
2814 3062 -930 435236010545 435236011475
2815 2871 -210 435236010545 435236010755
2815 2879 -240 435236010545 435236010785
2815 2935 -450 435236010545 435236010995
2815 2943 -480 435236010545 435236011025
2815 2992 -660 435236010545 435236011205
2815 3383 -2130 435236010545 435236012675
2815 3779 -3615 435236010545 435236014160
2815 3967 -4320 435236010545 435236014865
2815 3976 -4350 435236010545 435236014895
2815 4039 -4590 435236010545 435236015135
2815 4839 -7590 435236010545 435236018135
2816 2872 -210 435236010545 435236010755
2816 2904 -330 435236010545 435236010875
2816 2936 -450 435236010545 435236010995
2816 3072 -960 435236010545 435236011505
2816 3096 -1050 435236010545 435236011595
2816 3099 -1065 435236010545 435236011610
2816 3104 -1080 435236010545 435236011625
2816 3112 -1110 435236010545 435236011655
2816 3120 -1140 435236010545 435236011685
2816 3144 -1230 435236010545 435236011775
2816 4544 -6480 435236010545 435236017025
2816 4560 -6540 435236010545 435236017085
2818 2954 -510 435236010560 435236011070
2819 2868 -180 435236010560 435236010740
2819 2876 -210 435236010560 435236010770
2819 2891 -270 435236010560 435236010830
2819 2916 -360 435236010560 435236010920
2819 3035 -810 435236010560 435236011370
2819 4096 -4785 435236010560 435236015345
2819 4284 -5490 435236010560 435236016050
2820 2884 -240 435236010560 435236010800
2820 2892 -270 435236010560 435236010830
2820 3123 -1140 435236010560 435236011700
2821 2869 -180 435236010575 435236010755
2821 2901 -300 435236010575 435236010875
2821 4487 -6240 435236010575 435236016815
2822 2870 -180 435236010575 435236010755
2822 2878 -210 435236010575 435236010785
2822 3062 -900 435236010575 435236011475
2822 4928 -7890 435236010575 435236018465
2823 2917 -360 435236010575 435236010935
2823 2955 -495 435236010575 435236011070
2823 2960 -510 435236010575 435236011085
2823 3383 -2100 435236010575 435236012675
2823 3967 -4290 435236010575 435236014865
2823 4490 -6255 435236010575 435236016830
2824 2888 -240 435236010575 435236010815
2824 2896 -270 435236010575 435236010845
2824 2920 -360 435236010575 435236010935
2824 3064 -900 435236010575 435236011475
2824 3096 -1020 435236010575 435236011595
2824 3104 -1050 435236010575 435236011625
2824 4544 -6450 435236010575 435236017025
2824 4552 -6480 435236010575 435236017055
2824 4560 -6510 435236010575 435236017085
2825 2873 -180 435236010590 435236010770
2825 2889 -240 435236010590 435236010830
2827 3980 -4320 435236010590 435236014910
2828 2876 -180 435236010590 435236010770
2828 2892 -240 435236010590 435236010830
2828 2900 -270 435236010590 435236010860
2828 2907 -300 435236010590 435236010890
2828 2923 -360 435236010590 435236010950
2828 3123 -1110 435236010590 435236011700
2828 4520 -6345 435236010590 435236016935
2828 4531 -6390 435236010590 435236016980
2828 4556 -6480 435236010590 435236017070
2828 4560 -6495 435236010590 435236017085
2828 4816 -7455 435236010590 435236018045
2829 2885 -210 435236010605 435236010815
2829 2901 -270 435236010605 435236010875
2829 3037 -780 435236010605 435236011385
2831 2887 -210 435236010605 435236010815
2831 4471 -6150 435236010605 435236016755
2832 2896 -240 435236010605 435236010845
2832 3096 -990 435236010605 435236011595
2832 3120 -1080 435236010605 435236011685
2832 4536 -6390 435236010605 435236016995
2832 4552 -6450 435236010605 435236017055
2834 2897 -240 435236010620 435236010860
2835 3188 -1320 435236010620 435236011940
2835 3355 -1950 435236010620 435236012570
2835 4319 -5565 435236010620 435236016185
2837 2893 -210 435236010635 435236010845
2837 3173 -1260 435236010635 435236011895
2837 4076 -4635 435236010635 435236015270
2837 4503 -6240 435236010635 435236016875
2837 4541 -6390 435236010635 435236017025
2837 6021 -11940 435236010635 435236022575
2837 6053 -12060 435236010635 435236022695
2837 6085 -12180 435236010635 435236022815
2837 6308 -13005 435236010635 435236023640
2839 3018 -675 435236010635 435236011310
2839 3975 -4260 435236010635 435236014895
2839 4487 -6180 435236010635 435236016815
2839 4501 -6240 435236010635 435236016875
2840 3035 -735 435236010635 435236011370
2840 3068 -855 435236010635 435236011490
2840 3096 -960 435236010635 435236011595
2840 3184 -1290 435236010635 435236011925
2842 2930 -330 435236010650 435236010980
2842 2986 -540 435236010650 435236011190
2842 3402 -2100 435236010650 435236012750
2842 6314 -13020 435236010650 435236023670
2843 2892 -180 435236010650 435236010830
2843 2915 -270 435236010650 435236010920
2843 2987 -540 435236010650 435236011190
2843 3099 -960 435236010650 435236011610
2843 3107 -990 435236010650 435236011640
2843 3180 -1260 435236010650 435236011910
2843 4556 -6420 435236010650 435236017070
2844 2976 -495 435236010650 435236011145
2845 2901 -210 435236010665 435236010875
2845 3181 -1260 435236010665 435236011925
2845 3192 -1290 435236010665 435236011955
2847 3127 -1050 435236010665 435236011715
2847 3141 -1110 435236010665 435236011775
2847 3143 -1110 435236010665 435236011775
2847 3157 -1170 435236010665 435236011835
2847 3165 -1200 435236010665 435236011865
2847 3407 -2100 435236010665 435236012765
2847 4997 -8070 435236010665 435236018735
2847 5927 -11550 435236010665 435236022215
2847 6348 -13125 435236010665 435236023790
2848 2896 -180 435236010665 435236010845
2848 2920 -270 435236010665 435236010935
2848 2928 -300 435236010665 435236010965
2848 3056 -780 435236010665 435236011445
2848 3080 -870 435236010665 435236011535
2848 3096 -930 435236010665 435236011595
2848 3104 -960 435236010665 435236011625
2848 3176 -1230 435236010665 435236011895
2849 2905 -210 435236010680 435236010890
2850 2914 -240 435236010680 435236010920
2850 2986 -510 435236010680 435236011190
2850 3066 -810 435236010680 435236011490
2850 3394 -2040 435236010680 435236012720
2850 4044 -4470 435236010680 435236015150
2850 4490 -6150 435236010680 435236016830
2850 4732 -7050 435236010680 435236017730
2851 2900 -180 435236010680 435236010860
2851 2940 -330 435236010680 435236011010
2851 2948 -360 435236010680 435236011040
2851 2956 -390 435236010680 435236011070
2851 3028 -660 435236010680 435236011340
2851 3451 -2250 435236010680 435236012930
2852 2987 -510 435236010680 435236011190
2852 3068 -810 435236010680 435236011490
2852 3556 -2640 435236010680 435236013320
2852 4072 -4575 435236010680 435236015255
2853 2909 -210 435236010695 435236010905
2853 2917 -240 435236010695 435236010935
2853 3069 -810 435236010695 435236011505
2855 2919 -240 435236010695 435236010935
2855 3167 -1170 435236010695 435236011865
2855 4445 -5970 435236010695 435236016665
2855 4463 -6030 435236010695 435236016725
2855 6079 -12090 435236010695 435236022785
2856 2920 -240 435236010695 435236010935
2856 2928 -270 435236010695 435236010965
2856 3048 -720 435236010695 435236011415
2856 3104 -930 435236010695 435236011625
2857 2905 -180 435236010710 435236010890
2857 2913 -210 435236010710 435236010920
2858 2986 -480 435236010710 435236011190
2859 2948 -330 435236010710 435236011040
2859 2956 -360 435236010710 435236011070
2859 6112 -12195 435236010710 435236022905
2860 3355 -1860 435236010710 435236012570
2861 2925 -240 435236010725 435236010965
2862 6330 -13005 435236010725 435236023730
2863 2951 -330 435236010725 435236011055
2863 3125 -990 435236010725 435236011715
2863 3127 -990 435236010725 435236011715
2863 3135 -1020 435236010725 435236011745
2863 3143 -1050 435236010725 435236011775
2863 5474 -9795 435236010725 435236020520
2864 3048 -690 435236010725 435236011415
2864 3160 -1110 435236010725 435236011835
2864 4536 -6270 435236010725 435236016995
2866 2930 -240 435236010740 435236010980
2866 3058 -720 435236010740 435236011460
2866 3066 -750 435236010740 435236011490
2867 2940 -270 435236010740 435236011010
2867 2948 -300 435236010740 435236011040
2867 2956 -330 435236010740 435236011070
2867 3147 -1050 435236010740 435236011790
2867 4435 -5880 435236010740 435236016620
2868 4512 -6165 435236010740 435236016905
2868 5471 -9765 435236010740 435236020505
2871 2925 -210 435236010755 435236010965
2871 2933 -240 435236010755 435236010995
2871 2951 -300 435236010755 435236011055
2871 3117 -930 435236010755 435236011685
2871 3119 -930 435236010755 435236011685
2871 3151 -1050 435236010755 435236011805
2871 4447 -5910 435236010755 435236016665
2871 4463 -5970 435236010755 435236016725
2872 2936 -240 435236010755 435236010995
2873 4513 -6150 435236010770 435236016920
2874 2951 -285 435236010770 435236011055
2875 2932 -210 435236010770 435236010980
2875 2940 -240 435236010770 435236011010
2875 2948 -270 435236010770 435236011040
2875 3155 -1050 435236010770 435236011820
2876 2932 -210 435236010770 435236010980
2876 2939 -240 435236010770 435236011010
2876 2940 -240 435236010770 435236011010
2876 2956 -300 435236010770 435236011070
2876 2960 -315 435236010770 435236011085
2876 3115 -900 435236010770 435236011670
2876 3192 -1185 435236010770 435236011955
2876 3339 -1740 435236010770 435236012510
2876 3467 -2220 435236010770 435236012990
2876 3523 -2430 435236010770 435236013200
2876 3563 -2580 435236010770 435236013350
2876 3587 -2670 435236010770 435236013440
2876 4523 -6180 435236010770 435236016950
2876 4819 -7290 435236010770 435236018060
2876 4875 -7500 435236010770 435236018270
2876 4883 -7530 435236010770 435236018300
2876 4888 -7545 435236010770 435236018315
2876 5471 -9735 435236010770 435236020505
2877 3069 -720 435236010785 435236011505
2877 3189 -1170 435236010785 435236011955
2877 3869 -3720 435236010785 435236014505
2878 3414 -2010 435236010785 435236012795
2878 4502 -6090 435236010785 435236016875
2879 2951 -270 435236010785 435236011055
2879 3023 -540 435236010785 435236011325
2879 3071 -720 435236010785 435236011505
2880 2928 -180 435236010785 435236010965
2880 3112 -870 435236010785 435236011655
2880 3136 -960 435236010785 435236011745
2880 3144 -990 435236010785 435236011775
2880 3160 -1050 435236010785 435236011835
2880 6307 -12855 435236010785 435236023640
2880 6315 -12885 435236010785 435236023670
2881 3457 -2160 435236010800 435236012960
2881 4873 -7470 435236010800 435236018270
2882 2945 -240 435236010800 435236011040
2882 2947 -240 435236010800 435236011040
2883 2940 -210 435236010800 435236011010
2883 4467 -5940 435236010800 435236016740
2884 2956 -270 435236010800 435236011070
2884 3011 -480 435236010800 435236011280
2884 3587 -2640 435236010800 435236013440
2884 3595 -2670 435236010800 435236013470
2885 3069 -690 435236010815 435236011505
2885 3125 -900 435236010815 435236011715
2885 4013 -4230 435236010815 435236015045
2886 2942 -210 435236010815 435236011025
2886 2950 -240 435236010815 435236011055
2887 3039 -570 435236010815 435236011385
2888 3048 -600 435236010815 435236011415
2888 3160 -1020 435236010815 435236011835
2891 3068 -660 435236010830 435236011490
2891 4475 -5940 435236010830 435236016770
2891 6130 -12150 435236010830 435236022980
2892 3115 -840 435236010830 435236011670
2892 3180 -1080 435236010830 435236011910
2892 3188 -1110 435236010830 435236011940
2892 5471 -9675 435236010830 435236020505
2892 6328 -12885 435236010830 435236023715
2893 4076 -4425 435236010845 435236015270
2893 4541 -6180 435236010845 435236017025
2893 4717 -6840 435236010845 435236017685
2893 5556 -9975 435236010845 435236020820
2894 2942 -180 435236010845 435236011025
2894 2950 -210 435236010845 435236011055
2895 3511 -2310 435236010845 435236013155
2895 3549 -2460 435236010845 435236013305
2896 3144 -930 435236010845 435236011775
2896 3176 -1050 435236010845 435236011895
2896 3184 -1080 435236010845 435236011925
2896 4472 -5910 435236010845 435236016755
2897 4513 -6060 435236010860 435236016920
2898 2945 -180 435236010860 435236011040
2898 3058 -600 435236010860 435236011460
2898 3498 -2250 435236010860 435236013110
2899 2956 -210 435236010860 435236011070
2899 2987 -330 435236010860 435236011190
2899 3188 -1080 435236010860 435236011940
2899 3196 -1110 435236010860 435236011970
2899 4364 -5490 435236010860 435236016350
2900 3180 -1050 435236010860 435236011910
2902 2950 -180 435236010875 435236011055
2902 2958 -210 435236010875 435236011085
2903 3077 -660 435236010875 435236011535
2904 2952 -180 435236010875 435236011055
2904 3160 -960 435236010875 435236011835
2906 3066 -600 435236010890 435236011490
2906 3506 -2250 435236010890 435236013140
2908 3196 -1080 435236010890 435236011970
2908 4072 -4365 435236010890 435236015255
2909 3069 -600 435236010905 435236011505
2911 3127 -810 435236010905 435236011715
2911 5389 -9300 435236010905 435236020205
2911 5471 -9600 435236010905 435236020505
2911 6108 -11985 435236010905 435236022890
2912 3064 -570 435236010905 435236011475
2913 3073 -600 435236010920 435236011520
2913 3081 -630 435236010920 435236011550
2913 3129 -810 435236010920 435236011730
2913 3537 -2340 435236010920 435236013260
2915 3131 -810 435236010920 435236011730
2915 3260 -1290 435236010920 435236012210
2915 4140 -4590 435236010920 435236015510
2915 4452 -5760 435236010920 435236016680
2916 3068 -570 435236010920 435236011490
2916 3468 -2070 435236010920 435236012990
2916 4500 -5940 435236010920 435236016860
2917 3069 -570 435236010935 435236011505
2917 3197 -1050 435236010935 435236011985
2917 6267 -12555 435236010935 435236023490
2919 4463 -5790 435236010935 435236016725
2919 6079 -11850 435236010935 435236022785
2920 3064 -540 435236010935 435236011475
2920 3072 -570 435236010935 435236011505
2921 3065 -540 435236010950 435236011490
2921 3081 -600 435236010950 435236011550
2921 3089 -630 435236010950 435236011580
2921 3537 -2310 435236010950 435236013260
2921 3553 -2370 435236010950 435236013320
2923 3003 -300 435236010950 435236011250
2923 3019 -360 435236010950 435236011310
2923 4531 -6030 435236010950 435236016980
2924 3027 -390 435236010950 435236011340
2924 3076 -570 435236010950 435236011520
2924 3108 -690 435236010950 435236011640
2924 3116 -720 435236010950 435236011670
2924 3851 -3480 435236010950 435236014430
2924 5555 -9870 435236010950 435236020820
2925 3224 -1110 435236010965 435236012075
2925 4463 -5760 435236010965 435236016725
2925 4711 -6690 435236010965 435236017655
2926 3070 -540 435236010965 435236011505
2926 6299 -12645 435236010965 435236023610
2927 3029 -390 435236010965 435236011355
2927 3063 -510 435236010965 435236011475
2928 3008 -300 435236010965 435236011265
2928 3112 -690 435236010965 435236011655
2929 3065 -510 435236010980 435236011490
2929 3073 -540 435236010980 435236011520
2929 3081 -570 435236010980 435236011550
2929 3089 -600 435236010980 435236011580
2929 3097 -630 435236010980 435236011610
2931 3027 -360 435236010980 435236011340
2931 3067 -510 435236010980 435236011490
2931 3851 -3450 435236010980 435236014430
2932 3012 -300 435236010980 435236011280
2933 3077 -540 435236010995 435236011535
2933 3085 -570 435236010995 435236011565
2934 3118 -690 435236010995 435236011685
2935 3005 -270 435236010995 435236011265
2936 3008 -270 435236010995 435236011265
2936 3020 -315 435236010995 435236011310
2936 3032 -360 435236010995 435236011355
2936 3072 -510 435236010995 435236011505
2936 3099 -615 435236010995 435236011610
2937 3073 -510 435236011010 435236011520
2937 3081 -540 435236011010 435236011550
2937 3097 -600 435236011010 435236011610
2937 3553 -2310 435236011010 435236013320
2939 3004 -240 435236011010 435236011250
2939 3291 -1320 435236011010 435236012330
2939 3308 -1380 435236011010 435236012390
2939 4255 -4935 435236011010 435236015945
2940 3132 -720 435236011010 435236011730
2940 4532 -5970 435236011010 435236016980
2941 3125 -690 435236011025 435236011715
2941 3127 -690 435236011025 435236011715
2941 3165 -840 435236011025 435236011865
2941 4872 -7230 435236011025 435236018255
2941 4955 -7545 435236011025 435236018570
2941 4996 -7695 435236011025 435236018720
2943 3069 -480 435236011025 435236011505
2944 3072 -480 435236011025 435236011505
2944 4311 -5130 435236011025 435236016155
2945 3073 -480 435236011040 435236011520
2945 3081 -510 435236011040 435236011550
2945 3097 -570 435236011040 435236011610
2945 3297 -1320 435236011040 435236012360
2946 4493 -5805 435236011040 435236016845
2947 3011 -240 435236011040 435236011280
2947 3068 -450 435236011040 435236011490
2947 4255 -4905 435236011040 435236015945
2947 4280 -4995 435236011040 435236016035
2947 4429 -5565 435236011040 435236016605
2948 3020 -270 435236011040 435236011310
2948 6291 -12540 435236011040 435236023580
2949 3165 -810 435236011055 435236011865
2949 4900 -7305 435236011055 435236018360
2951 3127 -660 435236011055 435236011715
2952 3176 -840 435236011055 435236011895
2952 4116 -4365 435236011055 435236015420
2952 4315 -5115 435236011055 435236016170
2953 3097 -540 435236011070 435236011610
2954 3157 -765 435236011070 435236011835
2954 4893 -7275 435236011070 435236018345
2955 3984 -3855 435236011070 435236014925
2956 3000 -165 435236011070 435236011235
2956 3188 -870 435236011070 435236011940
2956 3196 -900 435236011070 435236011970
2956 3228 -1020 435236011070 435236012090
2956 3259 -1140 435236011070 435236012210
2956 4443 -5580 435236011070 435236016650
2957 3125 -630 435236011085 435236011715
2957 3133 -660 435236011085 435236011745
2957 3165 -780 435236011085 435236011865
2957 3917 -3600 435236011085 435236014685
2957 4997 -7650 435236011085 435236018735
2959 3002 -165 435236011085 435236011250
2959 3006 -180 435236011085 435236011265
2959 3018 -225 435236011085 435236011310
2959 3127 -630 435236011085 435236011715
2960 3020 -225 435236011085 435236011310
2960 4116 -4335 435236011085 435236015420
2960 4311 -5070 435236011085 435236016155
2960 4948 -7455 435236011085 435236018540
2961 3129 -630 435236011100 435236011730
2962 6132 -11880 435236011100 435236022980
2963 3018 -210 435236011100 435236011310
2963 3866 -3390 435236011100 435236014490
2963 4493 -5745 435236011100 435236016845
2963 5005 -7665 435236011100 435236018765
2963 5466 -9390 435236011100 435236020490
2963 5469 -9405 435236011100 435236020505
2964 3165 -765 435236011100 435236011865
2964 3188 -840 435236011100 435236011940
2967 4063 -4110 435236011115 435236015225
2967 4114 -4305 435236011115 435236015420
2967 4183 -4560 435236011115 435236015675
2967 4186 -4575 435236011115 435236015690
2968 3180 -795 435236011115 435236011910
2968 5991 -11340 435236011115 435236022455
2969 3129 -600 435236011130 435236011730
2971 3079 -405 435236011130 435236011535
2971 3103 -495 435236011130 435236011625
2972 3053 -315 435236011130 435236011445
2972 3069 -375 435236011130 435236011505
2972 3101 -495 435236011130 435236011625
2972 3983 -3795 435236011130 435236014925
2974 4190 -4560 435236011145 435236015705
2975 3026 -195 435236011145 435236011340
2975 3034 -225 435236011145 435236011370
2975 3106 -495 435236011145 435236011640
2975 3355 -1425 435236011145 435236012570
2975 4466 -5595 435236011145 435236016740
2976 3068 -345 435236011145 435236011490
2976 3196 -825 435236011145 435236011970
2976 4263 -4830 435236011145 435236015975
2976 4280 -4890 435236011145 435236016035
2977 3561 -2190 435236011160 435236013350
2977 4081 -4140 435236011160 435236015300
2977 4329 -5070 435236011160 435236016230
2977 4385 -5280 435236011160 435236016440
2977 5857 -10800 435236011160 435236021960
2978 3110 -495 435236011160 435236011655
2978 4186 -4530 435236011160 435236015690
2978 6182 -12015 435236011160 435236023175
2979 3023 -165 435236011160 435236011325
2979 3079 -375 435236011160 435236011535
2979 3111 -495 435236011160 435236011655
2979 3117 -525 435236011160 435236011685
2979 3127 -555 435236011160 435236011715
2979 4091 -4170 435236011160 435236015330
2980 3165 -705 435236011160 435236011865
2981 3037 -210 435236011175 435236011385
2982 3110 -480 435236011175 435236011655
2983 3045 -240 435236011175 435236011415
2983 3095 -420 435236011175 435236011595
2983 3165 -690 435236011175 435236011865
2983 3455 -1770 435236011175 435236012945
2984 3069 -330 435236011175 435236011505
2984 3184 -750 435236011175 435236011925
2984 4104 -4200 435236011175 435236015375
2984 4255 -4770 435236011175 435236015945
2984 4280 -4860 435236011175 435236016035
2985 3145 -600 435236011190 435236011790
2985 3441 -1710 435236011190 435236012900
2985 4081 -4110 435236011190 435236015300
2985 4329 -5040 435236011190 435236016230
2985 4337 -5070 435236011190 435236016260
2985 4449 -5490 435236011190 435236016680
2985 5209 -8340 435236011190 435236019530
2985 5275 -8580 435236011190 435236019770
2985 5857 -10770 435236011190 435236021960
2986 3114 -480 435236011190 435236011670
2987 3036 -180 435236011190 435236011370
2987 3044 -210 435236011190 435236011400
2987 3068 -300 435236011190 435236011490
2987 3115 -480 435236011190 435236011670
2988 3184 -735 435236011190 435236011925
2988 3188 -750 435236011190 435236011940
2988 3827 -3150 435236011190 435236014340
2988 4096 -4155 435236011190 435236015345
2989 3053 -240 435236011205 435236011445
2989 3069 -300 435236011205 435236011505
2989 3133 -540 435236011205 435236011745
2990 3118 -480 435236011205 435236011685
2991 3037 -180 435236011205 435236011385
2991 3053 -240 435236011205 435236011445
2991 3055 -240 435236011205 435236011445
2991 3117 -480 435236011205 435236011685
2991 3119 -480 435236011205 435236011685
2991 3127 -510 435236011205 435236011715
2991 3149 -600 435236011205 435236011805
2992 3035 -165 435236011205 435236011370
2992 4091 -4125 435236011205 435236015330
2992 4104 -4170 435236011205 435236015375
2992 4280 -4830 435236011205 435236016035
2992 4565 -5910 435236011205 435236017115
2993 3121 -480 435236011220 435236011700
2993 3129 -510 435236011220 435236011730
2993 4089 -4110 435236011220 435236015330
2993 4113 -4200 435236011220 435236015420
2993 5233 -8400 435236011220 435236019620
2994 3135 -525 435236011220 435236011745
2994 4450 -5460 435236011220 435236016680
2994 4911 -7185 435236011220 435236018405
2994 5970 -11160 435236011220 435236022380
2996 3307 -1170 435236011220 435236012390
2996 4108 -4170 435236011220 435236015390
2997 3069 -270 435236011235 435236011505
2997 3341 -1290 435236011235 435236012525
2997 5336 -8760 435236011235 435236019995
2998 3062 -240 435236011235 435236011475
2998 4110 -4170 435236011235 435236015405
2999 3047 -180 435236011235 435236011415
2999 3079 -300 435236011235 435236011535
2999 3119 -450 435236011235 435236011685
2999 3135 -510 435236011235 435236011745
2999 3378 -1425 435236011235 435236012660
3000 3064 -240 435236011235 435236011475
3000 3072 -270 435236011235 435236011505
3001 3057 -210 435236011250 435236011460
3001 3129 -480 435236011250 435236011730
3001 3137 -510 435236011250 435236011760
3001 4113 -4170 435236011250 435236015420
3001 4329 -4980 435236011250 435236016230
3001 5257 -8460 435236011250 435236019710
3002 3082 -300 435236011250 435236011550
3002 3135 -495 435236011250 435236011745
3002 3141 -525 435236011250 435236011775
3002 4044 -3900 435236011250 435236015150
3002 4114 -4170 435236011250 435236015420
3003 3051 -180 435236011250 435236011430
3003 3059 -210 435236011250 435236011460
3003 3067 -240 435236011250 435236011490
3003 3075 -270 435236011250 435236011520
3003 3880 -3285 435236011250 435236014535
3003 4491 -5580 435236011250 435236016830
3003 4864 -6975 435236011250 435236018225
3004 3068 -240 435236011250 435236011490
3004 3116 -420 435236011250 435236011670
3004 3291 -1080 435236011250 435236012330
3004 5967 -11115 435236011250 435236022365
3005 3109 -390 435236011265 435236011655
3005 3117 -420 435236011265 435236011685
3005 3159 -570 435236011265 435236011835
3005 3320 -1170 435236011265 435236012435
3005 4117 -4170 435236011265 435236015435
3005 4309 -4890 435236011265 435236016155
3006 3054 -180 435236011265 435236011445
3006 3062 -210 435236011265 435236011475
3007 3063 -210 435236011265 435236011475
3007 3071 -240 435236011265 435236011505
3007 3077 -270 435236011265 435236011535
3007 3087 -300 435236011265 435236011565
3007 3111 -390 435236011265 435236011655
3007 3127 -450 435236011265 435236011715
3008 3072 -240 435236011265 435236011505
3008 3080 -270 435236011265 435236011535
3008 4269 -4740 435236011265 435236016005
3009 3113 -390 435236011280 435236011670
3009 3145 -510 435236011280 435236011790
3009 4273 -4740 435236011280 435236016020
3009 4337 -4980 435236011280 435236016260
3009 6137 -11730 435236011280 435236023010
3010 3066 -210 435236011280 435236011490
3010 3122 -420 435236011280 435236011700
3010 3410 -1500 435236011280 435236012780
3010 4986 -7410 435236011280 435236018690
3011 3059 -180 435236011280 435236011460
3011 3067 -210 435236011280 435236011490
3011 3068 -210 435236011280 435236011490
3011 3075 -240 435236011280 435236011520
3011 4003 -3720 435236011280 435236015000
3011 4284 -4770 435236011280 435236016050
3011 4429 -5325 435236011280 435236016605
3012 3076 -240 435236011280 435236011520
3012 3084 -270 435236011280 435236011550
3012 4268 -4710 435236011280 435236015990
3013 3069 -210 435236011295 435236011505
3013 3333 -1200 435236011295 435236012495
3013 4317 -4890 435236011295 435236016185
3013 4812 -6735 435236011295 435236018030
3014 3070 -210 435236011295 435236011505
3014 3078 -240 435236011295 435236011535
3014 3118 -390 435236011295 435236011685
3014 3126 -420 435236011295 435236011715
3015 3063 -180 435236011295 435236011475
3015 3077 -240 435236011295 435236011535
3015 3084 -255 435236011295 435236011550
3015 3117 -390 435236011295 435236011685
3016 3072 -210 435236011295 435236011505
3017 3121 -390 435236011310 435236011700
3017 3153 -510 435236011310 435236011820
3017 3873 -3210 435236011310 435236014520
3017 3889 -3270 435236011310 435236014580
3017 4129 -4170 435236011310 435236015480
3017 4313 -4860 435236011310 435236016170
3017 4337 -4950 435236011310 435236016260
3018 3066 -180 435236011310 435236011490
3018 3410 -1470 435236011310 435236012780
3019 3067 -180 435236011310 435236011490
3019 3076 -210 435236011310 435236011520
3019 3091 -270 435236011310 435236011580
3020 4268 -4680 435236011310 435236015990
3020 4496 -5535 435236011310 435236016845
3020 4992 -7395 435236011310 435236018705
3021 3069 -180 435236011325 435236011505
3021 3277 -960 435236011325 435236012285
3021 4141 -4200 435236011325 435236015525
3022 3118 -360 435236011325 435236011685
3022 3126 -390 435236011325 435236011715
3023 3077 -210 435236011325 435236011535
3023 3087 -240 435236011325 435236011565
3023 3109 -330 435236011325 435236011655
3023 3117 -360 435236011325 435236011685
3023 3159 -510 435236011325 435236011835
3023 3415 -1470 435236011325 435236012795
3023 3423 -1500 435236011325 435236012825
3023 3863 -3150 435236011325 435236014475
3024 3072 -180 435236011325 435236011505
3024 4528 -5640 435236011325 435236016965
3025 3073 -180 435236011340 435236011520
3025 3129 -390 435236011340 435236011730
3025 4105 -4050 435236011340 435236015390
3025 4113 -4080 435236011340 435236015420
3025 4329 -4890 435236011340 435236016230
3025 4497 -5520 435236011340 435236016860
3026 3082 -210 435236011340 435236011550
3026 3162 -510 435236011340 435236011850
3026 3426 -1500 435236011340 435236012840
3026 3916 -3330 435236011340 435236014670
3026 5479 -9195 435236011340 435236020535
3027 3071 -165 435236011340 435236011505
3027 3075 -180 435236011340 435236011520
3027 3076 -180 435236011340 435236011520
3027 3084 -210 435236011340 435236011550
3027 3116 -330 435236011340 435236011670
3028 3076 -180 435236011340 435236011520
3028 3084 -210 435236011340 435236011550
3028 3967 -3525 435236011340 435236014865
3028 4116 -4080 435236011340 435236015420
3028 4124 -4110 435236011340 435236015450
3029 3975 -3540 435236011355 435236014895
3029 4141 -4170 435236011355 435236015525
3029 4181 -4320 435236011355 435236015675
3029 6332 -12375 435236011355 435236023730
3030 3078 -180 435236011355 435236011535
3030 3110 -300 435236011355 435236011655
3031 3109 -300 435236011355 435236011655
3031 3117 -330 435236011355 435236011685
3031 3159 -480 435236011355 435236011835
3031 3423 -1470 435236011355 435236012825
3032 3080 -180 435236011355 435236011535
3032 3128 -360 435236011355 435236011715
3033 3137 -390 435236011370 435236011760
3033 4149 -4185 435236011370 435236015555
3033 4153 -4200 435236011370 435236015570
3033 6137 -11640 435236011370 435236023010
3034 3788 -2820 435236011370 435236014190
3034 3818 -2940 435236011370 435236014310
3034 3858 -3090 435236011370 435236014460
3034 3866 -3120 435236011370 435236014490
3034 4020 -3690 435236011370 435236015060
3034 4820 -6690 435236011370 435236018060
3034 5258 -8340 435236011370 435236019710
3036 3084 -180 435236011370 435236011550
3036 4116 -4050 435236011370 435236015420
3036 4122 -4080 435236011370 435236015450
3037 3085 -180 435236011385 435236011565
3037 3109 -270 435236011385 435236011655
3037 3141 -390 435236011385 435236011775
3037 3173 -510 435236011385 435236011895
3037 3328 -1080 435236011385 435236012465
3037 3360 -1200 435236011385 435236012585
3037 3407 -1380 435236011385 435236012765
3037 3909 -3270 435236011385 435236014655
3037 4117 -4050 435236011385 435236015435
3037 4149 -4170 435236011385 435236015555
3037 4269 -4620 435236011385 435236016005
3037 4445 -5280 435236011385 435236016665
3037 4981 -7290 435236011385 435236018675
3037 6029 -11220 435236011385 435236022605
3039 3100 -225 435236011385 435236011610
3039 3101 -240 435236011385 435236011625
3039 4599 -5850 435236011385 435236017235
3040 3104 -240 435236011385 435236011625
3040 4411 -5145 435236011385 435236016530
3040 4504 -5490 435236011385 435236016875
3041 3129 -330 435236011400 435236011730
3041 3145 -390 435236011400 435236011790
3041 3153 -420 435236011400 435236011820
3041 3161 -450 435236011400 435236011850
3041 3177 -510 435236011400 435236011910
3041 4081 -3900 435236011400 435236015300
3041 4113 -4020 435236011400 435236015420
3041 4129 -4080 435236011400 435236015480
3042 3858 -3060 435236011400 435236014460
3042 3866 -3090 435236011400 435236014490
3043 3101 -225 435236011400 435236011625
3043 4051 -3780 435236011400 435236015180
3043 4083 -3900 435236011400 435236015300
3043 4088 -3915 435236011400 435236015315
3044 3108 -240 435236011400 435236011640
3044 3180 -510 435236011400 435236011910
3044 6328 -12315 435236011400 435236023715
3045 3127 -300 435236011415 435236011715
3045 3157 -420 435236011415 435236011835
3045 3165 -450 435236011415 435236011865
3045 3445 -1500 435236011415 435236012915
3045 4087 -3900 435236011415 435236015315
3045 4173 -4230 435236011415 435236015645
3045 4357 -4920 435236011415 435236016335
3045 4455 -5280 435236011415 435236016695
3045 5005 -7350 435236011415 435236018765
3045 6120 -11520 435236011415 435236022935
3045 6290 -12165 435236011415 435236023580
3045 6332 -12315 435236011415 435236023730
3045 6348 -12375 435236011415 435236023790
3045 6356 -12405 435236011415 435236023820
3046 3094 -180 435236011415 435236011595
3047 3092 -165 435236011415 435236011580
3047 3093 -180 435236011415 435236011595
3047 3117 -270 435236011415 435236011685
3047 3863 -3060 435236011415 435236014475
3048 3880 -3120 435236011415 435236014535
3048 4051 -3765 435236011415 435236015180
3049 3129 -300 435236011430 435236011730
3049 3161 -420 435236011430 435236011850
3049 3185 -510 435236011430 435236011940
3049 5001 -7320 435236011430 435236018750
3050 3138 -330 435236011430 435236011760
3051 3124 -270 435236011430 435236011700
3051 3132 -300 435236011430 435236011730
3051 3147 -360 435236011430 435236011790
3051 3880 -3105 435236011430 435236014535
3052 3100 -180 435236011430 435236011610
3052 3124 -270 435236011430 435236011700
3053 3117 -240 435236011445 435236011685
3053 3165 -420 435236011445 435236011865
3053 3884 -3105 435236011445 435236014550
3053 4117 -3990 435236011445 435236015435
3053 4133 -4050 435236011445 435236015495
3053 4181 -4230 435236011445 435236015675
3053 6029 -11160 435236011445 435236022605
3054 3110 -210 435236011445 435236011655
3057 3113 -210 435236011460 435236011670
3057 3137 -300 435236011460 435236011760
3057 3169 -420 435236011460 435236011880
3057 4149 -4095 435236011460 435236015555
3057 4153 -4110 435236011460 435236015570
3057 4977 -7200 435236011460 435236018660
3058 3455 -1485 435236011460 435236012945
3058 4626 -5880 435236011460 435236017340
3059 3180 -450 435236011460 435236011910
3060 3196 -510 435236011460 435236011970
3060 4059 -3750 435236011460 435236015210
3060 4083 -3840 435236011460 435236015300
3062 4947 -7065 435236011475 435236018540
3063 3116 -195 435236011475 435236011670
3064 3116 -195 435236011475 435236011670
3064 5184 -7950 435236011475 435236019425
3065 3121 -210 435236011490 435236011700
3065 3129 -240 435236011490 435236011730
3065 3177 -420 435236011490 435236011910
3065 5217 -8070 435236011490 435236019560
3066 3114 -180 435236011490 435236011670
3066 3122 -210 435236011490 435236011700
3066 3130 -240 435236011490 435236011730
3066 3138 -270 435236011490 435236011760
3066 3154 -330 435236011490 435236011820
3066 3514 -1680 435236011490 435236013170
3066 3522 -1710 435236011490 435236013200
3066 3530 -1740 435236011490 435236013230
3066 4090 -3840 435236011490 435236015330
3066 4226 -4350 435236011490 435236015840
3066 4314 -4680 435236011490 435236016170
3067 3116 -180 435236011490 435236011670
3068 3116 -180 435236011490 435236011670
3068 3171 -390 435236011490 435236011880
3068 3179 -420 435236011490 435236011910
3068 3184 -435 435236011490 435236011925
3068 3196 -480 435236011490 435236011970
3068 4300 -4620 435236011490 435236016110
3069 3117 -180 435236011505 435236011685
3069 3189 -450 435236011505 435236011955
3069 3197 -480 435236011505 435236011985
3069 3204 -495 435236011505 435236012000
3069 4117 -3930 435236011505 435236015435
3069 4125 -3960 435236011505 435236015465
3069 4133 -3990 435236011505 435236015495
3069 4181 -4170 435236011505 435236015675
3069 4309 -4650 435236011505 435236016155
3069 4453 -5190 435236011505 435236016695
3069 5228 -8085 435236011505 435236019590
3069 6020 -11055 435236011505 435236022560
3069 6028 -11085 435236011505 435236022590
3069 6120 -11430 435236011505 435236022935
3069 6267 -11985 435236011505 435236023490
3070 3118 -180 435236011505 435236011685
3070 3126 -210 435236011505 435236011715
3071 3122 -195 435236011505 435236011700
3071 3127 -210 435236011505 435236011715
3071 3984 -3420 435236011505 435236014925
3071 4978 -7155 435236011505 435236018660
3071 6327 -12210 435236011505 435236023715
3072 3136 -240 435236011505 435236011745
3072 3896 -3090 435236011505 435236014595
3073 3185 -420 435236011520 435236011940
3074 3130 -210 435236011520 435236011730
3074 3138 -240 435236011520 435236011760
3074 3330 -960 435236011520 435236012480
3074 3978 -3390 435236011520 435236014910
3074 4018 -3540 435236011520 435236015060
3074 4098 -3840 435236011520 435236015360
3074 4138 -3990 435236011520 435236015510
3074 4458 -5190 435236011520 435236016710
3074 4866 -6720 435236011520 435236018240
3074 5735 -9975 435236011520 435236021495
3075 3515 -1650 435236011520 435236013170
3076 3124 -180 435236011520 435236011700
3077 3901 -3090 435236011535 435236014625
3077 4112 -3870 435236011535 435236015405
3077 4453 -5160 435236011535 435236016695
3077 4828 -6555 435236011535 435236018090
3078 3126 -180 435236011535 435236011715
3078 3134 -210 435236011535 435236011745
3079 3135 -210 435236011535 435236011745
3079 3863 -2940 435236011535 435236014475
3079 4111 -3870 435236011535 435236015405
3080 3904 -3090 435236011535 435236014625
3081 3129 -180 435236011550 435236011730
3081 3297 -810 435236011550 435236012360
3081 3313 -870 435236011550 435236012420
3081 3537 -1710 435236011550 435236013260
3081 3545 -1740 435236011550 435236013290
3081 3553 -1770 435236011550 435236013320
3081 3721 -2400 435236011550 435236013950
3082 3138 -210 435236011550 435236011760
3082 4055 -3645 435236011550 435236015195
3082 4114 -3870 435236011550 435236015420
3082 4117 -3885 435236011550 435236015435
3082 4138 -3960 435236011550 435236015510
3082 4146 -3990 435236011550 435236015540
3083 3867 -2940 435236011550 435236014490
3083 3880 -2985 435236011550 435236014535
3083 5216 -7995 435236011550 435236019545
3085 4117 -3870 435236011565 435236015435
3086 3134 -180 435236011565 435236011745
3086 3142 -210 435236011565 435236011775
3088 3872 -2940 435236011565 435236014505
3088 3880 -2970 435236011565 435236014535
3088 5208 -7950 435236011565 435236019515
3088 5216 -7980 435236011565 435236019545
3089 4252 -4350 435236011580 435236015930
3090 3146 -210 435236011580 435236011790
3090 3666 -2160 435236011580 435236013740
3090 4106 -3810 435236011580 435236015390
3090 4122 -3870 435236011580 435236015450
3090 4130 -3900 435236011580 435236015480
3090 4177 -4080 435236011580 435236015660
3090 4306 -4560 435236011580 435236016140
3090 4330 -4650 435236011580 435236016230
3090 4450 -5100 435236011580 435236016680
3092 3876 -2940 435236011580 435236014520
3092 5212 -7950 435236011580 435236019530
3094 4126 -3870 435236011595 435236015465
3094 4211 -4185 435236011595 435236015780
3095 3151 -210 435236011595 435236011805
3095 3247 -570 435236011595 435236012165
3095 3255 -600 435236011595 435236012195
3095 4095 -3750 435236011595 435236015345
3096 4544 -5430 435236011595 435236017025
3096 4560 -5490 435236011595 435236017085
3098 3205 -405 435236011610 435236012015
3098 3307 -780 435236011610 435236012390
3098 4106 -3780 435236011610 435236015390
3098 4135 -3885 435236011610 435236015495
3098 4170 -4020 435236011610 435236015630
3098 4223 -4215 435236011610 435236015825
3098 4234 -4260 435236011610 435236015870
3098 4434 -5010 435236011610 435236016620
3098 4463 -5115 435236011610 435236016725
3098 4634 -5760 435236011610 435236017370
3098 6045 -11055 435236011610 435236022665
3098 6128 -11355 435236011610 435236022965
3099 3180 -300 435236011610 435236011910
3100 3196 -360 435236011610 435236011970
3101 3165 -240 435236011625 435236011865
3101 3917 -3060 435236011625 435236014685
3101 4525 -5340 435236011625 435236016965
3102 3150 -180 435236011625 435236011805
3102 3166 -240 435236011625 435236011865
3102 4318 -4560 435236011625 435236016185
3103 3157 -210 435236011625 435236011835
3103 3173 -270 435236011625 435236011895
3103 4111 -3780 435236011625 435236015405
3103 4439 -5010 435236011625 435236016635
3105 3153 -180 435236011640 435236011820
3105 3353 -930 435236011640 435236012570
3105 4145 -3900 435236011640 435236015540
3105 4537 -5370 435236011640 435236017010
3106 3162 -210 435236011640 435236011850
3106 3450 -1290 435236011640 435236012930
3106 4114 -3780 435236011640 435236015420
3106 4146 -3900 435236011640 435236015540
3106 4314 -4530 435236011640 435236016170
3106 4978 -7020 435236011640 435236018660
3107 3180 -270 435236011640 435236011910
3108 6084 -11160 435236011640 435236022800
3110 3166 -210 435236011655 435236011865
3110 3174 -240 435236011655 435236011895
3110 4118 -3780 435236011655 435236015435
3110 4150 -3900 435236011655 435236015555
3111 3165 -210 435236011655 435236011865
3111 3303 -720 435236011655 435236012375
3111 3455 -1290 435236011655 435236012945
3113 3169 -210 435236011670 435236011880
3113 4153 -3900 435236011670 435236015570
3114 3466 -1320 435236011670 435236012990
3114 3530 -1560 435236011670 435236013230
3114 4090 -3660 435236011670 435236015330
3114 4122 -3780 435236011670 435236015450
3114 4330 -4560 435236011670 435236016230
3115 3180 -240 435236011670 435236011910
3115 3188 -270 435236011670 435236011940
3116 4560 -5415 435236011670 435236017085
3117 3333 -810 435236011685 435236012495
3117 3415 -1110 435236011685 435236012795
3117 4117 -3750 435236011685 435236015435
3117 4125 -3780 435236011685 435236015465
3117 4133 -3810 435236011685 435236015495
3117 4325 -4530 435236011685 435236016215
3117 4453 -5010 435236011685 435236016695
3118 3446 -1230 435236011685 435236012915
3118 4008 -3330 435236011685 435236015015
3118 4310 -4470 435236011685 435236016155
3118 4350 -4620 435236011685 435236016305
3118 4358 -4650 435236011685 435236016335
3118 4440 -4950 435236011685 435236016635
3118 4743 -6090 435236011685 435236017775
3119 3165 -180 435236011685 435236011865
3120 4544 -5340 435236011685 435236017025
3121 3185 -240 435236011700 435236011940
3121 3193 -270 435236011700 435236011970
3121 4169 -3930 435236011700 435236015630
3122 3522 -1500 435236011700 435236013200
3122 4098 -3660 435236011700 435236015360
3122 4106 -3690 435236011700 435236015390
3122 4122 -3750 435236011700 435236015450
3122 4290 -4380 435236011700 435236016080
3123 3180 -210 435236011700 435236011910
3125 4487 -5100 435236011715 435236016815
3126 3454 -1230 435236011715 435236012945
3126 4000 -3270 435236011715 435236014985
3126 4008 -3300 435236011715 435236015015
3126 4102 -3660 435236011715 435236015375
3126 4126 -3750 435236011715 435236015465
3126 4310 -4440 435236011715 435236016155
3126 4440 -4920 435236011715 435236016635
3127 3173 -180 435236011715 435236011895
3127 3181 -210 435236011715 435236011925
3127 4095 -3630 435236011715 435236015345
3127 4103 -3660 435236011715 435236015375
3127 4107 -3675 435236011715 435236015390
3127 4136 -3780 435236011715 435236015495
3127 4291 -4365 435236011715 435236016080
3127 4349 -4590 435236011715 435236016305
3127 4431 -4890 435236011715 435236016605
3127 4996 -7005 435236011715 435236018720
3128 3176 -180 435236011715 435236011895
3128 4254 -4230 435236011715 435236015945
3129 3177 -180 435236011730 435236011910
3129 3185 -210 435236011730 435236011940
3129 3193 -240 435236011730 435236011970
3129 3201 -270 435236011730 435236012000
3129 3377 -930 435236011730 435236012660
3129 3393 -990 435236011730 435236012720
3129 3441 -1170 435236011730 435236012900
3129 3449 -1200 435236011730 435236012930
3129 3457 -1230 435236011730 435236012960
3129 3497 -1380 435236011730 435236013110
3129 3513 -1440 435236011730 435236013170
3129 3521 -1470 435236011730 435236013200
3129 3529 -1500 435236011730 435236013230
3129 3577 -1680 435236011730 435236013410
3129 3585 -1710 435236011730 435236013440
3129 3601 -1770 435236011730 435236013500
3129 3609 -1800 435236011730 435236013530
3129 3641 -1920 435236011730 435236013650
3129 3649 -1950 435236011730 435236013680
3129 3905 -2910 435236011730 435236014640
3129 3921 -2970 435236011730 435236014700
3129 4105 -3660 435236011730 435236015390
3129 4249 -4200 435236011730 435236015930
3129 4273 -4290 435236011730 435236016020
3129 4289 -4350 435236011730 435236016080
3129 4305 -4410 435236011730 435236016140
3129 4313 -4440 435236011730 435236016170
3129 4329 -4500 435236011730 435236016230
3129 4353 -4590 435236011730 435236016320
3129 4361 -4620 435236011730 435236016350
3129 4369 -4650 435236011730 435236016380
3129 4409 -4800 435236011730 435236016530
3130 3410 -1050 435236011730 435236012780
3130 3418 -1080 435236011730 435236012810
3130 3466 -1260 435236011730 435236012990
3130 4106 -3660 435236011730 435236015390
3130 4362 -4620 435236011730 435236016350
3130 4476 -5040 435236011730 435236016770
3130 4484 -5070 435236011730 435236016800
3130 4899 -6630 435236011730 435236018360
3130 6333 -12015 435236011730 435236023745
3132 3259 -480 435236011730 435236012210
3132 3268 -510 435236011730 435236012240
3132 3827 -2610 435236011730 435236014340
3132 3835 -2640 435236011730 435236014370
3132 4035 -3390 435236011730 435236015120
3132 4460 -4980 435236011730 435236016710
3132 4824 -6345 435236011730 435236018075
3132 5004 -7020 435236011730 435236018750
3132 5466 -8760 435236011730 435236020490
3133 4156 -3825 435236011745 435236015570
3133 4165 -3870 435236011745 435236015615
3133 4285 -4320 435236011745 435236016065
3133 4413 -4800 435236011745 435236016545
3133 4430 -4860 435236011745 435236016605
3133 4468 -4995 435236011745 435236016740
3133 4469 -5010 435236011745 435236016755
3133 4997 -6990 435236011745 435236018735
3133 6084 -11055 435236011745 435236022800
3134 3526 -1470 435236011745 435236013215
3134 4142 -3780 435236011745 435236015525
3135 4036 -3375 435236011745 435236015120
3135 4103 -3630 435236011745 435236015375
3135 4111 -3660 435236011745 435236015405
3135 4943 -6780 435236011745 435236018525
3135 5015 -7050 435236011745 435236018795
3135 6053 -10950 435236011745 435236022695
3135 6134 -11250 435236011745 435236022995
3136 4120 -3690 435236011745 435236015435
3137 3497 -1350 435236011760 435236013110
3137 4227 -4080 435236011760 435236015840
3137 4313 -4410 435236011760 435236016170
3138 3352 -795 435236011760 435236012555
3138 3418 -1050 435236011760 435236012810
3138 3538 -1500 435236011760 435236013260
3138 3755 -2310 435236011760 435236014070
3138 4114 -3660 435236011760 435236015420
3138 4970 -6870 435236011760 435236018630
3139 4291 -4320 435236011760 435236016080
3139 4420 -4800 435236011760 435236016560
3139 4443 -4890 435236011760 435236016650
3139 4451 -4920 435236011760 435236016680
3139 4483 -5040 435236011760 435236016800
3139 4915 -6660 435236011760 435236018420
3139 4979 -6900 435236011760 435236018660
3142 4150 -3780 435236011775 435236015555
3143 3399 -960 435236011775 435236012735
3143 3835 -2595 435236011775 435236014370
3143 4157 -3810 435236011775 435236015585
3143 4165 -3840 435236011775 435236015615
3143 4431 -4830 435236011775 435236016605
3143 4997 -6960 435236011775 435236018735
3143 5495 -8820 435236011775 435236020595
3143 6031 -10830 435236011775 435236022605
3143 6076 -10995 435236011775 435236022770
3144 4536 -5220 435236011775 435236016995
3146 3450 -1140 435236011790 435236012930
3146 3466 -1200 435236011790 435236012990
3146 4122 -3660 435236011790 435236015450
3147 3251 -390 435236011790 435236012180
3148 3379 -870 435236011790 435236012660
3148 4107 -3600 435236011790 435236015390
3148 4299 -4320 435236011790 435236016110
3148 4464 -4935 435236011790 435236016725
3148 5461 -8685 435236011790 435236020475
3148 6303 -11835 435236011790 435236023625
3149 3197 -180 435236011805 435236011985
3149 4181 -3870 435236011805 435236015675
3150 4326 -4410 435236011805 435236016215
3151 3455 -1140 435236011805 435236012945
3151 3479 -1230 435236011805 435236013035
3151 4463 -4920 435236011805 435236016725
3152 5866 -10185 435236011805 435236021990
3152 5874 -10215 435236011805 435236022020
3153 3361 -780 435236011820 435236012600
3153 4089 -3510 435236011820 435236015330
3153 4129 -3660 435236011820 435236015480
3153 4137 -3690 435236011820 435236015510
3153 4162 -3780 435236011820 435236015600
3153 4169 -3810 435236011820 435236015630
3153 4313 -4350 435236011820 435236016170
3153 4321 -4380 435236011820 435236016200
3153 4337 -4440 435236011820 435236016260
3153 4797 -6165 435236011820 435236017985
3153 5009 -6960 435236011820 435236018780
3155 3216 -225 435236011820 435236012045
3156 4132 -3660 435236011820 435236015480
3156 4332 -4410 435236011820 435236016230
3156 5466 -8670 435236011820 435236020490
3157 3823 -2490 435236011835 435236014325
3157 4332 -4395 435236011835 435236016230
3157 4493 -5010 435236011835 435236016845
3158 4342 -4440 435236011835 435236016275
3159 3543 -1440 435236011835 435236013275
3159 4463 -4890 435236011835 435236016725
3159 6047 -10830 435236011835 435236022665
3160 3309 -570 435236011835 435236012405
3160 5341 -8190 435236011835 435236020025
3160 5349 -8220 435236011835 435236020055
3161 3345 -690 435236011850 435236012540
3161 3641 -1800 435236011850 435236013650
3161 4137 -3660 435236011850 435236015510
3161 4297 -4260 435236011850 435236016110
3161 4313 -4320 435236011850 435236016170
3161 6033 -10770 435236011850 435236022620
3163 3216 -195 435236011850 435236012045
3163 3283 -450 435236011850 435236012300
3163 3316 -570 435236011850 435236012420
3163 4300 -4260 435236011850 435236016110
3164 4420 -4710 435236011850 435236016560
3164 5466 -8640 435236011850 435236020490
3165 3660 -1845 435236011865 435236013710
3165 3823 -2460 435236011865 435236014325
3165 3831 -2490 435236011865 435236014355
3165 4036 -3255 435236011865 435236015120
3165 4044 -3285 435236011865 435236015150
3165 4141 -3660 435236011865 435236015525
3165 4285 -4200 435236011865 435236016065
3165 4341 -4410 435236011865 435236016275
3165 4373 -4530 435236011865 435236016395
3165 4396 -4605 435236011865 435236016470
3165 4453 -4830 435236011865 435236016695
3165 4461 -4860 435236011865 435236016725
3165 4476 -4905 435236011865 435236016770
3165 4487 -4950 435236011865 435236016815
3165 4501 -5010 435236011865 435236016875
3165 4532 -5115 435236011865 435236016980
3165 4927 -6600 435236011865 435236018465
3165 4996 -6855 435236011865 435236018720
3165 4997 -6870 435236011865 435236018735
3165 5004 -6885 435236011865 435236018750
3165 5005 -6900 435236011865 435236018765
3165 5021 -6960 435236011865 435236018825
3165 6015 -10680 435236011865 435236022545
3165 6084 -10935 435236011865 435236022800
3165 6290 -11715 435236011865 435236023580
3165 6352 -11940 435236011865 435236023805
3166 4342 -4410 435236011865 435236016275
3167 3479 -1170 435236011865 435236013035
3167 3607 -1650 435236011865 435236013515
3167 6047 -10800 435236011865 435236022665
3168 3232 -240 435236011865 435236012105
3169 4081 -3420 435236011880 435236015300
3169 4121 -3570 435236011880 435236015450
3169 4145 -3660 435236011880 435236015540
3170 3213 -165 435236011880 435236012045
3170 4150 -3675 435236011880 435236015555
3170 5647 -9285 435236011880 435236021165
3171 3216 -165 435236011880 435236012045
3171 5642 -9270 435236011880 435236021150
3171 6047 -10785 435236011880 435236022665
3172 4367 -4485 435236011880 435236016365
3172 4420 -4680 435236011880 435236016560
3173 4157 -3690 435236011895 435236015585
3173 6053 -10800 435236011895 435236022695
3174 4150 -3660 435236011895 435236015555
3175 3583 -1530 435236011895 435236013425
3175 4954 -6675 435236011895 435236018570
3175 6066 -10845 435236011895 435236022740
3177 4153 -3660 435236011910 435236015570
3178 5341 -8115 435236011910 435236020025
3179 6199 -11325 435236011910 435236023235
3180 3459 -1050 435236011910 435236012960
3180 6328 -11805 435236011910 435236023715
3181 4125 -3540 435236011925 435236015465
3181 6068 -10815 435236011925 435236022740
3182 4358 -4410 435236011925 435236016335
3182 4382 -4500 435236011925 435236016425
3183 3520 -1260 435236011925 435236013185
3183 3583 -1500 435236011925 435236013425
3183 3677 -1860 435236011925 435236013785
3183 4159 -3660 435236011925 435236015585
3183 4946 -6615 435236011925 435236018540
3183 5230 -7680 435236011925 435236019605
3184 4193 -3795 435236011925 435236015720
3184 4300 -4185 435236011925 435236016110
3184 4304 -4200 435236011925 435236016125
3185 3569 -1440 435236011940 435236013380
3185 4089 -3390 435236011940 435236015330
3185 4105 -3450 435236011940 435236015390
3185 4113 -3480 435236011940 435236015420
3185 4129 -3540 435236011940 435236015480
3185 4161 -3660 435236011940 435236015600
3185 4169 -3690 435236011940 435236015630
3185 4233 -3930 435236011940 435236015870
3185 5265 -7800 435236011940 435236019740
3186 3229 -165 435236011940 435236012105
3186 4811 -6090 435236011940 435236018030
3187 3546 -1350 435236011940 435236013290
3187 3620 -1620 435236011940 435236013560
3187 4962 -6660 435236011940 435236018600
3188 3613 -1605 435236011940 435236013545
3188 4100 -3420 435236011940 435236015360
3189 3613 -1590 435236011955 435236013545
3189 4181 -3720 435236011955 435236015675
3189 6267 -11535 435236011955 435236023490
3190 4366 -4410 435236011955 435236016365
3191 3606 -1560 435236011955 435236013515
3192 4981 -6720 435236011955 435236018675
3193 3641 -1680 435236011970 435236013650
3193 4169 -3660 435236011970 435236015630
3193 4409 -4560 435236011970 435236016530
3194 3237 -165 435236011970 435236012135
3194 3336 -525 435236011970 435236012495
3194 4811 -6060 435236011970 435236018030
3194 5174 -7425 435236011970 435236019395
3195 3490 -1110 435236011970 435236013080
3195 3554 -1350 435236011970 435236013320
3195 5563 -8880 435236011970 435236020850
3197 3861 -2490 435236011985 435236014475
3197 3885 -2580 435236011985 435236014565
3197 3984 -2940 435236011985 435236014925
3197 4181 -3690 435236011985 435236015675
3197 4365 -4380 435236011985 435236016365
3197 4373 -4410 435236011985 435236016395
3197 6267 -11505 435236011985 435236023490
3198 3663 -1740 435236011985 435236013725
3199 3262 -240 435236011985 435236012225
3199 4694 -5610 435236011985 435236017595
3200 3479 -1050 435236011985 435236013035
3200 3517 -1200 435236011985 435236013185
3200 3551 -1320 435236011985 435236013305
3200 5415 -8310 435236011985 435236020295
3201 3369 -630 435236012000 435236012630
3201 4161 -3600 435236012000 435236015600
3201 4169 -3630 435236012000 435236015630
3201 4241 -3900 435236012000 435236015900
3201 4385 -4440 435236012000 435236016440
3201 4409 -4530 435236012000 435236016530
3201 5209 -7530 435236012000 435236019530
3202 3249 -180 435236012000 435236012180
3202 4803 -6000 435236012000 435236018000
3203 3372 -630 435236012000 435236012630
3203 5567 -8865 435236012000 435236020865
3204 3984 -2925 435236012000 435236014925
3204 4255 -3945 435236012000 435236015945
3204 4300 -4110 435236012000 435236016110
3205 3613 -1530 435236012015 435236013545
3207 3262 -210 435236012015 435236012225
3208 3252 -165 435236012015 435236012180
3209 5025 -6810 435236012030 435236018840
3209 5209 -7500 435236012030 435236019530
3210 4694 -5565 435236012030 435236017595
3211 5567 -8835 435236012030 435236020865
3213 5144 -7230 435236012045 435236019275
3214 4803 -5955 435236012045 435236018000
3214 5078 -6990 435236012045 435236019035
3214 5674 -9225 435236012045 435236021270
3215 3258 -165 435236012045 435236012210
3215 4642 -5355 435236012045 435236017400
3216 3355 -525 435236012045 435236012570
3216 5628 -9045 435236012045 435236021090
3217 3329 -420 435236012060 435236012480
3217 5321 -7890 435236012060 435236019950
3217 5593 -8910 435236012060 435236020970
3217 5737 -9450 435236012060 435236021510
3217 6353 -11760 435236012060 435236023820
3219 4205 -3705 435236012060 435236015765
3220 3525 -1155 435236012060 435236013215
3220 5021 -6765 435236012060 435236018825
3220 6116 -10860 435236012060 435236022920
3223 3269 -180 435236012075 435236012255
3223 3277 -210 435236012075 435236012285
3223 3352 -480 435236012075 435236012555
3223 3359 -510 435236012075 435236012585
3223 3643 -1575 435236012075 435236013650
3225 4802 -5910 435236012090 435236018000
3225 4913 -6330 435236012090 435236018420
3225 5041 -6810 435236012090 435236018900
3225 5737 -9420 435236012090 435236021510
3226 4642 -5310 435236012090 435236017400
3227 3415 -705 435236012090 435236012795
3228 3613 -1455 435236012090 435236013545
3228 3620 -1470 435236012090 435236013560
3228 3666 -1650 435236012090 435236013740
3228 3676 -1680 435236012090 435236013770
3228 5194 -7380 435236012090 435236019470
3228 6136 -10905 435236012090 435236022995
3228 6157 -10995 435236012090 435236023085
3229 5589 -8850 435236012105 435236020955
3229 5597 -8880 435236012105 435236020985
3231 3327 -360 435236012105 435236012465
3231 3359 -480 435236012105 435236012585
3231 3360 -480 435236012105 435236012585
3231 3629 -1500 435236012105 435236013605
3231 3653 -1590 435236012105 435236013695
3231 3739 -1905 435236012105 435236014010
3231 4591 -5100 435236012105 435236017205
3231 4599 -5130 435236012105 435236017235
3232 3320 -330 435236012105 435236012435
3233 3673 -1650 435236012120 435236013770
3233 3697 -1740 435236012120 435236013860
3233 4913 -6300 435236012120 435236018420
3233 5017 -6690 435236012120 435236018810
3233 5025 -6720 435236012120 435236018840
3233 5641 -9030 435236012120 435236021150
3233 5673 -9150 435236012120 435236021270
3233 5737 -9390 435236012120 435236021510
3233 6265 -11370 435236012120 435236023490
3234 4650 -5310 435236012120 435236017430
3236 5029 -6735 435236012120 435236018855
3237 5570 -8745 435236012135 435236020880
3237 5589 -8820 435236012135 435236020955
3237 5597 -8850 435236012135 435236020985
3238 3286 -180 435236012135 435236012315
3238 3294 -210 435236012135 435236012345
3239 3463 -840 435236012135 435236012975
3239 4599 -5100 435236012135 435236017235
3240 3296 -210 435236012135 435236012345
3240 4488 -4680 435236012135 435236016815
3240 5491 -8445 435236012135 435236020580
3240 5579 -8775 435236012135 435236020910
3240 5603 -8865 435236012135 435236021000
3240 5611 -8895 435236012135 435236021030
3240 6084 -10665 435236012135 435236022800
3241 3313 -270 435236012150 435236012420
3241 5033 -6720 435236012150 435236018870
3241 5641 -9000 435236012150 435236021150
3241 5737 -9360 435236012150 435236021510
3241 5753 -9420 435236012150 435236021570
3242 4586 -5040 435236012150 435236017190
3242 4594 -5070 435236012150 435236017220
3242 4602 -5100 435236012150 435236017250
3243 3530 -1080 435236012150 435236013230
3243 4197 -3585 435236012150 435236015735
3243 4523 -4800 435236012150 435236016950
3243 5571 -8730 435236012150 435236020880
3243 5668 -9090 435236012150 435236021240
3245 6141 -10860 435236012165 435236023025
3246 3294 -180 435236012165 435236012345
3247 3360 -420 435236012165 435236012585
3247 3591 -1290 435236012165 435236013455
3248 3296 -180 435236012165 435236012345
3248 4480 -4620 435236012165 435236016785
3248 6088 -10650 435236012165 435236022815
3249 4657 -5280 435236012180 435236017460
3249 5641 -8970 435236012180 435236021150
3249 5737 -9330 435236012180 435236021510
3249 5753 -9390 435236012180 435236021570
3250 3362 -420 435236012180 435236012600
3250 4586 -5010 435236012180 435236017190
3252 4467 -4560 435236012180 435236016740
3252 4475 -4590 435236012180 435236016770
3255 3431 -660 435236012195 435236012855
3255 3479 -840 435236012195 435236013035
3255 3543 -1080 435236012195 435236013275
3255 4815 -5850 435236012195 435236018045
3255 5567 -8670 435236012195 435236020865
3255 5586 -8745 435236012195 435236020940
3256 3924 -2505 435236012195 435236014700
3256 4406 -4320 435236012195 435236016515
3257 4713 -5460 435236012210 435236017670
3257 5033 -6660 435236012210 435236018870
3257 5041 -6690 435236012210 435236018900
3257 5321 -7740 435236012210 435236019950
3257 5737 -9300 435236012210 435236021510
3258 4586 -4980 435236012210 435236017190
3258 4690 -5370 435236012210 435236017580
3258 4816 -5835 435236012210 435236018045
3259 4107 -3180 435236012210 435236015390
3259 6291 -11370 435236012210 435236023580
3260 4402 -4290 435236012210 435236016500
3261 3427 -615 435236012225 435236012840
3261 3900 -2385 435236012225 435236014610
3261 3901 -2400 435236012225 435236014625
3261 4309 -3930 435236012225 435236016155
3261 4504 -4650 435236012225 435236016875
3261 4552 -4830 435236012225 435236017055
3261 5567 -8640 435236012225 435236020865
3263 4239 -3660 435236012225 435236015885
3263 4623 -5100 435236012225 435236017325
3264 4291 -3855 435236012225 435236016080
3264 4430 -4380 435236012225 435236016605
3265 5025 -6600 435236012240 435236018840
3265 5033 -6630 435236012240 435236018870
3265 5249 -7440 435236012240 435236019680
3266 3498 -870 435236012240 435236013110
3267 3340 -270 435236012240 435236012510
3267 3376 -405 435236012240 435236012645
3268 4460 -4470 435236012240 435236016710
3268 4876 -6030 435236012240 435236018270
3268 4884 -6060 435236012240 435236018300
3268 6312 -11415 435236012240 435236023655
3269 3501 -870 435236012255 435236013125
3269 3666 -1485 435236012255 435236013740
3269 4426 -4335 435236012255 435236016590
3269 5669 -9000 435236012255 435236021255
3271 4471 -4500 435236012255 435236016755
3272 4024 -2820 435236012255 435236015075
3272 4032 -2850 435236012255 435236015105
3272 4404 -4245 435236012255 435236016500
3272 4456 -4440 435236012255 435236016695
3272 5600 -8730 435236012255 435236020985
3273 3385 -420 435236012270 435236012690
3273 3825 -2070 435236012270 435236014340
3273 4713 -5400 435236012270 435236017670
3273 4729 -5460 435236012270 435236017730
3273 5033 -6600 435236012270 435236018870
3273 5825 -9570 435236012270 435236021840
3276 3924 -2430 435236012270 435236014700
3276 3933 -2475 435236012270 435236014745
3276 4460 -4440 435236012270 435236016710
3276 4996 -6450 435236012270 435236018720
3276 5391 -7935 435236012270 435236020205
3276 5460 -8190 435236012270 435236020460
3276 5479 -8265 435236012270 435236020535
3277 3373 -360 435236012285 435236012645
3277 3509 -870 435236012285 435236013155
3277 3780 -1875 435236012285 435236014160
3277 3925 -2430 435236012285 435236014715
3280 4291 -3795 435236012285 435236016080
3280 4360 -4050 435236012285 435236016335
3281 3809 -1980 435236012300 435236014280
3281 4609 -4980 435236012300 435236017280
3281 4729 -5430 435236012300 435236017730
3282 3378 -360 435236012300 435236012660
3282 3783 -1875 435236012300 435236014175
3282 4602 -4950 435236012300 435236017250
3282 5090 -6780 435236012300 435236019080
3283 4263 -3675 435236012300 435236015975
3283 6051 -10380 435236012300 435236022680
3283 6088 -10515 435236012300 435236022815
3283 6327 -11415 435236012300 435236023715
3284 3920 -2385 435236012300 435236014685
3284 4324 -3900 435236012300 435236016200
3284 4460 -4410 435236012300 435236016710
3284 4916 -6120 435236012300 435236018420
3284 4964 -6300 435236012300 435236018600
3284 6027 -10290 435236012300 435236022590
3285 3381 -360 435236012315 435236012675
3285 4021 -2760 435236012315 435236015075
3288 4379 -4095 435236012315 435236016410
3288 4404 -4185 435236012315 435236016500
3288 4412 -4215 435236012315 435236016530
3289 3353 -240 435236012330 435236012570
3289 3513 -840 435236012330 435236013170
3290 4017 -2730 435236012330 435236015060
3291 4100 -3030 435236012330 435236015360
3291 4250 -3600 435236012330 435236015930
3291 4255 -3615 435236012330 435236015945
3291 4292 -3750 435236012330 435236016080
3291 4555 -4740 435236012330 435236017070
3291 5975 -10065 435236012330 435236022395
3292 4324 -3870 435236012330 435236016200
3292 4367 -4035 435236012330 435236016365
3292 4972 -6300 435236012330 435236018630
3292 4996 -6390 435236012330 435236018720
3293 3525 -870 435236012345 435236013215
3293 3983 -2580 435236012345 435236014925
3293 4251 -3585 435236012345 435236015930
3294 4260 -3615 435236012345 435236015960
3295 3365 -270 435236012345 435236012615
3295 3373 -300 435236012345 435236012645
3296 4255 -3600 435236012345 435236015945
3297 4497 -4500 435236012360 435236016860
3297 4529 -4620 435236012360 435236016980
3298 4017 -2700 435236012360 435236015060
3298 4666 -5130 435236012360 435236017490
3299 3372 -270 435236012360 435236012630
3300 4255 -3585 435236012360 435236015945
3300 4284 -3690 435236012360 435236016050
3301 4259 -3585 435236012375 435236015960
3301 5429 -7980 435236012375 435236020355
3301 6013 -10170 435236012375 435236022545
3302 4248 -3540 435236012375 435236015915
3302 4256 -3570 435236012375 435236015945
3302 4260 -3585 435236012375 435236015960
3303 3365 -240 435236012375 435236012615
3303 4313 -3795 435236012375 435236016170
3304 4255 -3570 435236012375 435236015945
3304 4258 -3585 435236012375 435236015960
3304 4271 -3630 435236012375 435236016005
3304 4288 -3690 435236012375 435236016065
3304 4311 -3780 435236012375 435236016155
3305 6041 -10260 435236012390 435236022650
3306 3353 -180 435236012390 435236012570
3306 4260 -3570 435236012390 435236015960
3306 4365 -3975 435236012390 435236016365
3306 4409 -4140 435236012390 435236016530
3307 3364 -210 435236012390 435236012600
3307 4262 -3585 435236012390 435236015975
3307 4264 -3585 435236012390 435236015975
3307 5266 -7350 435236012390 435236019740
3307 6360 -11445 435236012390 435236023835
3308 4255 -3555 435236012390 435236015945
3308 4263 -3585 435236012390 435236015975
3308 4288 -3675 435236012390 435236016065
3309 4238 -3480 435236012405 435236015885
3309 4247 -3510 435236012405 435236015915
3309 4259 -3555 435236012405 435236015960
3309 5389 -7800 435236012405 435236020205
3309 5429 -7950 435236012405 435236020355
3309 5501 -8220 435236012405 435236020625
3310 4248 -3510 435236012405 435236015915
3310 4256 -3540 435236012405 435236015945
3310 4260 -3555 435236012405 435236015960
3311 4245 -3510 435236012405 435236015915
3311 4253 -3540 435236012405 435236015945
3311 4257 -3555 435236012405 435236015960
3311 4422 -4170 435236012405 435236016575
3312 4247 -3510 435236012405 435236015915
3312 4250 -3525 435236012405 435236015930
3312 4258 -3555 435236012405 435236015960
3313 4243 -3480 435236012420 435236015900
3313 4251 -3510 435236012420 435236015930
3314 4063 -2805 435236012420 435236015225
3314 4191 -3285 435236012420 435236015705
3314 4244 -3480 435236012420 435236015900
3314 4252 -3510 435236012420 435236015930
3314 4434 -4200 435236012420 435236016620
3314 4674 -5100 435236012420 435236017520
3315 3364 -180 435236012420 435236012600
3315 4114 -3000 435236012420 435236015420
3315 4249 -3510 435236012420 435236015930
3315 4286 -3645 435236012420 435236016065
3315 4338 -3840 435236012420 435236016260
3316 4242 -3480 435236012420 435236015900
3316 4250 -3510 435236012420 435236015930
3316 4255 -3525 435236012420 435236015945
3316 4263 -3555 435236012420 435236015975
3317 4247 -3480 435236012435 435236015915
3317 4255 -3510 435236012435 435236015945
3317 4259 -3525 435236012435 435236015960
3318 4235 -3435 435236012435 435236015870
3318 4240 -3450 435236012435 435236015885
3318 4243 -3465 435236012435 435236015900
3318 4248 -3480 435236012435 435236015915
3318 4256 -3510 435236012435 435236015945
3318 4260 -3525 435236012435 435236015960
3319 4186 -3255 435236012435 435236015690
3319 4205 -3330 435236012435 435236015765
3319 4244 -3465 435236012435 435236015900
3319 4245 -3480 435236012435 435236015915
3319 4253 -3510 435236012435 435236015945
3320 3423 -390 435236012435 435236012825
3320 4246 -3480 435236012435 435236015915
3320 4258 -3525 435236012435 435236015960
3320 4471 -4320 435236012435 435236016755
3321 4243 -3450 435236012450 435236015900
3321 4537 -4560 435236012450 435236017010
3322 3373 -195 435236012450 435236012645
3322 4244 -3450 435236012450 435236015900
3323 4063 -2775 435236012450 435236015225
3323 4185 -3240 435236012450 435236015690
3323 4190 -3255 435236012450 435236015705
3323 4233 -3420 435236012450 435236015870
3323 4473 -4320 435236012450 435236016770
3324 4242 -3450 435236012450 435236015900
3324 4250 -3480 435236012450 435236015930
3324 4308 -3690 435236012450 435236016140
3324 4535 -4545 435236012450 435236016995
3324 4623 -4875 435236012450 435236017325
3324 6355 -11370 435236012450 435236023820
3325 3997 -2520 435236012465 435236014985
3325 4239 -3420 435236012465 435236015885
3325 5975 -9930 435236012465 435236022395
3326 4232 -3390 435236012465 435236015855
3326 4235 -3405 435236012465 435236015870
3326 4240 -3420 435236012465 435236015885
3326 4248 -3450 435236012465 435236015915
3326 4269 -3540 435236012465 435236016005
3327 5567 -8400 435236012465 435236020865
3327 5618 -8595 435236012465 435236021060
3328 4238 -3420 435236012465 435236015885
3328 5563 -8385 435236012465 435236020850
3329 4227 -3360 435236012480 435236015840
3329 4537 -4530 435236012480 435236017010
3329 4729 -5250 435236012480 435236017730
3329 5057 -6480 435236012480 435236018960
3329 5209 -7050 435236012480 435236019530
3329 6353 -11340 435236012480 435236023820
3330 3586 -960 435236012480 435236013440
3330 4224 -3345 435236012480 435236015825
3330 4228 -3360 435236012480 435236015840
3330 5605 -8535 435236012480 435236021015
3330 5618 -8580 435236012480 435236021060
3331 3511 -675 435236012480 435236013155
3331 3523 -720 435236012480 435236013200
3332 4226 -3360 435236012480 435236015840
3332 4234 -3390 435236012480 435236015870
3332 5380 -7680 435236012480 435236020160
3332 6364 -11370 435236012480 435236023850
3333 4223 -3330 435236012495 435236015825
3333 4231 -3360 435236012495 435236015855
3334 4219 -3315 435236012495 435236015810
3334 4224 -3330 435236012495 435236015825
3334 4227 -3345 435236012495 435236015840
3334 4232 -3360 435236012495 435236015855
3334 4240 -3390 435236012495 435236015885
3334 4248 -3420 435236012495 435236015915
3335 4029 -2610 435236012495 435236015105
3335 4221 -3330 435236012495 435236015825
3335 4228 -3345 435236012495 435236015840
3336 4214 -3300 435236012495 435236015795
3336 4222 -3330 435236012495 435236015825
3336 4230 -3360 435236012495 435236015855
3337 4178 -3150 435236012510 435236015660
3337 4219 -3300 435236012510 435236015810
3337 4227 -3330 435236012510 435236015840
3337 4235 -3360 435236012510 435236015870
3337 4537 -4500 435236012510 435236017010
3337 5209 -7020 435236012510 435236019530
3338 4220 -3300 435236012510 435236015810
3338 4224 -3315 435236012510 435236015825
3338 4228 -3330 435236012510 435236015840
3339 4213 -3285 435236012510 435236015795
3339 4220 -3300 435236012510 435236015810
3339 4221 -3315 435236012510 435236015825
3339 4821 -5565 435236012510 435236018075
3340 4218 -3300 435236012510 435236015810
3340 4222 -3315 435236012510 435236015825
3340 4223 -3315 435236012510 435236015825
3340 4226 -3330 435236012510 435236015840
3340 4231 -3345 435236012510 435236015855
3341 3637 -1110 435236012525 435236013635
3341 3767 -1590 435236012525 435236014115
3341 3778 -1635 435236012525 435236014160
3341 4215 -3270 435236012525 435236015795
3341 4218 -3285 435236012525 435236015810
3341 4223 -3300 435236012525 435236015825
3341 5617 -8535 435236012525 435236021060
3341 5625 -8565 435236012525 435236021090
3341 6164 -10575 435236012525 435236023100
3342 4183 -3150 435236012525 435236015675
3342 4208 -3240 435236012525 435236015765
3342 4216 -3270 435236012525 435236015795
3342 4224 -3300 435236012525 435236015825
3342 4232 -3330 435236012525 435236015855
3343 4196 -3195 435236012525 435236015720
3343 4205 -3240 435236012525 435236015765
3343 4213 -3270 435236012525 435236015795
3343 4220 -3285 435236012525 435236015810
3343 4221 -3300 435236012525 435236015825
3344 4214 -3270 435236012525 435236015795
3344 4222 -3300 435236012525 435236015825
3344 4802 -5475 435236012525 435236018000
3345 4211 -3240 435236012540 435236015780
3345 4219 -3270 435236012540 435236015810
3345 4227 -3300 435236012540 435236015840
3345 4337 -3720 435236012540 435236016260
3345 4345 -3750 435236012540 435236016290
3345 4841 -5610 435236012540 435236018150
3346 4187 -3150 435236012540 435236015690
3346 4200 -3195 435236012540 435236015735
3346 4208 -3225 435236012540 435236015765
3346 4220 -3270 435236012540 435236015810
3346 4224 -3285 435236012540 435236015825
3347 3419 -270 435236012540 435236012810
3347 4197 -3195 435236012540 435236015735
3347 4212 -3240 435236012540 435236015780
3347 4213 -3255 435236012540 435236015795
3347 4828 -5550 435236012540 435236018090
3347 6360 -11295 435236012540 435236023835
3348 3782 -1635 435236012540 435236014175
3348 4190 -3165 435236012540 435236015705
3348 4202 -3210 435236012540 435236015750
3348 4210 -3240 435236012540 435236015780
3348 4812 -5490 435236012540 435236018030
3348 6285 -11025 435236012540 435236023565
3349 4194 -3165 435236012555 435236015720
3349 4207 -3210 435236012555 435236015765
3350 4183 -3120 435236012555 435236015675
3350 4208 -3210 435236012555 435236015765
3350 4216 -3240 435236012555 435236015795
3350 4224 -3270 435236012555 435236015825
3350 4510 -4350 435236012555 435236016905
3351 3479 -480 435236012555 435236013035
3351 3551 -750 435236012555 435236013305
3351 4205 -3210 435236012555 435236015765
3351 4213 -3240 435236012555 435236015795
3351 5045 -6360 435236012555 435236018915
3351 5655 -8640 435236012555 435236021195
3352 4198 -3180 435236012555 435236015735
3352 4206 -3210 435236012555 435236015765
3352 4214 -3240 435236012555 435236015795
3352 4501 -4320 435236012555 435236016875
3353 3689 -1260 435236012570 435236013830
3353 4017 -2490 435236012570 435236015060
3353 4073 -2700 435236012570 435236015270
3353 4113 -2850 435236012570 435236015420
3353 4121 -2880 435236012570 435236015450
3353 4145 -2970 435236012570 435236015540
3353 4178 -3090 435236012570 435236015660
3353 4191 -3135 435236012570 435236015705
3353 4203 -3180 435236012570 435236015750
3353 4219 -3240 435236012570 435236015810
3353 4529 -4410 435236012570 435236016980
3353 4537 -4440 435236012570 435236017010
3353 4721 -5130 435236012570 435236017700
3353 5129 -6660 435236012570 435236019230
3353 5201 -6930 435236012570 435236019500
3353 6049 -10110 435236012570 435236022680
3354 4179 -3090 435236012570 435236015660
3354 4192 -3135 435236012570 435236015705
3354 4200 -3165 435236012570 435236015735
3354 4208 -3195 435236012570 435236015765
3354 4224 -3255 435236012570 435236015825
3355 3995 -2400 435236012570 435236014970
3355 4188 -3120 435236012570 435236015690
3355 4189 -3135 435236012570 435236015705
3355 4193 -3150 435236012570 435236015720
3355 4197 -3165 435236012570 435236015735
3355 4201 -3180 435236012570 435236015750
3355 4205 -3195 435236012570 435236015765
3356 4190 -3135 435236012570 435236015705
3356 4194 -3150 435236012570 435236015720
3356 4202 -3180 435236012570 435236015750
3356 4210 -3210 435236012570 435236015780
3357 4150 -2970 435236012585 435236015555
3357 4186 -3105 435236012585 435236015690
3357 4191 -3120 435236012585 435236015705
3357 4194 -3135 435236012585 435236015720
3358 3406 -180 435236012585 435236012765
3358 4167 -3030 435236012585 435236015615
3358 4183 -3090 435236012585 435236015675
3358 4187 -3105 435236012585 435236015690
3358 4195 -3135 435236012585 435236015720
3358 4208 -3180 435236012585 435236015765
3358 4216 -3210 435236012585 435236015795
3358 4224 -3240 435236012585 435236015825
3359 4184 -3090 435236012585 435236015675
3359 4188 -3105 435236012585 435236015690
3359 4196 -3135 435236012585 435236015720
3359 4197 -3150 435236012585 435236015735
3360 3755 -1485 435236012585 435236014070
3360 3760 -1500 435236012585 435236014085
3360 3768 -1530 435236012585 435236014115
3360 4135 -2910 435236012585 435236015495
3360 4143 -2940 435236012585 435236015525
3360 4173 -3060 435236012585 435236015645
3360 4181 -3090 435236012585 435236015675
3360 4185 -3105 435236012585 435236015690
3360 4193 -3135 435236012585 435236015720
3360 4198 -3150 435236012585 435236015735
3360 6133 -10410 435236012585 435236022995
3361 4073 -2670 435236012600 435236015270
3361 4129 -2880 435236012600 435236015480
3361 4145 -2940 435236012600 435236015540
3361 4321 -3600 435236012600 435236016200
3361 4537 -4410 435236012600 435236017010
3361 4633 -4770 435236012600 435236017370
3362 4187 -3090 435236012600 435236015690
3362 4192 -3105 435236012600 435236015705
3362 4224 -3225 435236012600 435236015825
3362 5096 -6495 435236012600 435236019095
3363 4176 -3045 435236012600 435236015645
3363 4180 -3060 435236012600 435236015660
3363 4189 -3105 435236012600 435236015705
3363 4197 -3135 435236012600 435236015735
3364 4092 -2730 435236012600 435236015330
3364 4185 -3090 435236012600 435236015690
3364 4190 -3105 435236012600 435236015705
3364 5237 -7035 435236012600 435236019635
3365 4085 -2700 435236012615 435236015315
3365 4194 -3105 435236012615 435236015720
3365 4207 -3150 435236012615 435236015765
3366 3982 -2310 435236012615 435236014925
3366 4195 -3105 435236012615 435236015720
3366 4208 -3150 435236012615 435236015765
3366 4224 -3210 435236012615 435236015825
3367 3431 -240 435236012615 435236012855
3367 5096 -6480 435236012615 435236019095
3367 5120 -6570 435236012615 435236019185
3368 3975 -2280 435236012615 435236014895
3368 4181 -3060 435236012615 435236015675
3368 4193 -3105 435236012615 435236015720
3368 4319 -3570 435236012615 435236016185
3368 4325 -3600 435236012615 435236016215
3368 4560 -4470 435236012615 435236017085
3369 4219 -3180 435236012630 435236015810
3369 4225 -3210 435236012630 435236015840
3369 4337 -3630 435236012630 435236016260
3369 4385 -3810 435236012630 435236016440
3369 4953 -5940 435236012630 435236018570
3369 5017 -6180 435236012630 435236018810
3369 5105 -6510 435236012630 435236019140
3369 5201 -6870 435236012630 435236019500
3369 5801 -9120 435236012630 435236021750
3370 4522 -4320 435236012630 435236016950
3370 4546 -4410 435236012630 435236017040
3371 4189 -3075 435236012630 435236015705
3371 4197 -3105 435236012630 435236015735
3371 4242 -3270 435236012630 435236015900
3371 4300 -3480 435236012630 435236016110
3371 4547 -4410 435236012630 435236017040
3372 3491 -450 435236012630 435236013080
3372 3932 -2100 435236012630 435236014730
3372 4092 -2700 435236012630 435236015330
3372 4276 -3390 435236012630 435236016020
3372 5567 -8235 435236012630 435236020865
3372 6296 -10965 435236012630 435236023595
3373 3952 -2160 435236012645 435236014805
3373 4194 -3075 435236012645 435236015720
3373 4199 -3090 435236012645 435236015735
3373 4215 -3150 435236012645 435236015795
3373 4229 -3210 435236012645 435236015855
3373 4354 -3675 435236012645 435236016320
3374 3966 -2220 435236012645 435236014865
3374 3974 -2250 435236012645 435236014895
3374 4224 -3180 435236012645 435236015825
3374 4550 -4410 435236012645 435236017055
3374 4558 -4440 435236012645 435236017085
3375 3455 -300 435236012645 435236012945
3376 4172 -2985 435236012645 435236015630
3376 4189 -3060 435236012645 435236015705
3376 4193 -3075 435236012645 435236015720
3376 4197 -3090 435236012645 435236015735
3377 4217 -3150 435236012660 435236015810
3377 4529 -4320 435236012660 435236016980
3377 4537 -4350 435236012660 435236017010
3378 4053 -2535 435236012660 435236015195
3379 4007 -2355 435236012660 435236015015
3379 4106 -2730 435236012660 435236015390
3379 4572 -4470 435236012660 435236017130
3379 4795 -5310 435236012660 435236017970
3380 4092 -2670 435236012660 435236015330
3380 4173 -2985 435236012660 435236015645
3380 4177 -3000 435236012660 435236015660
3381 3978 -2235 435236012675 435236014910
3381 4102 -2700 435236012675 435236015375
3381 4194 -3045 435236012675 435236015720
3381 4199 -3060 435236012675 435236015735
3381 4207 -3090 435236012675 435236015765
3381 4366 -3690 435236012675 435236016365
3381 4374 -3720 435236012675 435236016395
3382 3958 -2160 435236012675 435236014835
3382 3966 -2190 435236012675 435236014865
3382 4550 -4380 435236012675 435236017055
3382 6329 -11055 435236012675 435236023730
3383 3447 -240 435236012675 435236012915
3383 3455 -270 435236012675 435236012945
3384 3968 -2190 435236012675 435236014865
3384 4173 -2970 435236012675 435236015645
3384 4185 -3015 435236012675 435236015690
3384 4800 -5310 435236012675 435236017985
3385 4561 -4410 435236012690 435236017100
3385 4569 -4440 435236012690 435236017130
3385 4577 -4470 435236012690 435236017160
3386 3455 -255 435236012690 435236012945
3386 5341 -7335 435236012690 435236020025
3387 3460 -270 435236012690 435236012960
3387 3461 -285 435236012690 435236012975
3387 5452 -7740 435236012690 435236020430
3387 5460 -7770 435236012690 435236020460
3388 4572 -4440 435236012690 435236017130
3388 4812 -5340 435236012690 435236018030
3389 4401 -3795 435236012705 435236016500
3389 4409 -3825 435236012705 435236016530
3389 4573 -4440 435236012705 435236017145
3389 4813 -5340 435236012705 435236018045
3390 3446 -210 435236012705 435236012915
3390 3958 -2130 435236012705 435236014835
3390 4224 -3120 435236012705 435236015825
3391 4920 -5730 435236012705 435236018435
3391 4935 -5790 435236012705 435236018495
3392 5084 -6345 435236012705 435236019050
3392 5131 -6525 435236012705 435236019230
3392 5136 -6540 435236012705 435236019245
3392 5156 -6615 435236012705 435236019320
3393 3457 -240 435236012720 435236012960
3393 4569 -4410 435236012720 435236017130
3393 4577 -4440 435236012720 435236017160
3393 4585 -4470 435236012720 435236017190
3393 5058 -6240 435236012720 435236018960
3394 3754 -1350 435236012720 435236014070
3394 4482 -4080 435236012720 435236016800
3394 4607 -4545 435236012720 435236017265
3394 5354 -7350 435236012720 435236020070
3395 3460 -240 435236012720 435236012960
3395 4291 -3360 435236012720 435236016080
3395 4379 -3690 435236012720 435236016410
3395 4928 -5745 435236012720 435236018465
3395 4939 -5790 435236012720 435236018510
3395 4947 -5820 435236012720 435236018540
3396 3951 -2085 435236012720 435236014805
3396 3955 -2100 435236012720 435236014820
3396 4580 -4440 435236012720 435236017160
3396 4581 -4455 435236012720 435236017175
3396 4808 -5295 435236012720 435236018015
3396 4812 -5310 435236012720 435236018030
3396 5059 -6240 435236012720 435236018960
3396 5123 -6480 435236012720 435236019200
3396 5136 -6525 435236012720 435236019245
3397 3951 -2070 435236012735 435236014805
3397 4581 -4440 435236012735 435236017175
3397 4813 -5310 435236012735 435236018045
3397 5128 -6480 435236012735 435236019215
3397 5136 -6510 435236012735 435236019245
3398 3446 -180 435236012735 435236012915
3398 4822 -5340 435236012735 435236018075
3398 4830 -5370 435236012735 435236018105
3399 3461 -240 435236012735 435236012975
3399 4488 -4080 435236012735 435236016815
3399 4920 -5700 435236012735 435236018435
3399 4997 -6000 435236012735 435236018735
3400 5131 -6495 435236012735 435236019230
3400 5139 -6525 435236012735 435236019260
3400 5148 -6555 435236012735 435236019290
3400 5156 -6585 435236012735 435236019320
3401 4577 -4410 435236012750 435236017160
3401 4585 -4440 435236012750 435236017190
3401 4593 -4470 435236012750 435236017220
3401 4601 -4500 435236012750 435236017250
3401 4817 -5310 435236012750 435236018060
3402 3538 -510 435236012750 435236013260
3402 4607 -4515 435236012750 435236017265
3402 4938 -5760 435236012750 435236018510
3402 5338 -7260 435236012750 435236020010
3403 4964 -5850 435236012750 435236018600
3404 4580 -4410 435236012750 435236017160
3404 4581 -4425 435236012750 435236017175
3404 4589 -4455 435236012750 435236017205
3404 5149 -6555 435236012750 435236019305
3405 3943 -2010 435236012765 435236014775
3405 4589 -4440 435236012765 435236017205
3405 4597 -4470 435236012765 435236017235
3406 3654 -930 435236012765 435236013695
3406 4822 -5310 435236012765 435236018075
3406 5473 -7755 435236012765 435236020520
3406 6330 -10965 435236012765 435236023730
3407 3455 -180 435236012765 435236012945
3407 4607 -4500 435236012765 435236017265
3408 5160 -6570 435236012765 435236019335
3408 5164 -6585 435236012765 435236019350
3409 3457 -180 435236012780 435236012960
3409 4497 -4080 435236012780 435236016860
3409 4505 -4110 435236012780 435236016890
3409 4585 -4410 435236012780 435236017190
3409 4593 -4440 435236012780 435236017220
3410 3474 -240 435236012780 435236013020
3410 3530 -450 435236012780 435236013230
3410 3538 -480 435236012780 435236013260
3410 3546 -510 435236012780 435236013290
3411 3484 -270 435236012780 435236013050
3411 3612 -750 435236012780 435236013530
3412 5173 -6615 435236012780 435236019395
3413 3927 -1920 435236012795 435236014715
3413 4589 -4410 435236012795 435236017205
3413 4597 -4440 435236012795 435236017235
3413 5165 -6570 435236012795 435236019365
3413 5173 -6600 435236012795 435236019395
3414 3462 -180 435236012795 435236012975
3414 3630 -810 435236012795 435236013605
3414 5358 -7290 435236012795 435236020085
3415 3551 -510 435236012795 435236013305
3415 3607 -720 435236012795 435236013515
3415 4463 -3930 435236012795 435236016725
3415 4599 -4440 435236012795 435236017235
3415 4975 -5850 435236012795 435236018645
3415 4983 -5880 435236012795 435236018675
3415 6047 -9870 435236012795 435236022665
3416 6016 -9750 435236012795 435236022545
3417 3465 -180 435236012810 435236012990
3417 4465 -3930 435236012810 435236016740
3417 4593 -4410 435236012810 435236017220
3417 6289 -10770 435236012810 435236023580
3418 3554 -510 435236012810 435236013320
3418 3561 -540 435236012810 435236013350
3418 3610 -720 435236012810 435236013530
3418 4974 -5835 435236012810 435236018645
3418 4978 -5850 435236012810 435236018660
3419 3900 -1800 435236012810 435236014610
3420 5164 -6540 435236012810 435236019350
3420 5173 -6585 435236012810 435236019395
3421 3927 -1890 435236012825 435236014715
3421 4493 -4020 435236012825 435236016845
3421 4597 -4410 435236012825 435236017235
3421 5165 -6540 435236012825 435236019365
3422 3614 -720 435236012825 435236013545
3422 3630 -780 435236012825 435236013605
3423 3479 -210 435236012825 435236013035
3423 3607 -690 435236012825 435236013515
3423 4471 -3930 435236012825 435236016755
3423 4512 -4080 435236012825 435236016905
3424 5900 -9285 435236012825 435236022110
3425 3481 -210 435236012840 435236013050
3425 4473 -3930 435236012840 435236016770
3425 4593 -4380 435236012840 435236017220
3426 3489 -240 435236012840 435236013080
3426 3554 -480 435236012840 435236013320
3426 3610 -690 435236012840 435236013530
3426 3618 -720 435236012840 435236013560
3426 4974 -5805 435236012840 435236018645
3427 3476 -180 435236012840 435236013020
3427 3900 -1770 435236012840 435236014610
3429 4589 -4350 435236012855 435236017205
3429 4597 -4380 435236012855 435236017235
3429 5181 -6570 435236012855 435236019425
3430 3558 -480 435236012855 435236013335
3430 3566 -510 435236012855 435236013365
3430 3614 -690 435236012855 435236013545
3430 3622 -720 435236012855 435236013575
3431 3511 -300 435236012855 435236013155
3431 3551 -450 435236012855 435236013305
3431 3583 -570 435236012855 435236013425
3431 4479 -3930 435236012855 435236016785
3432 5251 -6825 435236012855 435236019680
3433 3489 -210 435236012870 435236013080
3433 3569 -510 435236012870 435236013380
3433 4593 -4350 435236012870 435236017220
3434 3481 -180 435236012870 435236013050
3434 3490 -210 435236012870 435236013080
3434 6350 -10935 435236012870 435236023805
3435 3572 -510 435236012870 435236013380
3435 5251 -6810 435236012870 435236019680
3436 4604 -4380 435236012870 435236017250
3437 4589 -4320 435236012885 435236017205
3437 4597 -4350 435236012885 435236017235
3437 4605 -4380 435236012885 435236017265
3437 5181 -6540 435236012885 435236019425
3437 5189 -6570 435236012885 435236019455
3438 3558 -450 435236012885 435236013335
3438 5311 -7020 435236012885 435236019905
3439 3503 -240 435236012885 435236013125
3439 3519 -300 435236012885 435236013185
3439 3549 -420 435236012885 435236013305
3439 6045 -9780 435236012885 435236022665
3440 3552 -420 435236012885 435236013305
3440 5896 -9210 435236012885 435236022095
3442 3490 -180 435236012900 435236013080
3443 3547 -390 435236012900 435236013290
3443 3572 -480 435236012900 435236013380
3444 4604 -4350 435236012900 435236017250
3446 3502 -210 435236012915 435236013125
3446 3542 -360 435236012915 435236013275
3447 3519 -270 435236012915 435236013185
3447 3575 -480 435236012915 435236013395
3447 3583 -510 435236012915 435236013425
3447 3591 -540 435236012915 435236013455
3447 3599 -570 435236012915 435236013485
3448 3544 -360 435236012915 435236013275
3448 4488 -3900 435236012915 435236016815
3449 3537 -330 435236012930 435236013260
3449 5001 -5820 435236012930 435236018750
3450 3601 -570 435236012930 435236013500
3450 3634 -690 435236012930 435236013620
3450 3781 -1245 435236012930 435236014175
3452 5516 -7740 435236012930 435236020670
3453 3509 -210 435236012945 435236013155
3453 4045 -2220 435236012945 435236015165
3453 4341 -3330 435236012945 435236016275
3453 4725 -4770 435236012945 435236017715
3454 3502 -180 435236012945 435236013125
3454 3542 -330 435236012945 435236013275
3454 3654 -750 435236012945 435236013695
3455 3503 -180 435236012945 435236013125
3455 3506 -195 435236012945 435236013140
3455 3511 -210 435236012945 435236013155
3455 3519 -240 435236012945 435236013185
3455 3527 -270 435236012945 435236013215
3455 3575 -450 435236012945 435236013395
3455 3583 -480 435236012945 435236013425
3455 3591 -510 435236012945 435236013455
3455 3599 -540 435236012945 435236013485
3455 3623 -630 435236012945 435236013575
3455 3668 -795 435236012945 435236013740
3455 5015 -5850 435236012945 435236018795
3456 3624 -630 435236012945 435236013575
3456 4184 -2730 435236012945 435236015675
3456 4197 -2790 435236012945 435236015735
3456 5296 -6900 435236012945 435236019845
3456 6162 -10155 435236012945 435236023100
3457 3505 -180 435236012960 435236013140
3457 3521 -240 435236012960 435236013200
3457 3529 -270 435236012960 435236013230
3457 3537 -300 435236012960 435236013260
3457 3585 -480 435236012960 435236013440
3457 4945 -5580 435236012960 435236018540
3457 5001 -5790 435236012960 435236018750
3457 5009 -5820 435236012960 435236018780
3458 3586 -480 435236012960 435236013440
3459 3515 -210 435236012960 435236013170
3459 3523 -240 435236012960 435236013200
3459 3524 -240 435236012960 435236013200
3459 3548 -330 435236012960 435236013290
3459 3652 -720 435236012960 435236013680
3459 3907 -1680 435236012960 435236014640
3460 4324 -3240 435236012960 435236016200
3460 4884 -5340 435236012960 435236018300
3460 4939 -5550 435236012960 435236018510
3460 5474 -7560 435236012960 435236020520
3460 6084 -9840 435236012960 435236022800
3461 3509 -180 435236012975 435236013155
3461 3597 -510 435236012975 435236013485
3461 3605 -540 435236012975 435236013515
3461 4997 -5760 435236012975 435236018735
3461 5005 -5790 435236012975 435236018765
3462 3510 -180 435236012975 435236013155
3462 3518 -210 435236012975 435236013185
3462 3526 -240 435236012975 435236013215
3462 3534 -270 435236012975 435236013245
3462 3542 -300 435236012975 435236013275
3462 3598 -510 435236012975 435236013485
3462 3669 -780 435236012975 435236013755
3462 6346 -10815 435236012975 435236023790
3463 3511 -180 435236012975 435236013155
3463 3583 -450 435236012975 435236013425
3463 3591 -480 435236012975 435236013455
3463 3599 -510 435236012975 435236013485
3463 3668 -765 435236012975 435236013740
3463 3879 -1560 435236012975 435236014535
3463 3887 -1590 435236012975 435236014565
3463 4181 -2700 435236012975 435236015675
3463 4637 -4410 435236012975 435236017385
3464 3544 -300 435236012975 435236013275
3464 4500 -3885 435236012975 435236016860
3464 5296 -6870 435236012975 435236019845
3465 3529 -240 435236012990 435236013230
3465 3537 -270 435236012990 435236013260
3465 5001 -5760 435236012990 435236018750
3466 3530 -240 435236012990 435236013230
3466 3538 -270 435236012990 435236013260
3467 3540 -270 435236012990 435236013260
3467 3548 -300 435236012990 435236013290
3467 3549 -315 435236012990 435236013305
3467 3595 -480 435236012990 435236013470
3467 4827 -5100 435236012990 435236018090
3468 4250 -2940 435236012990 435236015930
3469 3525 -210 435236013005 435236013215
3469 3605 -510 435236013005 435236013515
3470 3518 -180 435236013005 435236013185
3470 3526 -210 435236013005 435236013215
3470 3534 -240 435236013005 435236013245
3470 3542 -270 435236013005 435236013275
3470 3590 -450 435236013005 435236013455
3471 3517 -180 435236013005 435236013185
3471 3525 -210 435236013005 435236013215
3471 3583 -420 435236013005 435236013425
3471 3591 -450 435236013005 435236013455
3471 4919 -5430 435236013005 435236018435
3471 4989 -5700 435236013005 435236018705
3472 3528 -210 435236013005 435236013215
3472 3832 -1350 435236013005 435236014355
3472 4741 -4770 435236013005 435236017775
3473 3529 -210 435236013020 435236013230
3473 3537 -240 435236013020 435236013260
3473 3545 -270 435236013020 435236013290
3473 3676 -750 435236013020 435236013770
3474 3538 -240 435236013020 435236013260
3474 3546 -270 435236013020 435236013290
3474 3554 -300 435236013020 435236013320
3475 3523 -180 435236013020 435236013200
3475 3528 -195 435236013020 435236013215
3475 3532 -210 435236013020 435236013230
3475 3611 -510 435236013020 435236013530
3475 3899 -1590 435236013020 435236014610
3475 4531 -3960 435236013020 435236016980
3476 4467 -3720 435236013020 435236016740
3476 4475 -3750 435236013020 435236016770
3477 3525 -180 435236013035 435236013215
3478 3526 -180 435236013035 435236013215
3478 3534 -210 435236013035 435236013245
3478 3542 -240 435236013035 435236013275
3478 3550 -270 435236013035 435236013305
3479 3525 -180 435236013035 435236013215
3479 3543 -240 435236013035 435236013275
3479 3551 -270 435236013035 435236013305
3479 3607 -480 435236013035 435236013515
3479 3615 -510 435236013035 435236013545
3479 3895 -1560 435236013035 435236014595
3479 4583 -4140 435236013035 435236017175
3479 4647 -4380 435236013035 435236017415
3479 4653 -4410 435236013035 435236017445
3479 4989 -5670 435236013035 435236018705
3479 5023 -5790 435236013035 435236018825
3479 5031 -5820 435236013035 435236018855
3479 5034 -5835 435236013035 435236018870
3479 5039 -5850 435236013035 435236018885
3479 5061 -5940 435236013035 435236018975
3479 5213 -6510 435236013035 435236019545
3479 5555 -7785 435236013035 435236020820
3480 3528 -180 435236013035 435236013215
3480 3632 -570 435236013035 435236013605
3481 3529 -180 435236013050 435236013230
3481 3537 -210 435236013050 435236013260
3481 3657 -660 435236013050 435236013710
3482 3546 -240 435236013050 435236013290
3482 3551 -255 435236013050 435236013305
3482 3554 -270 435236013050 435236013320
3482 3834 -1320 435236013050 435236014370
3482 3842 -1350 435236013050 435236014400
3483 3907 -1590 435236013050 435236014640
3486 3550 -240 435236013065 435236013305
3486 3558 -270 435236013065 435236013335
3486 4974 -5580 435236013065 435236018645
3486 5038 -5820 435236013065 435236018885
3487 3551 -240 435236013065 435236013305
3488 3816 -1230 435236013065 435236014295
3488 3912 -1590 435236013065 435236014655
3489 3561 -270 435236013080 435236013350
3490 3562 -270 435236013080 435236013350
3490 3842 -1320 435236013080 435236014400
3490 5018 -5730 435236013080 435236018810
3491 3588 -360 435236013080 435236013440
3491 3928 -1635 435236013080 435236014715
3491 3932 -1650 435236013080 435236014730
3491 3936 -1665 435236013080 435236014745
3493 3548 -195 435236013095 435236013290
3493 5045 -5820 435236013095 435236018915
3494 3542 -180 435236013095 435236013275
3494 3558 -240 435236013095 435236013335
3494 4950 -5460 435236013095 435236018555
3494 5046 -5820 435236013095 435236018915
3494 5190 -6360 435236013095 435236019455
3495 3583 -330 435236013095 435236013425
3496 3624 -480 435236013095 435236013575
3496 3928 -1620 435236013095 435236014715
3496 3936 -1650 435236013095 435236014745
3496 3944 -1680 435236013095 435236014775
3497 3569 -270 435236013110 435236013380
3497 3577 -300 435236013110 435236013410
3498 3570 -270 435236013110 435236013380
3498 4594 -4110 435236013110 435236017220
3498 4623 -4215 435236013110 435236017325
3498 4626 -4230 435236013110 435236017340
3499 3915 -1560 435236013110 435236014670
3499 3923 -1590 435236013110 435236014700
3499 3931 -1620 435236013110 435236014730
3500 3548 -180 435236013110 435236013290
3500 4819 -4950 435236013110 435236018060
3501 3637 -510 435236013125 435236013635
3501 5053 -5820 435236013125 435236018945
3501 5061 -5850 435236013125 435236018975
3501 5183 -6300 435236013125 435236019425
3501 5269 -6630 435236013125 435236019755
3502 4727 -4590 435236013125 435236017715
3503 3583 -300 435236013125 435236013425
3503 4626 -4215 435236013125 435236017340
3503 4631 -4230 435236013125 435236017355
3504 3627 -465 435236013125 435236013590
3504 3928 -1590 435236013125 435236014715
3504 3936 -1620 435236013125 435236014745
3505 3577 -270 435236013140 435236013410
3505 3585 -300 435236013140 435236013440
3505 4825 -4950 435236013140 435236018090
3505 5025 -5700 435236013140 435236018840
3506 3578 -270 435236013140 435236013410
3506 3594 -330 435236013140 435236013470
3506 3850 -1290 435236013140 435236014430
3506 4626 -4200 435236013140 435236017340
3507 3923 -1560 435236013140 435236014700
3509 3557 -180 435236013155 435236013335
3509 3581 -270 435236013155 435236013425
3509 3589 -300 435236013155 435236013455
3509 3597 -330 435236013155 435236013485
3509 3800 -1080 435236013155 435236014235
3509 4776 -4740 435236013155 435236017895
3509 5045 -5760 435236013155 435236018915
3509 5053 -5790 435236013155 435236018945
3509 5159 -6180 435236013155 435236019335
3509 5163 -6195 435236013155 435236019350
3509 6166 -9960 435236013155 435236023115
3510 5248 -6510 435236013155 435236019665
3511 3583 -270 435236013155 435236013425
3511 4888 -5160 435236013155 435236018315
3512 5200 -6330 435236013155 435236019485
3513 3577 -240 435236013170 435236013410
3513 3585 -270 435236013170 435236013440
3513 3593 -300 435236013170 435236013470
3513 3601 -330 435236013170 435236013500
3514 3570 -210 435236013170 435236013380
3514 3578 -240 435236013170 435236013410
3514 3842 -1230 435236013170 435236014400
3515 3923 -1530 435236013170 435236014700
3515 3955 -1650 435236013170 435236014820
3515 4819 -4890 435236013170 435236018060
3517 3581 -240 435236013185 435236013425
3517 3589 -270 435236013185 435236013455
3517 3597 -300 435236013185 435236013485
3517 3672 -570 435236013185 435236013755
3517 4141 -2340 435236013185 435236015525
3517 4916 -5235 435236013185 435236018420
3517 5045 -5730 435236013185 435236018915
3517 5053 -5760 435236013185 435236018945
3517 5061 -5790 435236013185 435236018975
3517 5069 -5820 435236013185 435236019005
3517 5159 -6150 435236013185 435236019335
3517 5328 -6780 435236013185 435236019965
3519 3583 -240 435236013185 435236013425
3519 3613 -360 435236013185 435236013545
3519 3884 -1365 435236013185 435236014550
3519 5023 -5640 435236013185 435236018825
3519 6139 -9825 435236013185 435236023010
3520 3624 -390 435236013185 435236013575
3520 3632 -420 435236013185 435236013605
3520 3662 -540 435236013185 435236013725
3520 3912 -1470 435236013185 435236014655
3520 3944 -1590 435236013185 435236014775
3520 4536 -3810 435236013185 435236016995
3520 4750 -4620 435236013185 435236017805
3520 4803 -4815 435236013185 435236018000
3520 4807 -4830 435236013185 435236018015
3520 4811 -4845 435236013185 435236018030
3521 3585 -240 435236013200 435236013440
3521 4673 -4320 435236013200 435236017520
3522 3578 -210 435236013200 435236013410
3523 3579 -210 435236013200 435236013410
3523 3587 -240 435236013200 435236013440
3523 3603 -300 435236013200 435236013500
3523 3739 -810 435236013200 435236014010
3523 3875 -1320 435236013200 435236014520
3523 4819 -4860 435236013200 435236018060
3524 5060 -5760 435236013200 435236018960
3525 3573 -180 435236013215 435236013395
3525 3581 -210 435236013215 435236013425
3525 3589 -240 435236013215 435236013455
3525 3597 -270 435236013215 435236013485
3525 3605 -300 435236013215 435236013515
3525 3613 -330 435236013215 435236013545
3525 3660 -495 435236013215 435236013710
3525 3672 -540 435236013215 435236013755
3525 3941 -1560 435236013215 435236014775
3525 5013 -5580 435236013215 435236018795
3525 5036 -5655 435236013215 435236018870
3525 5037 -5670 435236013215 435236018885
3525 5086 -5850 435236013215 435236019065
3525 5261 -6510 435236013215 435236019725
3525 5276 -6555 435236013215 435236019770
3525 5331 -6765 435236013215 435236019980
3525 5717 -8220 435236013215 435236021435
3525 6332 -10515 435236013215 435236023730
3526 3598 -270 435236013215 435236013485
3527 3583 -210 435236013215 435236013425
3527 5255 -6480 435236013215 435236019695
3528 3952 -1590 435236013215 435236014805
3529 3609 -300 435236013230 435236013530
3529 4825 -4860 435236013230 435236018090
3530 3578 -180 435236013230 435236013410
3530 3586 -210 435236013230 435236013440
3530 3594 -240 435236013230 435236013470
3530 3602 -270 435236013230 435236013500
3530 3676 -540 435236013230 435236013770
3530 5222 -6345 435236013230 435236019575
3530 5234 -6390 435236013230 435236019620
3531 3612 -300 435236013230 435236013530
3531 4832 -4875 435236013230 435236018105
3532 3883 -1320 435236013230 435236014550
3532 3899 -1380 435236013230 435236014610
3532 3907 -1410 435236013230 435236014640
3533 3597 -240 435236013245 435236013485
3533 3605 -270 435236013245 435236013515
3533 3613 -300 435236013245 435236013545
3534 3590 -210 435236013245 435236013455
3535 3583 -180 435236013245 435236013425
3537 3609 -270 435236013260 435236013530
3537 3921 -1440 435236013260 435236014700
3537 4657 -4200 435236013260 435236017460
3538 3586 -180 435236013260 435236013440
3538 3594 -210 435236013260 435236013470
3538 3602 -240 435236013260 435236013500
3538 3676 -510 435236013260 435236013770
3538 5218 -6300 435236013260 435236019560
3538 5234 -6360 435236013260 435236019620
3538 5242 -6390 435236013260 435236019650
3538 5514 -7410 435236013260 435236020670
3540 3883 -1290 435236013260 435236014550
3541 3589 -180 435236013275 435236013455
3541 3597 -210 435236013275 435236013485
3541 3605 -240 435236013275 435236013515
3541 3672 -480 435236013275 435236013755
3542 3590 -180 435236013275 435236013455
3542 3598 -210 435236013275 435236013485
3542 3606 -240 435236013275 435236013515
3543 3599 -210 435236013275 435236013485
3543 3607 -240 435236013275 435236013515
3543 3869 -1230 435236013275 435236014505
3543 4973 -5370 435236013275 435236018645
3543 5031 -5580 435236013275 435236018855
3543 5552 -7530 435236013275 435236020805
3544 3624 -300 435236013275 435236013575
3544 3915 -1395 435236013275 435236014670
3544 5264 -6450 435236013275 435236019725
3545 3601 -210 435236013290 435236013500
3546 3594 -180 435236013290 435236013470
3546 3614 -255 435236013290 435236013545
3546 4962 -5310 435236013290 435236018600
3547 3596 -180 435236013290 435236013470
3547 3612 -240 435236013290 435236013530
3547 3620 -270 435236013290 435236013560
3547 4131 -2190 435236013290 435236015480
3547 6216 -10005 435236013290 435236023295
3548 3612 -240 435236013290 435236013530
3548 3883 -1260 435236013290 435236014550
3548 4563 -3810 435236013290 435236017100
3548 5028 -5550 435236013290 435236018840
3548 5211 -6240 435236013290 435236019530
3549 3597 -180 435236013305 435236013485
3549 3605 -210 435236013305 435236013515
3549 3613 -240 435236013305 435236013545
3549 3887 -1260 435236013305 435236014565
3549 4645 -4110 435236013305 435236017415
3550 3598 -180 435236013305 435236013485
3550 3614 -240 435236013305 435236013545
3551 3607 -210 435236013305 435236013515
3551 3615 -240 435236013305 435236013545
3551 3628 -285 435236013305 435236013590
3551 3839 -1080 435236013305 435236014385
3551 3847 -1110 435236013305 435236014415
3551 3852 -1125 435236013305 435236014430
3551 3869 -1200 435236013305 435236014505
3551 3877 -1230 435236013305 435236014535
3551 4647 -4110 435236013305 435236017415
3551 4655 -4140 435236013305 435236017445
3551 4951 -5250 435236013305 435236018555
3551 4959 -5280 435236013305 435236018585
3551 4970 -5325 435236013305 435236018630
3551 4973 -5340 435236013305 435236018645
3551 4981 -5370 435236013305 435236018675
3551 5223 -6270 435236013305 435236019575
3551 5531 -7425 435236013305 435236020730
3551 5563 -7545 435236013305 435236020850
3552 5264 -6420 435236013305 435236019725
3553 3609 -210 435236013320 435236013530
3554 3610 -210 435236013320 435236013530
3554 3614 -225 435236013320 435236013545
3554 3615 -225 435236013320 435236013545
3554 4658 -4140 435236013320 435236017460
3554 4962 -5280 435236013320 435236018600
3554 4970 -5310 435236013320 435236018630
3554 5034 -5550 435236013320 435236018870
3554 5042 -5580 435236013320 435236018900
3555 3604 -180 435236013320 435236013500
3555 3612 -210 435236013320 435236013530
3555 3620 -240 435236013320 435236013560
3555 3811 -960 435236013320 435236014280
3555 3848 -1095 435236013320 435236014415
3556 3604 -180 435236013320 435236013500
3556 3628 -270 435236013320 435236013590
3556 3652 -360 435236013320 435236013680
3556 5211 -6210 435236013320 435236019530
3557 3613 -210 435236013335 435236013545
3557 3615 -210 435236013335 435236013545
3557 3672 -420 435236013335 435236013755
3558 3614 -210 435236013335 435236013545
3558 3622 -240 435236013335 435236013575
3559 3607 -180 435236013335 435236013515
3559 3869 -1170 435236013335 435236014505
3559 4907 -5055 435236013335 435236018390
3561 3617 -210 435236013350 435236013560
3561 3625 -240 435236013350 435236013590
3561 5193 -6120 435236013350 435236019470
3562 4658 -4110 435236013350 435236017460
3563 3612 -180 435236013350 435236013530
3563 3620 -210 435236013350 435236013560
3563 3819 -960 435236013350 435236014310
3563 4131 -2130 435236013350 435236015480
3566 3614 -180 435236013365 435236013545
3568 3856 -1080 435236013365 435236014445
3569 3617 -180 435236013380 435236013560
3569 3633 -240 435236013380 435236013620
3571 3620 -180 435236013380 435236013560
3571 3848 -1035 435236013380 435236014415
3571 3856 -1065 435236013380 435236014445
3571 3860 -1080 435236013380 435236014460
3573 3629 -210 435236013395 435236013605
3573 4677 -4140 435236013395 435236017535
3574 5238 -6240 435236013395 435236019635
3576 3856 -1050 435236013395 435236014445
3576 3864 -1080 435236013395 435236014475
3576 4976 -5250 435236013395 435236018645
3577 5241 -6240 435236013410 435236019650
3580 3795 -810 435236013410 435236014220
3581 3629 -180 435236013425 435236013605
3581 4981 -5250 435236013425 435236018675
3581 4989 -5280 435236013425 435236018705
3581 5061 -5550 435236013425 435236018975
3581 5069 -5580 435236013425 435236019005
3582 4966 -5190 435236013425 435236018615
3583 3749 -630 435236013425 435236014055
3583 4719 -4260 435236013425 435236017685
3583 6199 -9810 435236013425 435236023235
3584 3856 -1020 435236013425 435236014445
3584 5222 -6150 435236013425 435236019575
3585 3633 -180 435236013440 435236013620
3585 3641 -210 435236013440 435236013650
3585 3649 -240 435236013440 435236013680
3585 3865 -1050 435236013440 435236014490
3585 3929 -1290 435236013440 435236014730
3585 4658 -4020 435236013440 435236017460
3585 4666 -4050 435236013440 435236017490
3585 4681 -4110 435236013440 435236017550
3585 4689 -4140 435236013440 435236017580
3585 4697 -4170 435236013440 435236017610
3585 4705 -4200 435236013440 435236017640
3585 4737 -4320 435236013440 435236017760
3585 4953 -5130 435236013440 435236018570
3585 5241 -6210 435236013440 435236019650
3585 5529 -7290 435236013440 435236020730
3585 5657 -7770 435236013440 435236021210
3585 6017 -9120 435236013440 435236022560
3586 4946 -5100 435236013440 435236018540
3587 3848 -975 435236013440 435236014415
3587 4948 -5100 435236013440 435236018540
3589 3749 -600 435236013455 435236014055
3589 4701 -4170 435236013455 435236017625
3591 6324 -10245 435236013455 435236023700
3592 3832 -900 435236013455 435236014355
3592 3840 -930 435236013455 435236014385
3592 3848 -960 435236013455 435236014415
3592 6139 -9555 435236013455 435236023010
3593 3641 -180 435236013470 435236013650
3593 3649 -210 435236013470 435236013680
3593 3657 -240 435236013470 435236013710
3593 3865 -1020 435236013470 435236014490
3593 4225 -2370 435236013470 435236015840
3593 4697 -4140 435236013470 435236017610
3593 4705 -4170 435236013470 435236017640
3593 4953 -5100 435236013470 435236018570
3593 4969 -5160 435236013470 435236018630
3593 5257 -6240 435236013470 435236019710
3593 5289 -6360 435236013470 435236019830
3593 5297 -6390 435236013470 435236019860
3593 5305 -6420 435236013470 435236019890
3593 5521 -7230 435236013470 435236020700
3595 4820 -4590 435236013470 435236018060
3597 3672 -270 435236013485 435236013755
3597 4701 -4140 435236013485 435236017625
3599 5021 -5340 435236013485 435236018825
3600 3832 -870 435236013485 435236014355
3600 3840 -900 435236013485 435236014385
3600 4936 -5010 435236013485 435236018495
3601 3649 -180 435236013500 435236013680
3601 3657 -210 435236013500 435236013710
3601 3865 -990 435236013500 435236014490
3601 4729 -4230 435236013500 435236017730
3601 4969 -5130 435236013500 435236018630
3601 5257 -6210 435236013500 435236019710
3601 6333 -10245 435236013500 435236023745
3603 3648 -165 435236013500 435236013665
3603 3652 -180 435236013500 435236013680
3603 3784 -675 435236013500 435236014175
3603 4847 -4665 435236013500 435236018165
3603 4851 -4680 435236013500 435236018180
3604 3827 -840 435236013500 435236014340
3605 3672 -240 435236013515 435236013755
3606 4958 -5070 435236013515 435236018585
3607 3860 -945 435236013515 435236014460
3607 4647 -3900 435236013515 435236017415
3607 4967 -5100 435236013515 435236018615
3607 5031 -5340 435236013515 435236018855
3607 5039 -5370 435236013515 435236018885
3607 5061 -5460 435236013515 435236018975
3607 5547 -7275 435236013515 435236020790
3607 5647 -7650 435236013515 435236021165
3607 5650 -7665 435236013515 435236021180
3608 3652 -165 435236013515 435236013680
3609 3657 -180 435236013530 435236013710
3609 4305 -2610 435236013530 435236016140
3610 3701 -345 435236013530 435236013875
3610 4966 -5085 435236013530 435236018615
3611 3656 -165 435236013530 435236013695
3612 3819 -780 435236013530 435236014310
3612 3827 -810 435236013530 435236014340
3612 3848 -885 435236013530 435236014415
3612 4716 -4140 435236013530 435236017670
3612 5512 -7125 435236013530 435236020655
3613 3672 -210 435236013545 435236013755
3613 3800 -690 435236013545 435236014235
3613 3840 -840 435236013545 435236014385
3613 4853 -4650 435236013545 435236018195
3613 4973 -5100 435236013545 435236018645
3613 5170 -5835 435236013545 435236019380
3613 6144 -9480 435236013545 435236023025
3613 6148 -9495 435236013545 435236023040
3614 4966 -5070 435236013545 435236018615
3615 4023 -1530 435236013545 435236015075
3617 4729 -4170 435236013560 435236017730
3617 6033 -9060 435236013560 435236022620
3618 3701 -315 435236013560 435236013875
3618 4914 -4860 435236013560 435236018420
3619 5307 -6330 435236013560 435236019890
3619 5598 -7425 435236013560 435236020985
3621 4981 -5100 435236013575 435236018675
3622 3685 -240 435236013575 435236013815
3622 4966 -5040 435236013575 435236018615
3624 3816 -720 435236013575 435236014295
3624 5341 -6450 435236013575 435236020025
3625 4537 -3420 435236013590 435236017010
3625 4729 -4140 435236013590 435236017730
3625 4745 -4200 435236013590 435236017790
3625 4977 -5070 435236013590 435236018660
3625 6025 -9000 435236013590 435236022590
3626 3669 -165 435236013590 435236013755
3626 3677 -195 435236013590 435236013785
3626 6342 -10185 435236013590 435236023775
3627 3816 -705 435236013590 435236014295
3628 3948 -1200 435236013590 435236014790
3629 3680 -180 435236013605 435236013785
3629 5375 -6540 435236013605 435236020145
3629 5531 -7125 435236013605 435236020730
3630 3677 -180 435236013605 435236013785
3630 3685 -210 435236013605 435236013815
3630 3693 -240 435236013605 435236013845
3632 3816 -690 435236013605 435236014295
3633 3681 -180 435236013620 435236013800
3633 3817 -690 435236013620 435236014310
3633 3857 -840 435236013620 435236014460
3633 3865 -870 435236013620 435236014490
3633 4249 -2310 435236013620 435236015930
3633 4337 -2640 435236013620 435236016260
3633 4737 -4140 435236013620 435236017760
3633 4745 -4170 435236013620 435236017790
3633 4753 -4200 435236013620 435236017820
3633 4809 -4410 435236013620 435236018030
3633 4953 -4950 435236013620 435236018570
3633 4969 -5010 435236013620 435236018630
3633 5249 -6060 435236013620 435236019680
3633 5289 -6210 435236013620 435236019830
3633 5297 -6240 435236013620 435236019860
3633 5585 -7320 435236013620 435236020940
3633 6385 -10320 435236013620 435236023940
3634 3677 -165 435236013620 435236013785
3634 4990 -5085 435236013620 435236018705
3634 6334 -10125 435236013620 435236023745
3634 6338 -10140 435236013620 435236023760
3635 4228 -2220 435236013620 435236015840
3636 3784 -555 435236013620 435236014175
3637 4461 -3090 435236013635 435236016725
3637 6061 -9090 435236013635 435236022725
3637 6069 -9120 435236013635 435236022755
3639 6140 -9375 435236013635 435236023010
3640 6406 -10380 435236013635 435236024015
3641 3841 -750 435236013650 435236014400
3641 3849 -780 435236013650 435236014430
3641 3857 -810 435236013650 435236014460
3641 4409 -2880 435236013650 435236016530
3641 4425 -2940 435236013650 435236016590
3641 5281 -6150 435236013650 435236019800
3641 5289 -6180 435236013650 435236019830
3642 3754 -420 435236013650 435236014070
3642 4934 -4845 435236013650 435236018495
3644 3784 -525 435236013650 435236014175
3644 3963 -1200 435236013650 435236014850
3644 5260 -6060 435236013650 435236019710
3645 3780 -495 435236013665 435236014160
3645 6300 -9945 435236013665 435236023610
3645 6324 -10035 435236013665 435236023700
3645 6332 -10065 435236013665 435236023730
3648 3792 -540 435236013665 435236014205
3648 3967 -1200 435236013665 435236014865
3648 3975 -1230 435236013665 435236014895
3649 5001 -5070 435236013680 435236018750
3649 6333 -10065 435236013680 435236023745
3651 4605 -3585 435236013680 435236017265
3651 5567 -7185 435236013680 435236020865
3652 3707 -210 435236013680 435236013890
3652 3784 -495 435236013680 435236014175
3652 3907 -960 435236013680 435236014640
3652 4611 -3600 435236013680 435236017280
3653 4448 -2970 435236013695 435236016665
3653 5206 -5820 435236013695 435236019515
3653 6332 -10035 435236013695 435236023730
3656 3735 -300 435236013695 435236013995
3656 3771 -435 435236013695 435236014130
3656 3792 -510 435236013695 435236014205
3656 3949 -1110 435236013695 435236014805
3656 3967 -1170 435236013695 435236014865
3656 4839 -4440 435236013695 435236018135
3657 4041 -1440 435236013710 435236015150
3659 4450 -2970 435236013710 435236016680
3659 4565 -3405 435236013710 435236017115
3660 3794 -510 435236013710 435236014220
3660 4533 -3285 435236013710 435236016995
3661 3784 -450 435236013725 435236014175
3661 4421 -2850 435236013725 435236016575
3661 4425 -2865 435236013725 435236016590
3661 6342 -10050 435236013725 435236023775
3662 5322 -6225 435236013725 435236019950
3662 5323 -6225 435236013725 435236019950
3662 5328 -6240 435236013725 435236019965
3662 6430 -10380 435236013725 435236024105
3663 4192 -1980 435236013725 435236015705
3663 4426 -2865 435236013725 435236016590
3663 4907 -4665 435236013725 435236018390
3663 5307 -6165 435236013725 435236019890
3663 5567 -7140 435236013725 435236020865
3664 3787 -465 435236013725 435236014190
3664 4213 -2070 435236013725 435236015795
3664 4784 -4200 435236013725 435236017925
3664 5567 -7140 435236013725 435236020865
3665 4073 -1530 435236013740 435236015270
3665 4329 -2490 435236013740 435236016230
3665 5041 -5160 435236013740 435236018900
3665 5201 -5760 435236013740 435236019500
3665 5569 -7140 435236013740 435236020880
3665 5625 -7350 435236013740 435236021090
3665 6386 -10200 435236013740 435236023940
3665 6387 -10200 435236013740 435236023940
3666 4422 -2835 435236013740 435236016575
3666 4426 -2850 435236013740 435236016590
3667 3787 -450 435236013740 435236014190
3667 3788 -450 435236013740 435236014190
3667 5396 -6480 435236013740 435236020220
3667 6119 -9195 435236013740 435236022935
3667 6120 -9195 435236013740 435236022935
3668 4421 -2835 435236013740 435236016575
3668 4428 -2850 435236013740 435236016590
3668 5323 -6210 435236013740 435236019950
3668 6061 -8985 435236013740 435236022725
3668 6077 -9045 435236013740 435236022785
3668 6332 -9990 435236013740 435236023730
3669 4894 -4590 435236013755 435236018345
3671 3719 -180 435236013755 435236013935
3671 3741 -270 435236013755 435236014025
3673 4897 -4590 435236013770 435236018360
3673 4905 -4620 435236013770 435236018390
3673 5345 -6270 435236013770 435236020040
3675 3784 -405 435236013770 435236014175
3675 3967 -1095 435236013770 435236014865
3675 4847 -4395 435236013770 435236018165
3676 4084 -1530 435236013770 435236015300
3676 4847 -4395 435236013770 435236018165
3676 5396 -6450 435236013770 435236020220
3677 3813 -510 435236013785 435236014295
3677 5340 -6225 435236013785 435236020010
3680 3787 -405 435236013785 435236014190
3680 4442 -2865 435236013785 435236016650
3680 5206 -5730 435236013785 435236019515
3680 5359 -6300 435236013785 435236020085
3681 3977 -1110 435236013800 435236014910
3681 5025 -5040 435236013800 435236018840
3681 5033 -5070 435236013800 435236018870
3681 5609 -7230 435236013800 435236021030
3681 5633 -7320 435236013800 435236021120
3683 3728 -165 435236013800 435236013965
3683 3736 -195 435236013800 435236013995
3683 4553 -3270 435236013800 435236017070
3684 3770 -330 435236013800 435236014130
3684 4084 -1500 435236013800 435236015300
3684 4092 -1530 435236013800 435236015330
3684 4450 -2880 435236013800 435236016680
3684 4916 -4620 435236013800 435236018420
3684 4924 -4650 435236013800 435236018450
3684 5428 -6540 435236013800 435236020340
3684 6136 -9195 435236013800 435236022995
3685 4990 -4890 435236013815 435236018705
3685 5014 -4980 435236013815 435236018795
3686 5334 -6180 435236013815 435236019995
3688 3736 -180 435236013815 435236013995
3688 3744 -210 435236013815 435236014025
3689 4009 -1200 435236013830 435236015030
3689 4577 -3330 435236013830 435236017160
3689 5449 -6600 435236013830 435236020430
3691 3740 -180 435236013830 435236014010
3691 3744 -195 435236013830 435236014025
3692 4049 -1350 435236013830 435236015180
3692 4092 -1500 435236013830 435236015330
3692 5291 -6000 435236013830 435236019830
3692 5442 -6570 435236013830 435236020400
3693 4990 -4860 435236013845 435236018705
3693 5349 -6210 435236013845 435236020055
3695 3903 -780 435236013845 435236014625
3695 4466 -2895 435236013845 435236016740
3696 3744 -180 435236013845 435236014025
3696 3752 -210 435236013845 435236014055
3697 4729 -3870 435236013860 435236017730
3697 5449 -6570 435236013860 435236020430
3700 4077 -1425 435236013860 435236015285
3700 6085 -8955 435236013860 435236022815
3701 3757 -210 435236013875 435236014085
3701 3829 -480 435236013875 435236014355
3701 4063 -1350 435236013875 435236015225
3701 4653 -3570 435236013875 435236017445
3701 4711 -3780 435236013875 435236017655
3701 5925 -8340 435236013875 435236022215
3701 6082 -8925 435236013875 435236022800
3705 4729 -3840 435236013890 435236017730
3708 3784 -285 435236013890 435236014175
3708 3828 -450 435236013890 435236014340
3709 5277 -5880 435236013905 435236019785
3709 5501 -6720 435236013905 435236020625
3711 3903 -720 435236013905 435236014625
3712 5262 -5820 435236013905 435236019725
3716 3764 -180 435236013920 435236014100
3716 3772 -210 435236013920 435236014130
3716 3784 -255 435236013920 435236014175
3716 3828 -420 435236013920 435236014340
3716 3956 -900 435236013920 435236014820
3716 4719 -3765 435236013920 435236017685
3717 3845 -480 435236013935 435236014415
3717 6085 -8880 435236013935 435236022815
3723 3795 -270 435236013950 435236014220
3723 3800 -285 435236013950 435236014235
3724 3852 -480 435236013950 435236014430
3731 3795 -240 435236013980 435236014220
3731 4007 -1035 435236013980 435236015015
3737 4697 -3600 435236014010 435236017610
3738 4077 -1275 435236014010 435236015285
3739 4847 -4155 435236014010 435236018165
3740 4458 -2700 435236014010 435236016710
3742 4077 -1260 435236014025 435236015285
3743 4018 -1035 435236014025 435236015060
3743 6010 -8505 435236014025 435236022530
3745 4497 -2820 435236014040 435236016860
3746 4002 -960 435236014040 435236015000
3746 4018 -1020 435236014040 435236015060
3746 4518 -2895 435236014040 435236016935
3747 3828 -300 435236014040 435236014340
3747 3852 -390 435236014040 435236014430
3747 4149 -1515 435236014040 435236015555
3747 4653 -3405 435236014040 435236017445
3747 5310 -5865 435236014040 435236019905
3749 4685 -3510 435236014055 435236017565
3750 4092 -1275 435236014055 435236015330
3750 6313 -9615 435236014055 435236023670
3751 3903 -570 435236014055 435236014625
3751 4055 -1140 435236014055 435236015195
3751 4498 -2805 435236014055 435236016860
3751 5543 -6720 435236014055 435236020775
3751 5917 -8130 435236014055 435236022185
3753 4041 -1080 435236014070 435236015150
3753 4049 -1110 435236014070 435236015180
3753 5209 -5460 435236014070 435236019530
3754 3882 -480 435236014070 435236014550
3755 3908 -570 435236014070 435236014640
3755 4200 -1665 435236014070 435236015735
3755 4682 -3480 435236014070 435236017550
3755 4899 -4290 435236014070 435236018360
3756 3819 -240 435236014070 435236014310
3756 3844 -330 435236014070 435236014400
3756 3852 -360 435236014070 435236014430
3757 3824 -240 435236014085 435236014325
3758 6233 -9285 435236014085 435236023370
3759 4055 -1110 435236014085 435236015195
3760 4327 -2130 435236014085 435236016215
3761 4009 -930 435236014100 435236015030
3761 4497 -2760 435236014100 435236016860
3761 4729 -3630 435236014100 435236017730
3762 4025 -990 435236014100 435236015090
3762 4873 -4170 435236014100 435236018270
3763 3975 -795 435236014100 435236014895
3763 4092 -1230 435236014100 435236015330
3763 4450 -2580 435236014100 435236016680
3763 5277 -5685 435236014100 435236019785
3763 6013 -8445 435236014100 435236022545
3763 6052 -8580 435236014100 435236022680
3764 3811 -180 435236014100 435236014280
3764 3819 -210 435236014100 435236014310
3764 3824 -225 435236014100 435236014325
3764 3828 -240 435236014100 435236014340
3764 3836 -270 435236014100 435236014370
3764 3844 -300 435236014100 435236014400
3764 3860 -360 435236014100 435236014460
3764 3884 -450 435236014100 435236014550
3764 3956 -720 435236014100 435236014820
3764 3964 -750 435236014100 435236014850
3764 4516 -2820 435236014100 435236016920
3767 4401 -2385 435236014115 435236016500
3768 3816 -180 435236014115 435236014295
3769 3820 -180 435236014130 435236014310
3769 4041 -1020 435236014130 435236015150
3769 4057 -1080 435236014130 435236015210
3769 4113 -1290 435236014130 435236015420
3770 4865 -4110 435236014130 435236018240
3770 4889 -4200 435236014130 435236018330
3771 3967 -735 435236014130 435236014865
3771 4748 -3660 435236014130 435236017790
3771 6131 -8850 435236014130 435236022980
3772 3836 -240 435236014130 435236014370
3772 3844 -270 435236014130 435236014400
3772 3860 -330 435236014130 435236014460
3772 3883 -420 435236014130 435236014550
3772 3956 -690 435236014130 435236014820
3772 3964 -720 435236014130 435236014850
3772 3972 -750 435236014130 435236014880
3772 4450 -2550 435236014130 435236016680
3772 5244 -5520 435236014130 435236019650
3773 5962 -8205 435236014145 435236022350
3773 6069 -8610 435236014145 435236022755
3774 4751 -3660 435236014145 435236017805
3775 3826 -195 435236014145 435236014340
3775 3834 -225 435236014145 435236014370
3776 3887 -420 435236014145 435236014565
3777 5417 -6150 435236014160 435236020310
3777 5465 -6330 435236014160 435236020490
3779 3823 -165 435236014160 435236014325
3779 3826 -180 435236014160 435236014340
3779 3853 -285 435236014160 435236014445
3779 3877 -375 435236014160 435236014535
3779 3975 -735 435236014160 435236014895
3779 4671 -3345 435236014160 435236017505
3780 3836 -210 435236014160 435236014370
3780 3907 -480 435236014160 435236014640
3780 3964 -690 435236014160 435236014850
3780 3972 -720 435236014160 435236014880
3780 4676 -3360 435236014160 435236017520
3780 5170 -5220 435236014160 435236019380
3780 5239 -5475 435236014160 435236019635
3780 5255 -5535 435236014160 435236019695
3782 6254 -9270 435236014175 435236023445
3782 6285 -9390 435236014175 435236023565
3783 4690 -3405 435236014175 435236017580
3783 4714 -3495 435236014175 435236017670
3784 3963 -675 435236014175 435236014850
3784 4020 -885 435236014175 435236015060
3784 4421 -2400 435236014175 435236016575
3784 4428 -2415 435236014175 435236016590
3784 4839 -3960 435236014175 435236018135
3784 5267 -5565 435236014175 435236019740
3784 5275 -5595 435236014175 435236019770
3784 6136 -8820 435236014175 435236022995
3784 6320 -9510 435236014175 435236023685
3785 4073 -1080 435236014190 435236015270
3785 4953 -4380 435236014190 435236018570
3785 5321 -5760 435236014190 435236019950
3785 5329 -5790 435236014190 435236019980
3785 5337 -5820 435236014190 435236020010
3785 5465 -6300 435236014190 435236020490
3785 5689 -7140 435236014190 435236021330
3786 4650 -3240 435236014190 435236017430
3786 4690 -3390 435236014190 435236017580
3786 4718 -3495 435236014190 435236017685
3786 4726 -3525 435236014190 435236017715
3786 4816 -3855 435236014190 435236018045
3786 6386 -9750 435236014190 435236023940
3787 4259 -1770 435236014190 435236015960
3787 4749 -3615 435236014190 435236017805
3787 4784 -3735 435236014190 435236017925
3787 5804 -7560 435236014190 435236021750
3788 5077 -4845 435236014190 435236019035
3788 5471 -6315 435236014190 435236020505
3789 4727 -3510 435236014205 435236017715
3791 3975 -690 435236014205 435236014895
3791 4557 -2880 435236014205 435236017085
3791 4741 -3570 435236014205 435236017775
3792 3836 -165 435236014205 435236014370
3792 3844 -195 435236014205 435236014400
3792 3887 -360 435236014205 435236014565
3792 3948 -585 435236014205 435236014790
3792 3956 -615 435236014205 435236014820
3792 4251 -1725 435236014205 435236015930
3792 4757 -3630 435236014205 435236017835
3792 4780 -3705 435236014205 435236017910
3792 4784 -3720 435236014205 435236017925
3792 4899 -4155 435236014205 435236018360
3792 4948 -4335 435236014205 435236018540
3792 5239 -5430 435236014205 435236019635
3792 6128 -8760 435236014205 435236022965
3792 6131 -8775 435236014205 435236022980
3793 5297 -5640 435236014220 435236019860
3793 5585 -6720 435236014220 435236020940
3793 5625 -6870 435236014220 435236021090
3793 6129 -8760 435236014220 435236022980
3794 4442 -2430 435236014220 435236016650
3795 3912 -435 435236014220 435236014655
3797 4085 -1080 435236014235 435236015315
3797 4093 -1110 435236014235 435236015345
3798 4678 -3300 435236014235 435236017535
3798 4694 -3360 435236014235 435236017595
3798 4702 -3390 435236014235 435236017625
3799 3975 -660 435236014235 435236014895
3801 5297 -5610 435236014250 435236019860
3801 5585 -6690 435236014250 435236020940
3801 5601 -6750 435236014250 435236021000
3801 5641 -6900 435236014250 435236021150
3804 5202 -5250 435236014250 435236019500
3805 4925 -4200 435236014265 435236018465
3805 5274 -5505 435236014265 435236019770
3806 4686 -3300 435236014265 435236017565
3806 4694 -3330 435236014265 435236017595
3806 4710 -3390 435236014265 435236017655
3806 4726 -3450 435236014265 435236017715
3807 4455 -2430 435236014265 435236016695
3809 4729 -3450 435236014280 435236017730
3809 4745 -3510 435236014280 435236017790
3809 5609 -6750 435236014280 435236021030
3809 5825 -7560 435236014280 435236021840
3811 4744 -3495 435236014280 435236017775
3811 4880 -4005 435236014280 435236018285
3813 4101 -1080 435236014295 435236015375
3813 4159 -1290 435236014295 435236015585
3813 5334 -5700 435236014295 435236019995
3813 6330 -9435 435236014295 435236023730
3816 3944 -480 435236014295 435236014775
3821 4159 -1260 435236014325 435236015585
3821 5781 -7350 435236014325 435236021675
3821 6156 -8745 435236014325 435236023070
3823 3893 -270 435236014325 435236014595
3823 4709 -3330 435236014325 435236017655
3824 4800 -3660 435236014325 435236017985
3825 4729 -3390 435236014340 435236017730
3825 4745 -3450 435236014340 435236017790
3825 5689 -6990 435236014340 435236021330
3829 3877 -180 435236014355 435236014535
3829 4695 -3240 435236014355 435236017595
3830 3873 -165 435236014355 435236014520
3831 3933 -390 435236014355 435236014745
3831 4701 -3270 435236014355 435236017625
3831 4997 -4380 435236014355 435236018735
3832 3896 -240 435236014355 435236014595
3832 4883 -3945 435236014355 435236018300
3832 4940 -4155 435236014355 435236018510
3833 3921 -330 435236014370 435236014700
3833 4698 -3240 435236014370 435236017610
3833 4705 -3270 435236014370 435236017640
3833 6385 -9570 435236014370 435236023940
3835 3916 -300 435236014370 435236014670
3835 6084 -8430 435236014370 435236022800
3837 3909 -270 435236014385 435236014655
3837 4687 -3180 435236014385 435236017565
3837 4695 -3210 435236014385 435236017595
3837 6069 -8370 435236014385 435236022755
3839 4647 -3030 435236014385 435236017415
3839 4693 -3210 435236014385 435236017595
3839 5183 -5040 435236014385 435236019425
3840 5302 -5490 435236014385 435236019875
3841 4697 -3210 435236014400 435236017610
3841 4737 -3360 435236014400 435236017760
3841 4745 -3390 435236014400 435236017790
3843 3892 -180 435236014400 435236014580
3843 3908 -240 435236014400 435236014640
3843 4221 -1425 435236014400 435236015825
3843 4803 -3600 435236014400 435236018000
3844 4739 -3360 435236014400 435236017760
3844 4948 -4140 435236014400 435236018540
3845 4653 -3030 435236014415 435236017445
3845 6085 -8400 435236014415 435236022815
3847 5231 -5190 435236014415 435236019605
3849 4721 -3270 435236014430 435236017700
3849 4729 -3300 435236014430 435236017730
3849 4737 -3330 435236014430 435236017760
3849 4745 -3360 435236014430 435236017790
3849 4963 -4170 435236014430 435236018600
3850 4677 -3105 435236014430 435236017535
3850 4681 -3120 435236014430 435236017550
3851 5716 -6990 435236014430 435236021420
3853 3917 -240 435236014445 435236014685
3853 4671 -3060 435236014445 435236017505
3855 5229 -5160 435236014445 435236019605
3855 5255 -5250 435236014445 435236019695
3856 4980 -4215 435236014445 435236018660
3857 4681 -3090 435236014460 435236017550
3857 4745 -3330 435236014460 435236017790
3858 4623 -2865 435236014460 435236017325
3858 4631 -2895 435236014460 435236017355
3859 5708 -6930 435236014460 435236021390
3860 4972 -4170 435236014460 435236018630
3861 4663 -3000 435236014475 435236017475
3861 4671 -3030 435236014475 435236017505
3862 4686 -3090 435236014475 435236017565
3863 4661 -3000 435236014475 435236017475
3863 6316 -9195 435236014475 435236023670
3864 5732 -7005 435236014475 435236021480
3864 6196 -8745 435236014475 435236023220
3868 3940 -270 435236014490 435236014760
3868 4972 -4140 435236014490 435236018630
3868 5388 -5700 435236014490 435236020190
3868 5396 -5730 435236014490 435236020220
3868 5420 -5820 435236014490 435236020310
3869 5223 -5070 435236014505 435236019575
3871 4114 -915 435236014505 435236015420
3871 4503 -2370 435236014505 435236016875
3871 4653 -2940 435236014505 435236017445
3874 3994 -450 435236014520 435236014970
3874 4607 -2745 435236014520 435236017265
3874 4986 -4170 435236014520 435236018690
3875 3971 -360 435236014520 435236014880
3875 4556 -2550 435236014520 435236017070
3877 4981 -4140 435236014535 435236018675
3879 3975 -360 435236014535 435236014895
3879 4599 -2700 435236014535 435236017235
3879 4637 -2850 435236014535 435236017385
3880 4501 -2340 435236014535 435236016875
3881 3929 -180 435236014550 435236014730
3882 3978 -360 435236014550 435236014910
3882 4570 -2580 435236014550 435236017130
3883 3952 -255 435236014550 435236014805
3883 5211 -4980 435236014550 435236019530
3883 5389 -5655 435236014550 435236020205
3884 4125 -915 435236014550 435236015465
3884 4463 -2175 435236014550 435236016725
3884 6029 -8055 435236014550 435236022605
3885 4157 -1020 435236014565 435236015585
3887 3975 -330 435236014565 435236014895
3887 3983 -360 435236014565 435236014925
3887 4637 -2820 435236014565 435236017385
3888 4479 -2220 435236014565 435236016785
3890 4506 -2310 435236014580 435236016890
3890 4626 -2760 435236014580 435236017340
3890 4637 -2805 435236014580 435236017385
3891 4400 -1905 435236014580 435236016485
3891 5438 -5805 435236014580 435236020385
3891 5956 -7740 435236014580 435236022320
3892 3964 -270 435236014580 435236014850
3892 4500 -2280 435236014580 435236016860
3892 4847 -3585 435236014580 435236018165
3893 5452 -5835 435236014595 435236020430
3894 4541 -2430 435236014595 435236017025
3895 3983 -330 435236014595 435236014925
3895 4629 -2760 435236014595 435236017355
3895 4637 -2790 435236014595 435236017385
3896 4355 -1725 435236014595 435236016320
3897 4705 -3030 435236014610 435236017640
3898 3994 -360 435236014610 435236014970
3898 4628 -2730 435236014610 435236017340
3899 3948 -180 435236014610 435236014790
3899 5437 -5775 435236014610 435236020385
3900 4308 -1530 435236014610 435236016140
3900 4500 -2250 435236014610 435236016860
3900 4516 -2310 435236014610 435236016920
3902 4710 -3030 435236014625 435236017655
3903 3986 -315 435236014625 435236014940
3903 4621 -2700 435236014625 435236017325
3903 5205 -4890 435236014625 435236019515
3903 5431 -5730 435236014625 435236020355
3904 3952 -180 435236014625 435236014805
3904 4077 -660 435236014625 435236015285
3904 4745 -3165 435236014625 435236017790
3905 4497 -2220 435236014640 435236016860
3906 3994 -330 435236014640 435236014970
3906 4605 -2625 435236014640 435236017265
3907 4319 -1545 435236014640 435236016185
3907 5260 -5070 435236014640 435236019710
3908 4036 -480 435236014640 435236015120
3908 4463 -2085 435236014640 435236016725
3908 4471 -2115 435236014640 435236016755
3908 4508 -2250 435236014640 435236016890
3908 4516 -2280 435236014640 435236016920
3909 4157 -930 435236014655 435236015585
3909 4466 -2085 435236014655 435236016740
3911 4613 -2640 435236014655 435236017295
3911 4621 -2670 435236014655 435236017325
3912 4118 -780 435236014655 435236015435
3912 4941 -3870 435236014655 435236018525
3912 5349 -5400 435236014655 435236020055
3913 4745 -3120 435236014670 435236017790
3913 5121 -4530 435236014670 435236019200
3914 4605 -2595 435236014670 435236017265
3914 4612 -2610 435236014670 435236017280
3914 4613 -2625 435236014670 435236017295
3914 5018 -4140 435236014670 435236018810
3914 5026 -4170 435236014670 435236018840
3916 4157 -915 435236014670 435236015585
3916 4463 -2055 435236014670 435236016725
3916 4899 -3690 435236014670 435236018360
3917 3983 -240 435236014685 435236014925
3917 4181 -990 435236014685 435236015675
3918 4606 -2580 435236014685 435236017265
3919 4605 -2580 435236014685 435236017265
3919 4613 -2610 435236014685 435236017295
3920 4456 -2010 435236014685 435236016695
3920 4528 -2280 435236014685 435236016965
3920 4997 -4050 435236014685 435236018735
3920 5029 -4170 435236014685 435236018855
3922 4596 -2520 435236014700 435236017220
3922 4604 -2550 435236014700 435236017250
3922 4605 -2565 435236014700 435236017265
3922 4612 -2580 435236014700 435236017280
3922 4613 -2595 435236014700 435236017295
3922 5026 -4140 435236014700 435236018840
3924 5452 -5730 435236014700 435236020430
3925 3975 -180 435236014715 435236014895
3926 4598 -2520 435236014715 435236017235
3926 4606 -2550 435236014715 435236017265
3927 4597 -2520 435236014715 435236017235
3927 4605 -2550 435236014715 435236017265
3928 4472 -2040 435236014715 435236016755
3928 4528 -2250 435236014715 435236016965
3928 4979 -3945 435236014715 435236018660
3928 5560 -6120 435236014715 435236020835
3929 4721 -2970 435236014730 435236017700
3929 4729 -3000 435236014730 435236017730
3929 4785 -3210 435236014730 435236017940
3929 5121 -4470 435236014730 435236019200
3930 4601 -2520 435236014730 435236017250
3930 5026 -4110 435236014730 435236018840
3931 4604 -2520 435236014730 435236017250
3932 5186 -4710 435236014730 435236019440
3932 5383 -5445 435236014730 435236020175
3932 5396 -5490 435236014730 435236020220
3933 5765 -6870 435236014745 435236021615
3934 4593 -2475 435236014745 435236017220
3934 4598 -2490 435236014745 435236017235
3934 4606 -2520 435236014745 435236017265
3934 4806 -3270 435236014745 435236018015
3935 4589 -2460 435236014745 435236017205
3935 4597 -2490 435236014745 435236017235
3935 4605 -2520 435236014745 435236017265
3937 4721 -2940 435236014760 435236017700
3937 4729 -2970 435236014760 435236017730
3937 4801 -3240 435236014760 435236018000
3937 5121 -4440 435236014760 435236019200
3938 4593 -2460 435236014760 435236017220
3939 4588 -2430 435236014760 435236017190
3939 4596 -2460 435236014760 435236017220
3940 5383 -5415 435236014760 435236020175
3940 5396 -5460 435236014760 435236020220
3940 6279 -8775 435236014760 435236023535
3941 5021 -4050 435236014775 435236018825
3942 4550 -2280 435236014775 435236017055
3942 4574 -2370 435236014775 435236017145
3942 4582 -2400 435236014775 435236017175
3942 4590 -2430 435236014775 435236017205
3943 4580 -2385 435236014775 435236017160
3943 4581 -2400 435236014775 435236017175
3943 4588 -2415 435236014775 435236017190
3943 4589 -2430 435236014775 435236017205
3943 4597 -2460 435236014775 435236017235
3943 5157 -4560 435236014775 435236019335
3944 4193 -945 435236014775 435236015720
3945 4025 -300 435236014790 435236015090
3945 4729 -2940 435236014790 435236017730
3945 5121 -4410 435236014790 435236019200
3946 4577 -2370 435236014790 435236017160
3946 4581 -2385 435236014790 435236017175
3946 4589 -2415 435236014790 435236017205
3946 4597 -2445 435236014790 435236017235
3946 4605 -2475 435236014790 435236017265
3947 4580 -2370 435236014790 435236017160
3947 4588 -2400 435236014790 435236017190
3947 4604 -2460 435236014790 435236017250
3947 5175 -4605 435236014790 435236019395
3948 4213 -1005 435236014790 435236015795
3948 4549 -2265 435236014790 435236017055
3948 5276 -4980 435236014790 435236019770
3949 4583 -2370 435236014805 435236017175
3949 5549 -6000 435236014805 435236020805
3950 4550 -2250 435236014805 435236017055
3950 4574 -2340 435236014805 435236017145
3950 4577 -2355 435236014805 435236017160
3950 4582 -2370 435236014805 435236017175
3951 4572 -2325 435236014805 435236017130
3951 4573 -2340 435236014805 435236017145
3951 4580 -2355 435236014805 435236017160
3951 4581 -2370 435236014805 435236017175
3951 4588 -2385 435236014805 435236017190
3951 4589 -2400 435236014805 435236017205
3951 5071 -4200 435236014805 435236019005
3952 5165 -4560 435236014805 435236019365
3953 4721 -2880 435236014820 435236017700
3953 4729 -2910 435236014820 435236017730
3954 4554 -2250 435236014820 435236017070
3954 4569 -2310 435236014820 435236017130
3954 4577 -2340 435236014820 435236017160
3955 4572 -2310 435236014820 435236017130
3955 4580 -2340 435236014820 435236017160
3956 4319 -1365 435236014820 435236016185
3957 4562 -2265 435236014835 435236017100
3957 4575 -2310 435236014835 435236017145
3958 4550 -2220 435236014835 435236017055
3958 4558 -2250 435236014835 435236017085
3958 4566 -2280 435236014835 435236017115
3959 4002 -165 435236014835 435236015000
3959 4565 -2280 435236014835 435236017115
3959 4572 -2295 435236014835 435236017130
3959 4573 -2310 435236014835 435236017145
3959 4581 -2340 435236014835 435236017175
3960 4137 -675 435236014835 435236015510
3960 4568 -2280 435236014835 435236017115
3960 5084 -4215 435236014835 435236019050
3961 4561 -2250 435236014850 435236017100
3961 4569 -2280 435236014850 435236017130
3961 4785 -3090 435236014850 435236017940
3961 5105 -4290 435236014850 435236019140
3961 5113 -4320 435236014850 435236019170
3962 4314 -1320 435236014850 435236016170
3962 4561 -2250 435236014850 435236017100
3962 4565 -2265 435236014850 435236017115
3963 4319 -1335 435236014850 435236016185
3963 4564 -2250 435236014850 435236017100
3963 4572 -2280 435236014850 435236017130
3964 4052 -330 435236014850 435236015180
3965 4029 -240 435236014865 435236015105
3965 5533 -5880 435236014865 435236020745
3965 6069 -7890 435236014865 435236022755
3966 4566 -2250 435236014865 435236017115
3967 4039 -270 435236014865 435236015135
3967 4254 -1080 435236014865 435236015945
3967 4271 -1140 435236014865 435236016005
3967 4380 -1545 435236014865 435236016410
3967 4479 -1920 435236014865 435236016785
3967 4482 -1935 435236014865 435236016800
3967 4487 -1950 435236014865 435236016815
3967 4501 -2010 435236014865 435236016875
3967 4525 -2100 435236014865 435236016965
3967 4557 -2220 435236014865 435236017085
3967 4559 -2220 435236014865 435236017085
3967 4564 -2235 435236014865 435236017100
3967 4565 -2250 435236014865 435236017115
3967 4573 -2280 435236014865 435236017145
3967 5275 -4905 435236014865 435236019770
3967 6373 -9030 435236014865 435236023895
3968 4193 -855 435236014865 435236015720
3968 4545 -2175 435236014865 435236017040
3968 4553 -2205 435236014865 435236017070
3968 4560 -2220 435236014865 435236017085
3968 4568 -2250 435236014865 435236017115
3969 4561 -2220 435236014880 435236017100
3969 4601 -2370 435236014880 435236017250
3969 4609 -2400 435236014880 435236017280
3969 4729 -2850 435236014880 435236017730
3969 4801 -3120 435236014880 435236018000
3970 4557 -2205 435236014880 435236017085
3971 4356 -1440 435236014880 435236016320
3971 4412 -1650 435236014880 435236016530
3971 4420 -1680 435236014880 435236016560
3971 4553 -2190 435236014880 435236017070
3971 4557 -2205 435236014880 435236017085
3972 4564 -2220 435236014880 435236017100
3973 4045 -270 435236014895 435236015165
3974 4550 -2160 435236014895 435236017055
3974 4558 -2190 435236014895 435236017085
3974 4566 -2220 435236014895 435236017115
3975 4085 -420 435236014895 435236015315
3975 4220 -915 435236014895 435236015810
3975 4306 -1245 435236014895 435236016140
3975 4311 -1260 435236014895 435236016155
3975 4370 -1485 435236014895 435236016380
3975 4450 -1785 435236014895 435236016680
3975 4463 -1830 435236014895 435236016725
3975 4554 -2175 435236014895 435236017070
3975 4557 -2190 435236014895 435236017085
3975 4565 -2220 435236014895 435236017115
3975 4575 -2250 435236014895 435236017145
3975 4645 -2520 435236014895 435236017415
3975 4744 -2880 435236014895 435236017775
3975 4757 -2940 435236014895 435236017835
3975 4839 -3240 435236014895 435236018135
3975 4845 -3270 435236014895 435236018165
3975 5759 -6690 435236014895 435236021585
3975 6052 -7785 435236014895 435236022680
3976 4311 -1260 435236014895 435236016155
3976 5855 -7050 435236014895 435236021945
3976 5893 -7200 435236014895 435236022095
3977 4041 -240 435236014910 435236015150
3977 4569 -2220 435236014910 435236017130
3977 4585 -2280 435236014910 435236017190
3977 4785 -3030 435236014910 435236017940
3977 4793 -3060 435236014910 435236017970
3977 4809 -3120 435236014910 435236018030
3978 4306 -1230 435236014910 435236016140
3978 4354 -1410 435236014910 435236016320
3978 5154 -4410 435236014910 435236019320
3979 4379 -1500 435236014910 435236016410
3979 4412 -1620 435236014910 435236016530
3980 4551 -2145 435236014910 435236017055
3980 4555 -2160 435236014910 435236017070
3981 4546 -2115 435236014925 435236017040
3981 4551 -2130 435236014925 435236017055
3981 4555 -2145 435236014925 435236017070
3981 4573 -2220 435236014925 435236017145
3981 4813 -3120 435236014925 435236018045
3982 4526 -2040 435236014925 435236016965
3982 4534 -2070 435236014925 435236016995
3982 4542 -2100 435236014925 435236017025
3982 4550 -2130 435236014925 435236017055
3982 4558 -2160 435236014925 435236017085
3983 4031 -180 435236014925 435236015105
3983 4045 -240 435236014925 435236015165
3983 4130 -555 435236014925 435236015480
3983 4181 -750 435236014925 435236015675
3983 4319 -1260 435236014925 435236016185
3983 4431 -1680 435236014925 435236016605
3983 4484 -1875 435236014925 435236016800
3983 4485 -1890 435236014925 435236016815
3983 4503 -1950 435236014925 435236016875
3983 4549 -2130 435236014925 435236017055
3983 4556 -2145 435236014925 435236017070
3983 4564 -2175 435236014925 435236017100
3983 4565 -2190 435236014925 435236017115
3983 4637 -2460 435236014925 435236017385
3983 5519 -5760 435236014925 435236020685
3984 4296 -1170 435236014925 435236016095
3984 5855 -7020 435236014925 435236021945
3985 4041 -210 435236014940 435236015150
3985 4049 -240 435236014940 435236015180
3985 4550 -2115 435236014940 435236017055
3986 4042 -210 435236014940 435236015150
3986 4055 -255 435236014940 435236015195
3986 4063 -285 435236014940 435236015225
3986 4066 -300 435236014940 435236015240
3986 4434 -1680 435236014940 435236016620
3986 4442 -1710 435236014940 435236016650
3986 4498 -1920 435236014940 435236016860
3986 4578 -2220 435236014940 435236017160
3986 4610 -2340 435236014940 435236017280
3986 4618 -2370 435236014940 435236017310
3987 4141 -585 435236014940 435236015525
3987 4349 -1365 435236014940 435236016305
3987 4358 -1395 435236014940 435236016335
3988 4543 -2085 435236014940 435236017025
3988 4547 -2100 435236014940 435236017040
3989 4543 -2070 435236014955 435236017025
3989 4546 -2085 435236014955 435236017040
3990 4038 -180 435236014955 435236015135
3990 4046 -210 435236014955 435236015165
3990 4526 -2010 435236014955 435236016965
3990 4542 -2070 435236014955 435236017025
3990 4550 -2100 435236014955 435236017055
3991 4114 -465 435236014955 435236015420
3991 4541 -2070 435236014955 435236017025
3992 4242 -945 435236014955 435236015900
3992 4250 -975 435236014955 435236015930
3993 4041 -180 435236014970 435236015150
3993 4049 -210 435236014970 435236015180
3993 4057 -240 435236014970 435236015210
3993 4538 -2040 435236014970 435236017010
3994 4063 -255 435236014970 435236015225
3994 4066 -270 435236014970 435236015240
3994 4114 -450 435236014970 435236015420
3994 4149 -585 435236014970 435236015555
3994 4170 -660 435236014970 435236015630
3994 4442 -1680 435236014970 435236016650
3994 4509 -1935 435236014970 435236016905
3994 4610 -2310 435236014970 435236017280
3994 4653 -2475 435236014970 435236017445
3994 4706 -2670 435236014970 435236017640
3994 5310 -4935 435236014970 435236019905
3994 5543 -5805 435236014970 435236020775
3994 5546 -5820 435236014970 435236020790
3994 6085 -7845 435236014970 435236022815
3996 4538 -2040 435236014970 435236017010
3997 4535 -2010 435236014985 435236016995
3997 4543 -2040 435236014985 435236017025
3998 4077 -300 435236014985 435236015285
3998 4446 -1680 435236014985 435236016665
3998 4510 -1920 435236014985 435236016905
3998 4518 -1950 435236014985 435236016935
3998 4526 -1980 435236014985 435236016965
3998 4534 -2010 435236014985 435236016995
3999 4533 -2010 435236014985 435236016995
4001 4049 -180 435236015000 435236015180
4001 4065 -240 435236015000 435236015240
4002 4450 -1680 435236015000 435236016680
4002 4474 -1770 435236015000 435236016770
4002 4482 -1800 435236015000 435236016800
4002 4490 -1830 435236015000 435236016830
4004 4463 -1725 435236015000 435236016725
4004 4498 -1860 435236015000 435236016860
4004 4530 -1980 435236015000 435236016980
4005 4498 -1845 435236015015 435236016860
4005 4522 -1935 435236015015 435236016950
4005 4527 -1950 435236015015 435236016965
4005 4530 -1965 435236015015 435236016980
4005 4535 -1980 435236015015 435236016995
4006 4054 -180 435236015015 435236015195
4006 4077 -270 435236015015 435236015285
4006 4454 -1680 435236015015 435236016695
4006 4478 -1770 435236015015 435236016785
4006 4494 -1830 435236015015 435236016845
4006 4510 -1890 435236015015 435236016905
4006 4518 -1920 435236015015 435236016935
4006 4526 -1950 435236015015 435236016965
4006 4534 -1980 435236015015 435236016995
4006 5006 -3750 435236015015 435236018765
4007 4052 -165 435236015015 435236015180
4007 4053 -180 435236015015 435236015195
4007 4060 -195 435236015015 435236015210
4007 4061 -210 435236015015 435236015225
4007 4525 -1950 435236015015 435236016965
4007 5874 -7005 435236015015 435236022020
4008 4402 -1485 435236015015 435236016500
4009 4497 -1830 435236015030 435236016860
4009 4526 -1935 435236015030 435236016965
4009 4537 -1980 435236015030 435236017010
4009 4577 -2130 435236015030 435236017160
4009 4593 -2190 435236015030 435236017220
4009 4601 -2220 435236015030 435236017250
4009 4625 -2310 435236015030 435236017340
4009 4641 -2370 435236015030 435236017400
4010 4061 -195 435236015030 435236015225
4010 4070 -225 435236015030 435236015255
4010 4084 -270 435236015030 435236015300
4010 4450 -1650 435236015030 435236016680
4010 4482 -1770 435236015030 435236016800
4010 4522 -1920 435236015030 435236016950
4010 4524 -1920 435236015030 435236016950
4010 4530 -1950 435236015030 435236016980
4011 4099 -330 435236015030 435236015360
4011 4412 -1500 435236015030 435236016530
4012 4527 -1935 435236015030 435236016965
4012 5362 -5070 435236015030 435236020100
4013 4522 -1905 435236015045 435236016950
4013 4527 -1920 435236015045 435236016965
4013 4546 -1995 435236015045 435236017040
4014 4062 -180 435236015045 435236015225
4014 4077 -240 435236015045 435236015285
4014 4093 -300 435236015045 435236015345
4014 4518 -1890 435236015045 435236016935
4014 4534 -1950 435236015045 435236016995
4015 4061 -180 435236015045 435236015225
4015 4517 -1890 435236015045 435236016935
4016 4876 -3225 435236015045 435236018270
4016 4935 -3450 435236015045 435236018495
4016 4944 -3480 435236015045 435236018525
4016 4947 -3495 435236015045 435236018540
4017 4097 -300 435236015060 435236015360
4017 4321 -1140 435236015060 435236016200
4017 4465 -1680 435236015060 435236016740
4017 4529 -1920 435236015060 435236016980
4017 4601 -2190 435236015060 435236017250
4017 4641 -2340 435236015060 435236017400
4017 4657 -2400 435236015060 435236017460
4017 5129 -4170 435236015060 435236019230
4018 4124 -390 435236015060 435236015450
4018 4610 -2220 435236015060 435236017280
4019 4387 -1380 435236015060 435236016440
4021 4092 -255 435236015075 435236015330
4021 4511 -1830 435236015075 435236016905
4021 4514 -1845 435236015075 435236016920
4022 4077 -210 435236015075 435236015285
4023 4112 -330 435236015075 435236015405
4023 4437 -1560 435236015075 435236016635
4023 4463 -1650 435236015075 435236016725
4023 4509 -1830 435236015075 435236016905
4023 4517 -1860 435236015075 435236016935
4023 5826 -6765 435236015075 435236021840
4024 4379 -1335 435236015075 435236016410
4024 4939 -3435 435236015075 435236018510
4025 4070 -165 435236015090 435236015255
4025 4105 -300 435236015090 435236015390
4025 4129 -390 435236015090 435236015480
4025 4465 -1650 435236015090 435236016740
4025 4497 -1770 435236015090 435236016860
4025 4505 -1800 435236015090 435236016890
4025 4529 -1890 435236015090 435236016980
4025 4545 -1950 435236015090 435236017040
4025 4553 -1980 435236015090 435236017070
4025 4577 -2070 435236015090 435236017160
4025 4641 -2310 435236015090 435236017400
4025 6073 -7680 435236015090 435236022770
4025 6081 -7710 435236015090 435236022800
4026 4069 -165 435236015090 435236015255
4027 4437 -1545 435236015090 435236016635
4027 5403 -5160 435236015090 435236020250
4028 4500 -1770 435236015090 435236016860
4028 4514 -1830 435236015090 435236016920
4029 4080 -180 435236015105 435236015285
4029 4116 -315 435236015105 435236015420
4029 4471 -1650 435236015105 435236016755
4029 4506 -1785 435236015105 435236016890
4029 4514 -1815 435236015105 435236016920
4030 4077 -180 435236015105 435236015285
4030 4470 -1650 435236015105 435236016755
4031 4509 -1800 435236015105 435236016905
4031 4711 -2550 435236015105 435236017655
4034 4482 -1680 435236015120 435236016800
4035 6084 -7680 435236015120 435236022800
4037 4498 -1725 435236015135 435236016860
4037 4506 -1755 435236015135 435236016890
4037 4629 -2220 435236015135 435236017355
4037 4653 -2310 435236015135 435236017445
4038 4454 -1560 435236015135 435236016695
4038 4462 -1590 435236015135 435236016725
4038 4494 -1710 435236015135 435236016845
4040 4291 -945 435236015135 435236016080
4040 4947 -3405 435236015135 435236018540
4041 4097 -210 435236015150 435236015360
4041 4105 -240 435236015150 435236015390
4041 4489 -1680 435236015150 435236016830
4041 4497 -1710 435236015150 435236016860
4041 4569 -1980 435236015150 435236017130
4041 4641 -2250 435236015150 435236017400
4041 4777 -2760 435236015150 435236017910
4041 5161 -4200 435236015150 435236019350
4041 6393 -8820 435236015150 435236023970
4041 6401 -8850 435236015150 435236024000
4042 4485 -1665 435236015150 435236016815
4042 4493 -1695 435236015150 435236016845
4043 4291 -930 435236015150 435236016080
4043 4352 -1155 435236015150 435236016305
4045 4485 -1650 435236015165 435236016815
4045 4490 -1665 435236015165 435236016830
4045 4514 -1755 435236015165 435236016920
4045 6045 -7500 435236015165 435236022665
4046 4101 -210 435236015165 435236015375
4046 4454 -1530 435236015165 435236016695
4046 4462 -1560 435236015165 435236016725
4046 4486 -1650 435236015165 435236016815
4046 4494 -1680 435236015165 435236016845
4046 4496 -1680 435236015165 435236016845
4047 4097 -195 435236015165 435236015360
4047 6045 -7500 435236015165 435236022665
4047 6332 -8565 435236015165 435236023730
4048 5263 -4560 435236015165 435236019725
4049 4097 -180 435236015180 435236015360
4049 4113 -240 435236015180 435236015420
4049 4481 -1620 435236015180 435236016800
4049 4489 -1650 435236015180 435236016830
4049 4497 -1680 435236015180 435236016860
4049 4521 -1770 435236015180 435236016950
4049 5385 -5010 435236015180 435236020190
4049 6417 -8880 435236015180 435236024060
4051 4105 -210 435236015180 435236015390
4051 4109 -225 435236015180 435236015405
4051 4481 -1620 435236015180 435236016800
4051 4635 -2190 435236015180 435236017370
4053 4474 -1575 435236015195 435236016770
4053 4482 -1605 435236015195 435236016800
4053 4485 -1620 435236015195 435236016815
4053 4490 -1635 435236015195 435236016830
4055 4167 -420 435236015195 435236015615
4055 4170 -435 435236015195 435236015630
4055 5543 -5580 435236015195 435236020775
4056 5012 -3585 435236015195 435236018780
4056 5263 -4530 435236015195 435236019725
4057 4473 -1560 435236015210 435236016770
4057 4489 -1620 435236015210 435236016830
4057 4497 -1650 435236015210 435236016860
4057 4529 -1770 435236015210 435236016980
4057 5161 -4140 435236015210 435236019350
4059 4114 -210 435236015210 435236015420
4059 4181 -465 435236015210 435236015675
4059 4198 -525 435236015210 435236015735
4059 4311 -945 435236015210 435236016155
4059 4474 -1560 435236015210 435236016770
4060 4644 -2190 435236015210 435236017400
4060 5284 -4590 435236015210 435236019800
4061 4485 -1590 435236015225 435236016815
4061 4506 -1665 435236015225 435236016890
4061 4533 -1770 435236015225 435236016995
4062 4459 -1485 435236015225 435236016710
4063 4118 -210 435236015225 435236015435
4063 4150 -330 435236015225 435236015555
4063 4203 -525 435236015225 435236015750
4063 4240 -660 435236015225 435236015885
4063 4244 -675 435236015225 435236015900
4063 4914 -3195 435236015225 435236018420
4063 5543 -5550 435236015225 435236020775
4063 5551 -5580 435236015225 435236020805
4066 4118 -195 435236015240 435236015435
4066 4121 -210 435236015240 435236015450
4066 4190 -465 435236015240 435236015705
4066 6085 -7575 435236015240 435236022815
4067 4473 -1530 435236015240 435236016770
4070 4145 -285 435236015255 435236015540
4071 4113 -165 435236015255 435236015420
4072 4466 -1485 435236015255 435236016740
4072 4474 -1515 435236015255 435236016770
4073 4297 -840 435236015270 435236016110
4073 4473 -1500 435236015270 435236016770
4073 4537 -1740 435236015270 435236017010
4073 4905 -3120 435236015270 435236018390
4073 5737 -6240 435236015270 435236021510
4074 4118 -165 435236015270 435236015435
4074 4121 -180 435236015270 435236015450
4075 4189 -435 435236015270 435236015705
4075 5080 -3765 435236015270 435236019035
4076 4509 -1635 435236015270 435236016905
4076 5436 -5100 435236015270 435236020370
4076 6092 -7560 435236015270 435236022830
4077 5206 -4230 435236015285 435236019515
4078 4121 -165 435236015285 435236015450
4078 4142 -240 435236015285 435236015525
4078 4182 -390 435236015285 435236015675
4078 4194 -435 435236015285 435236015720
4078 4469 -1470 435236015285 435236016755
4078 5302 -4590 435236015285 435236019875
4079 4258 -675 435236015285 435236015960
4080 5263 -4440 435236015285 435236019725
4080 6012 -7245 435236015285 435236022530
4080 6128 -7680 435236015285 435236022965
4081 4129 -180 435236015300 435236015480
4081 4137 -210 435236015300 435236015510
4081 4145 -240 435236015300 435236015540
4081 4473 -1470 435236015300 435236016770
4081 5209 -4230 435236015300 435236019530
4081 6025 -7290 435236015300 435236022590
4083 4624 -2025 435236015300 435236017325
4083 5012 -3480 435236015300 435236018780
4083 5259 -4410 435236015300 435236019710
4083 5280 -4485 435236015300 435236019785
4084 4744 -2475 435236015300 435236017775
4084 5389 -4905 435236015300 435236020205
4084 5906 -6840 435236015300 435236022140
4085 4227 -525 435236015315 435236015840
4085 4326 -900 435236015315 435236016215
4085 5262 -4410 435236015315 435236019725
4085 5286 -4500 435236015315 435236019815
4086 4142 -210 435236015315 435236015525
4086 4158 -270 435236015315 435236015585
4086 4334 -930 435236015315 435236016245
4086 4358 -1020 435236015315 435236016335
4086 6117 -7620 435236015315 435236022935
4087 4141 -210 435236015315 435236015525
4087 4343 -960 435236015315 435236016275
4087 4474 -1455 435236015315 435236016770
4087 4490 -1515 435236015315 435236016830
4088 5013 -3480 435236015315 435236018795
4088 5263 -4410 435236015315 435236019725
4088 5267 -4425 435236015315 435236019740
4088 5280 -4470 435236015315 435236019785
4088 5285 -4500 435236015315 435236019815
4088 5288 -4500 435236015315 435236019815
4088 6012 -7215 435236015315 435236022530
4089 4137 -180 435236015330 435236015510
4089 6017 -7230 435236015330 435236022560
4090 4338 -930 435236015330 435236016260
4091 4275 -690 435236015330 435236016020
4091 4280 -705 435236015330 435236016035
4091 4288 -735 435236015330 435236016065
4092 4213 -465 435236015330 435236015795
4092 4442 -1320 435236015330 435236016650
4092 4776 -2565 435236015330 435236017895
4092 4796 -2640 435236015330 435236017970
4092 4845 -2835 435236015330 435236018165
4092 4924 -3120 435236015330 435236018450
4092 5356 -4740 435236015330 435236020070
4093 4354 -975 435236015345 435236016320
4093 6338 -8415 435236015345 435236023760
4094 4142 -180 435236015345 435236015525
4094 4150 -210 435236015345 435236015555
4094 4158 -240 435236015345 435236015585
4094 4286 -720 435236015345 435236016065
4094 4318 -840 435236015345 435236016185
4094 4334 -900 435236015345 435236016245
4094 4342 -930 435236015345 435236016275
4094 4350 -960 435236015345 435236016305
4095 4341 -930 435236015345 435236016275
4095 4357 -990 435236015345 435236016335
4095 4458 -1365 435236015345 435236016710
4096 4280 -690 435236015345 435236016035
4097 4161 -240 435236015360 435236015600
4097 4321 -840 435236015360 435236016200
4097 4337 -900 435236015360 435236016260
4097 4416 -1185 435236015360 435236016545
4097 5233 -4260 435236015360 435236019620
4099 4356 -960 435236015360 435236016320
4099 4487 -1455 435236015360 435236016815
4099 4868 -2880 435236015360 435236018240
4102 4150 -180 435236015375 435236015555
4102 4158 -210 435236015375 435236015585
4102 4286 -690 435236015375 435236016065
4102 4294 -720 435236015375 435236016095
4102 4310 -780 435236015375 435236016155
4102 4342 -900 435236015375 435236016275
4102 4350 -930 435236015375 435236016305
4102 6109 -7530 435236015375 435236022905
4103 4333 -870 435236015375 435236016245
4103 4406 -1140 435236015375 435236016515
4104 4280 -660 435236015375 435236016035
4104 4283 -675 435236015375 435236016050
4104 4288 -690 435236015375 435236016065
4104 4292 -705 435236015375 435236016080
4104 4296 -720 435236015375 435236016095
4105 4161 -210 435236015390 435236015600
4105 4169 -240 435236015390 435236015630
4105 4233 -480 435236015390 435236015870
4105 6041 -7260 435236015390 435236022650
4106 4154 -180 435236015390 435236015570
4106 4181 -285 435236015390 435236015675
4106 4349 -915 435236015390 435236016305
4106 4370 -990 435236015390 435236016380
4107 4371 -990 435236015390 435236016380
4107 4405 -1125 435236015390 435236016515
4107 4487 -1425 435236015390 435236016815
4108 4255 -555 435236015390 435236015945
4108 4272 -615 435236015390 435236016005
4108 4296 -705 435236015390 435236016095
4109 4181 -270 435236015405 435236015675
4110 4158 -180 435236015405 435236015585
4110 4286 -660 435236015405 435236016065
4110 4358 -930 435236015405 435236016335
4111 4341 -870 435236015405 435236016275
4111 4466 -1335 435236015405 435236016740
4112 4181 -270 435236015405 435236015675
4112 4411 -1125 435236015405 435236016530
4112 4462 -1320 435236015405 435236016725
4112 6275 -8115 435236015405 435236023520
4113 4161 -180 435236015420 435236015600
4113 4169 -210 435236015420 435236015630
4113 4177 -240 435236015420 435236015660
4113 4185 -270 435236015420 435236015690
4113 4345 -870 435236015420 435236016290
4113 4465 -1320 435236015420 435236016740
4113 4473 -1350 435236015420 435236016770
4113 4537 -1590 435236015420 435236017010
4113 4610 -1860 435236015420 435236017280
4113 4737 -2340 435236015420 435236017760
4113 4745 -2370 435236015420 435236017790
4113 5097 -3690 435236015420 435236019110
4113 5137 -3840 435236015420 435236019260
4113 6057 -7290 435236015420 435236022710
4113 6081 -7380 435236015420 435236022800
4113 6089 -7410 435236015420 435236022830
4113 6097 -7440 435236015420 435236022860
4113 6105 -7470 435236015420 435236022890
4114 4170 -210 435236015420 435236015630
4114 4442 -1230 435236015420 435236016650
4114 4466 -1320 435236015420 435236016740
4114 5042 -3480 435236015420 435236018900
4115 4232 -435 435236015420 435236015855
4115 4534 -1575 435236015420 435236016995
4116 4250 -510 435236015420 435236015930
4117 4181 -240 435236015435 435236015675
4117 4445 -1230 435236015435 435236016665
4119 4193 -285 435236015435 435236015720
4120 4399 -1050 435236015435 435236016485
4121 4441 -1200 435236015450 435236016650
4121 4473 -1320 435236015450 435236016770
4121 4537 -1560 435236015450 435236017010
4122 4450 -1230 435236015450 435236016680
4124 4316 -720 435236015450 435236016170
4125 4181 -210 435236015465 435236015675
4126 4211 -315 435236015465 435236015780
4126 4270 -540 435236015465 435236016005
4126 4286 -600 435236015465 435236016065
4127 4181 -210 435236015465 435236015675
4127 4193 -255 435236015465 435236015720
4128 4328 -750 435236015465 435236016215
4129 4217 -330 435236015480 435236015810
4129 4345 -810 435236015480 435236016290
4129 4465 -1260 435236015480 435236016740
4129 4473 -1290 435236015480 435236016770
4129 4505 -1410 435236015480 435236016890
4129 4537 -1530 435236015480 435236017010
4129 6041 -7170 435236015480 435236022650
4129 6073 -7290 435236015480 435236022770
4129 6081 -7320 435236015480 435236022800
4131 6328 -8235 435236015480 435236023715
4132 4181 -195 435236015480 435236015675
4132 4356 -840 435236015480 435236016320
4132 6287 -8085 435236015480 435236023565
4133 4181 -180 435236015495 435236015675
4133 4193 -225 435236015495 435236015720
4133 4198 -240 435236015495 435236015735
4134 4318 -690 435236015495 435236016185
4134 4342 -780 435236015495 435236016275
4134 4382 -930 435236015495 435236016425
4136 4181 -180 435236015495 435236015675
4137 4313 -660 435236015510 435236016170
4137 4457 -1200 435236015510 435236016710
4137 4465 -1230 435236015510 435236016740
4137 4505 -1380 435236015510 435236016890
4137 5001 -3240 435236015510 435236018750
4137 5233 -4110 435236015510 435236019620
4137 6081 -7290 435236015510 435236022800
4137 6109 -7395 435236015510 435236022905
4138 6304 -8115 435236015510 435236023625
4140 4181 -165 435236015510 435236015675
4140 4189 -195 435236015510 435236015705
4140 4443 -1140 435236015510 435236016650
4140 4452 -1170 435236015510 435236016680
4140 6287 -8055 435236015510 435236023565
4141 4193 -195 435236015525 435236015720
4141 4198 -210 435236015525 435236015735
4141 4293 -570 435236015525 435236016095
4141 4450 -1155 435236015525 435236016680
4142 4334 -720 435236015525 435236016245
4143 4466 -1215 435236015525 435236016740
4144 4312 -630 435236015525 435236016155
4145 4441 -1110 435236015540 435236016650
4145 4537 -1470 435236015540 435236017010
4145 4625 -1800 435236015540 435236017340
4145 6049 -7140 435236015540 435236022680
4146 4191 -165 435236015540 435236015705
4148 4189 -165 435236015540 435236015705
4148 4348 -750 435236015540 435236016290
4148 4452 -1140 435236015540 435236016680
4149 4193 -165 435236015555 435236015720
4149 4198 -180 435236015555 435236015735
4150 4244 -345 435236015555 435236015900
4151 4193 -165 435236015555 435236015720
4152 4197 -180 435236015555 435236015735
4152 4205 -210 435236015555 435236015765
4152 4213 -240 435236015555 435236015795
4153 4473 -1200 435236015570 435236016770
4153 4977 -3090 435236015570 435236018660
4153 6025 -7020 435236015570 435236022590
4156 4371 -810 435236015570 435236016380
4156 4379 -840 435236015570 435236016410
4156 4435 -1050 435236015570 435236016620
4156 4480 -1215 435236015570 435236016785
4156 4988 -3120 435236015570 435236018690
4156 6126 -7395 435236015570 435236022965
4156 6142 -7455 435236015570 435236023025
4157 4277 -450 435236015585 435236016035
4157 4333 -660 435236015585 435236016245
4157 4477 -1200 435236015585 435236016785
4157 4997 -3150 435236015585 435236018735
4158 4286 -480 435236015585 435236016065
4158 4294 -510 435236015585 435236016095
4161 4465 -1140 435236015600 435236016740
4162 4354 -720 435236015600 435236016320
4162 4370 -780 435236015600 435236016380
4162 4378 -810 435236015600 435236016410
4163 5539 -5160 435236015600 435236020760
4164 4348 -690 435236015600 435236016290
4164 4356 -720 435236015600 435236016320
4164 4379 -810 435236015600 435236016410
4164 4412 -930 435236015600 435236016530
4164 4435 -1020 435236015600 435236016620
4164 4484 -1200 435236015600 435236016800
4164 4488 -1215 435236015600 435236016815
4165 4431 -990 435236015615 435236016605
4165 4469 -1140 435236015615 435236016755
4166 5894 -6480 435236015615 435236022095
4166 6014 -6930 435236015615 435236022545
4166 6054 -7080 435236015615 435236022695
4167 4216 -180 435236015615 435236015795
4167 5154 -3705 435236015615 435236019320
4168 6291 -7965 435236015615 435236023580
4169 4457 -1080 435236015630 435236016710
4169 5273 -4140 435236015630 435236019770
4170 4370 -750 435236015630 435236016380
4172 4348 -660 435236015630 435236016290
4173 4254 -300 435236015645 435236015945
4173 6077 -7140 435236015645 435236022785
4175 4224 -180 435236015645 435236015825
4176 4221 -180 435236015645 435236015825
4176 5197 -3840 435236015645 435236019485
4177 4241 -240 435236015660 435236015900
4178 4235 -210 435236015660 435236015870
4179 5630 -5445 435236015660 435236021105
4180 6323 -8040 435236015660 435236023700
4181 4238 -210 435236015675 435236015885
4181 4311 -480 435236015675 435236016155
4181 4319 -510 435236015675 435236016185
4181 4549 -1380 435236015675 435236017055
4181 4973 -2970 435236015675 435236018645
4181 6128 -7290 435236015675 435236022965
4181 6332 -8055 435236015675 435236023730
4182 4245 -240 435236015675 435236015915
4183 4235 -195 435236015675 435236015870
4183 4240 -210 435236015675 435236015885
4184 4229 -180 435236015675 435236015855
4184 5563 -5175 435236015675 435236020850
4184 6283 -7875 435236015675 435236023550
4185 4233 -180 435236015690 435236015870
4185 4433 -930 435236015690 435236016620
4187 4232 -165 435236015690 435236015855
4187 6125 -7275 435236015690 435236022965
4188 6051 -6990 435236015690 435236022680
4189 6336 -8040 435236015705 435236023745
4189 6347 -8085 435236015705 435236023790
4190 4262 -270 435236015705 435236015975
4190 4914 -2715 435236015705 435236018420
4191 4235 -165 435236015705 435236015870
4193 4241 -180 435236015720 435236015900
4193 4246 -195 435236015720 435236015915
4193 4433 -900 435236015720 435236016620
4196 5563 -5130 435236015720 435236020850
4197 6331 -7995 435236015735 435236023730
4198 4243 -165 435236015735 435236015900
4198 6124 -7215 435236015735 435236022950
4205 5045 -3150 435236015765 435236018915
4206 4493 -1080 435236015765 435236016845
4206 4501 -1110 435236015765 435236016875
4209 4433 -840 435236015780 435236016620
4209 5225 -3810 435236015780 435236019590
4209 5817 -6030 435236015780 435236021810
4211 4268 -210 435236015780 435236015990
4212 5650 -5400 435236015780 435236021180
4213 4916 -2625 435236015795 435236018420
4213 5831 -6060 435236015795 435236021855
4213 6275 -7725 435236015795 435236023520
4215 5515 -4875 435236015795 435236020670
4215 6233 -7575 435236015795 435236023370
4217 4393 -660 435236015810 435236016470
4217 4409 -720 435236015810 435236016530
4217 4537 -1200 435236015810 435236017010
4217 5225 -3780 435236015810 435236019590
4219 4401 -690 435236015810 435236016500
4220 4821 -2265 435236015810 435236018075
4222 6332 -7905 435236015825 435236023730
4223 4463 -900 435236015825 435236016725
4224 4526 -1140 435236015825 435236016965
4225 4353 -480 435236015840 435236016320
4225 4465 -900 435236015840 435236016740
4225 5305 -4050 435236015840 435236019890
4225 5705 -5550 435236015840 435236021390
4226 4290 -240 435236015840 435236016080
4226 4482 -960 435236015840 435236016800
4227 4337 -420 435236015840 435236016260
4227 4389 -615 435236015840 435236016455
4228 6355 -7980 435236015840 435236023820
4230 4274 -165 435236015855 435236016020
4230 4282 -195 435236015855 435236016050
4230 4311 -300 435236015855 435236016155
4230 4394 -615 435236015855 435236016470
4232 4358 -480 435236015855 435236016335
4233 4465 -870 435236015870 435236016740
4233 4513 -1050 435236015870 435236016920
4233 4521 -1080 435236015870 435236016950
4234 4463 -855 435236015870 435236016725
4234 6255 -7575 435236015870 435236023445
4236 5638 -5265 435236015870 435236021135
4238 4303 -240 435236015885 435236016125
4239 4309 -270 435236015885 435236016155
4241 4345 -390 435236015900 435236016290
4241 4385 -540 435236015900 435236016440
4241 4409 -630 435236015900 435236016530
4242 4308 -240 435236015900 435236016140
4242 4539 -1110 435236015900 435236017010
4242 4619 -1410 435236015900 435236017310
4242 5975 -6495 435236015900 435236022395
4242 6051 -6780 435236015900 435236022680
4242 6096 -6945 435236015900 435236022845
4244 4473 -870 435236015900 435236016770
4246 4450 -765 435236015915 435236016680
4249 4297 -180 435236015930 435236016110
4249 4409 -600 435236015930 435236016530
4249 5209 -3600 435236015930 435236019530
4249 5289 -3900 435236015930 435236019830
4250 4319 -255 435236015930 435236016185
4250 4483 -870 435236015930 435236016800
4250 5975 -6465 435236015930 435236022395
4252 4337 -330 435236015930 435236016260
4252 6246 -7485 435236015930 435236023415
4254 4319 -240 435236015945 435236016185
4254 4343 -330 435236015945 435236016275
4254 4346 -345 435236015945 435236016290
4255 4300 -165 435236015945 435236016110
4255 4301 -180 435236015945 435236016125
4255 5251 -3735 435236015945 435236019680
4257 4377 -450 435236015960 435236016410
4257 5289 -3870 435236015960 435236019830
4261 4366 -390 435236015975 435236016365
4262 4313 -195 435236015975 435236016170
4263 4424 -600 435236015975 435236016575
4265 4409 -540 435236015990 435236016530
4266 4314 -180 435236015990 435236016170
4266 4319 -195 435236015990 435236016185
4266 4322 -210 435236015990 435236016200
4266 4346 -300 435236015990 435236016290
4266 4367 -375 435236015990 435236016365
4270 4334 -240 435236016005 435236016245
4271 4319 -180 435236016005 435236016185
4271 4322 -195 435236016005 435236016200
4271 4351 -300 435236016005 435236016305
4271 4367 -360 435236016005 435236016365
4273 4409 -510 435236016020 435236016530
4273 5209 -3510 435236016020 435236019530
4274 4346 -270 435236016020 435236016290
4274 4354 -300 435236016020 435236016320
4276 4532 -960 435236016020 435236016980
4277 4324 -165 435236016035 435236016200
4277 4333 -210 435236016035 435236016245
4278 4326 -180 435236016035 435236016215
4278 4366 -330 435236016035 435236016365
4278 4406 -480 435236016035 435236016515
4279 4341 -240 435236016035 435236016275
4281 4393 -420 435236016050 435236016470
4282 4346 -240 435236016050 435236016290
4282 4354 -270 435236016050 435236016320
4283 4340 -210 435236016050 435236016260
4285 4333 -180 435236016065 435236016245
4285 4824 -2010 435236016065 435236018075
4285 4984 -2610 435236016065 435236018675
4286 4358 -270 435236016065 435236016335
4286 4390 -390 435236016065 435236016455
4287 4340 -195 435236016065 435236016260
4287 4349 -240 435236016065 435236016305
4287 4354 -255 435236016065 435236016320
4287 4359 -270 435236016065 435236016335
4289 4353 -240 435236016080 435236016320
4289 4393 -390 435236016080 435236016470
4290 4338 -180 435236016080 435236016260
4290 4349 -225 435236016080 435236016305
4290 4354 -240 435236016080 435236016320
4290 4362 -270 435236016080 435236016350
4291 4344 -195 435236016080 435236016275
4291 4352 -225 435236016080 435236016305
4291 4360 -255 435236016080 435236016335
4291 4379 -330 435236016080 435236016410
4291 4404 -420 435236016080 435236016500
4291 4420 -480 435236016080 435236016560
4292 4379 -330 435236016080 435236016410
4293 4941 -2430 435236016095 435236018525
4294 4401 -405 435236016095 435236016500
4295 4348 -195 435236016095 435236016290
4295 4404 -405 435236016095 435236016500
4295 4431 -510 435236016095 435236016605
4295 4493 -750 435236016095 435236016845
4295 4904 -2280 435236016095 435236018375
4295 5004 -2655 435236016095 435236018750
4295 6295 -7500 435236016095 435236023595
4297 4345 -180 435236016110 435236016290
4297 5209 -3420 435236016110 435236019530
4298 4346 -180 435236016110 435236016290
4299 4344 -165 435236016110 435236016275
4299 4379 -300 435236016110 435236016410
4299 4404 -390 435236016110 435236016500
4301 5967 -6240 435236016125 435236022365
4301 5975 -6270 435236016125 435236022395
4301 5983 -6300 435236016125 435236022425
4302 4382 -300 435236016125 435236016425
4302 4390 -330 435236016125 435236016455
4303 4351 -180 435236016125 435236016305
4305 5209 -3390 435236016140 435236019530
4306 4370 -240 435236016140 435236016380
4308 4415 -405 435236016140 435236016545
4308 4424 -435 435236016140 435236016575
4309 4517 -780 435236016155 435236016935
4310 4358 -180 435236016155 435236016335
4311 4367 -210 435236016155 435236016365
4313 5217 -3390 435236016170 435236019560
4314 4362 -180 435236016170 435236016350
4315 4451 -510 435236016170 435236016680
4316 4556 -900 435236016170 435236017070
4318 4366 -180 435236016185 435236016365
4319 4367 -180 435236016185 435236016365
4321 4385 -240 435236016200 435236016440
4321 4409 -330 435236016200 435236016530
4323 4451 -480 435236016200 435236016680
4323 4459 -510 435236016200 435236016710
4323 4723 -1500 435236016200 435236017700
4324 4396 -270 435236016200 435236016470
4324 4412 -330 435236016200 435236016530
4324 4460 -510 435236016200 435236016710
4324 4464 -525 435236016200 435236016725
4324 4868 -2040 435236016200 435236018240
4324 5020 -2610 435236016200 435236018810
4324 6044 -6450 435236016200 435236022650
4324 6320 -7485 435236016200 435236023685
4324 6344 -7575 435236016200 435236023775
4326 4390 -240 435236016215 435236016455
4326 4409 -315 435236016215 435236016530
4328 4379 -195 435236016215 435236016410
4328 4404 -285 435236016215 435236016500
4328 4456 -480 435236016215 435236016695
4332 4404 -270 435236016230 435236016500
4332 4412 -300 435236016230 435236016530
4333 4430 -360 435236016245 435236016605
4333 4438 -390 435236016245 435236016635
4333 6076 -6525 435236016245 435236022770
4333 6316 -7425 435236016245 435236023670
4336 4408 -270 435236016245 435236016515
4337 4385 -180 435236016260 435236016440
4337 4393 -210 435236016260 435236016470
4337 5209 -3270 435236016260 435236019530
4337 5233 -3360 435236016260 435236019620
4337 5865 -5730 435236016260 435236021990
4338 4930 -2220 435236016260 435236018480
4339 4411 -270 435236016260 435236016530
4340 4412 -270 435236016260 435236016530
4340 4493 -585 435236016260 435236016845
4341 4397 -210 435236016275 435236016485
4342 4390 -180 435236016275 435236016455
4342 4401 -225 435236016275 435236016500
4345 4409 -240 435236016290 435236016530
4346 4413 -255 435236016290 435236016545
4346 4454 -405 435236016290 435236016695
4346 6275 -7230 435236016290 435236023520
4347 4396 -180 435236016290 435236016470
4347 4492 -540 435236016290 435236016830
4348 4396 -180 435236016290 435236016470
4348 4493 -555 435236016290 435236016845
4348 6044 -6360 435236016290 435236022650
4349 4397 -180 435236016305 435236016485
4351 4397 -180 435236016305 435236016485
4352 4412 -225 435236016305 435236016530
4352 4480 -480 435236016305 435236016785
4353 4401 -180 435236016320 435236016500
4353 4409 -210 435236016320 435236016530
4354 4402 -180 435236016320 435236016500
4354 4409 -210 435236016320 435236016530
4354 6272 -7185 435236016320 435236023505
4354 6275 -7200 435236016320 435236023520
4355 4403 -180 435236016320 435236016500
4355 4419 -240 435236016320 435236016560
4355 4496 -525 435236016320 435236016845
4356 4412 -210 435236016320 435236016530
4356 4420 -240 435236016320 435236016560
4356 4476 -450 435236016320 435236016770
4356 4480 -465 435236016320 435236016785
4356 4484 -480 435236016320 435236016800
4356 4493 -525 435236016320 435236016845
4356 4557 -765 435236016320 435236017085
4356 4888 -1995 435236016320 435236018315
4356 6287 -7245 435236016320 435236023565
4356 6328 -7395 435236016320 435236023715
4356 6360 -7515 435236016320 435236023835
4358 4401 -165 435236016335 435236016500
4358 4409 -195 435236016335 435236016530
4358 4414 -210 435236016335 435236016545
4358 4444 -315 435236016335 435236016650
4360 4404 -165 435236016335 435236016500
4360 4488 -480 435236016335 435236016815
4360 4491 -495 435236016335 435236016830
4360 4496 -510 435236016335 435236016845
4361 4409 -180 435236016350 435236016530
4361 4417 -210 435236016350 435236016560
4361 4825 -1740 435236016350 435236018090
4361 5129 -2880 435236016350 435236019230
4362 4405 -165 435236016350 435236016515
4362 4409 -180 435236016350 435236016530
4362 4418 -210 435236016350 435236016560
4363 4411 -180 435236016350 435236016530
4363 4491 -480 435236016350 435236016830
4364 4412 -180 435236016350 435236016530
4364 4492 -480 435236016350 435236016830
4364 4563 -750 435236016350 435236017100
4364 5300 -3510 435236016350 435236019860
4364 5301 -3525 435236016350 435236019875
4364 6099 -6510 435236016350 435236022860
4365 4409 -165 435236016365 435236016530
4365 4413 -180 435236016365 435236016545
4365 4418 -195 435236016365 435236016560
4365 4430 -240 435236016365 435236016605
4365 5300 -3495 435236016365 435236019860
4366 4789 -1590 435236016365 435236017955
4367 4420 -195 435236016365 435236016560
4367 5477 -4170 435236016365 435236020535
4368 4496 -480 435236016365 435236016845
4368 4500 -495 435236016365 435236016860
4369 4417 -180 435236016380 435236016560
4371 4487 -435 435236016380 435236016815
4371 4528 -585 435236016380 435236016965
4371 6312 -7275 435236016380 435236023655
4372 4500 -480 435236016380 435236016860
4372 4508 -510 435236016380 435236016890
4373 4430 -210 435236016395 435236016605
4373 4438 -240 435236016395 435236016635
4373 4448 -270 435236016395 435236016665
4373 4968 -2220 435236016395 435236018615
4374 4445 -270 435236016395 435236016665
4374 4805 -1620 435236016395 435236018015
4374 6317 -7290 435236016395 435236023685
4375 4420 -165 435236016395 435236016560
4375 5469 -4110 435236016395 435236020505
4377 4422 -165 435236016410 435236016575
4379 4464 -315 435236016410 435236016725
4379 4480 -375 435236016410 435236016785
4379 4488 -405 435236016410 435236016815
4379 4528 -555 435236016410 435236016965
4379 4824 -1665 435236016410 435236018075
4379 4939 -2100 435236016410 435236018510
4379 6295 -7185 435236016410 435236023595
4379 6312 -7245 435236016410 435236023655
4383 4939 -2085 435236016425 435236018510
4387 4436 -180 435236016440 435236016620
4387 4437 -195 435236016440 435236016635
4393 4889 -1860 435236016470 435236018330
4395 5952 -5835 435236016470 435236022305
4395 6363 -7380 435236016470 435236023850
4397 4461 -240 435236016485 435236016725
4400 5791 -5220 435236016485 435236021705
4402 4452 -180 435236016500 435236016680
4402 4840 -1635 435236016500 435236018135
4403 4451 -180 435236016500 435236016680
4403 4844 -1650 435236016500 435236018150
4404 4464 -225 435236016500 435236016725
4404 4468 -240 435236016500 435236016740
4404 4488 -315 435236016500 435236016815
4404 6303 -7125 435236016500 435236023625
4405 4464 -210 435236016515 435236016725
4405 4469 -240 435236016515 435236016755
4405 5507 -4125 435236016515 435236020640
4406 4796 -1455 435236016515 435236017970
4408 4832 -1590 435236016515 435236018105
4409 4674 -990 435236016530 435236017520
4409 4969 -2100 435236016530 435236018630
4409 6215 -6765 435236016530 435236023295
4411 4459 -180 435236016530 435236016710
4411 6291 -7050 435236016530 435236023580
4412 4468 -210 435236016530 435236016740
4412 6303 -7095 435236016530 435236023625
4413 4488 -270 435236016545 435236016815
4413 6298 -7065 435236016545 435236023610
4415 5959 -5790 435236016545 435236022335
4415 6280 -6990 435236016545 435236023535
4415 6283 -7005 435236016545 435236023550
4416 5956 -5775 435236016545 435236022320
4418 4484 -240 435236016560 435236016800
4420 6303 -7065 435236016560 435236023625
4420 6328 -7155 435236016560 435236023715
4422 4907 -1815 435236016575 435236018390
4423 4864 -1650 435236016575 435236018225
4423 5444 -3825 435236016575 435236020400
4425 4745 -1200 435236016590 435236017790
4425 5001 -2160 435236016590 435236018750
4425 5289 -3240 435236016590 435236019830
4425 5641 -4560 435236016590 435236021150
4425 5745 -4950 435236016590 435236021540
4425 5801 -5160 435236016590 435236021750
4426 5226 -3000 435236016590 435236019590
4426 5802 -5160 435236016590 435236021750
4426 6119 -6345 435236016590 435236022935
4426 6120 -6345 435236016590 435236022935
4427 5254 -3105 435236016590 435236019695
4427 5327 -3375 435236016590 435236019965
4427 5328 -3375 435236016590 435236019965
4427 5340 -3420 435236016590 435236020010
4428 5080 -2445 435236016590 435236019035
4428 5324 -3360 435236016590 435236019950
4428 5570 -4290 435236016590 435236020880
4429 4844 -1545 435236016605 435236018150
4430 4968 -2010 435236016605 435236018615
4431 4476 -165 435236016605 435236016770
4433 4489 -210 435236016620 435236016830
4433 4497 -240 435236016620 435236016860
4434 6139 -6390 435236016620 435236023010
4438 6128 -6330 435236016635 435236022965
4439 4511 -270 435236016635 435236016905
4439 4519 -300 435236016635 435236016935
4439 4540 -375 435236016635 435236017010
4439 4541 -390 435236016635 435236017025
4441 4977 -2010 435236016650 435236018660
4441 6025 -5940 435236016650 435236022590
4442 4506 -240 435236016650 435236016890
4442 5194 -2820 435236016650 435236019470
4445 4509 -240 435236016665 435236016905
4445 4981 -2010 435236016665 435236018675
4447 5277 -3120 435236016665 435236019785
4448 6139 -6345 435236016665 435236023010
4449 4529 -300 435236016680 435236016980
4449 5609 -4350 435236016680 435236021030
4450 4522 -270 435236016680 435236016950
4450 4554 -390 435236016680 435236017070
4450 4562 -420 435236016680 435236017100
4450 4570 -450 435236016680 435236017130
4450 4946 -1860 435236016680 435236018540
4450 5207 -2835 435236016680 435236019515
4453 4500 -165 435236016695 435236016860
4456 4528 -270 435236016695 435236016965
4456 5403 -3555 435236016695 435236020250
4456 5448 -3720 435236016695 435236020415
4457 4641 -690 435236016710 435236017400
4457 5001 -2040 435236016710 435236018750
4457 6089 -6120 435236016710 435236022830
4458 4533 -285 435236016710 435236016995
4458 4970 -1920 435236016710 435236018630
4458 6164 -6390 435236016710 435236023100
4460 5004 -2040 435236016710 435236018750
4461 6107 -6165 435236016725 435236022890
4462 4510 -180 435236016725 435236016905
4463 4508 -165 435236016725 435236016890
4463 4695 -870 435236016725 435236017595
4463 4899 -1635 435236016725 435236018360
4463 4970 -1905 435236016725 435236018630
4463 6108 -6165 435236016725 435236022890
4464 4528 -240 435236016725 435236016965
4465 6041 -5910 435236016740 435236022650
4466 4527 -225 435236016740 435236016965
4466 4660 -720 435236016740 435236017460
4466 4970 -1890 435236016740 435236018630
4466 6029 -5865 435236016740 435236022605
4467 4971 -1890 435236016740 435236018630
4467 4979 -1920 435236016740 435236018660
4467 5251 -2940 435236016740 435236019680
4468 4997 -1995 435236016740 435236018735
4468 5004 -2010 435236016740 435236018750
4469 4541 -270 435236016755 435236017025
4471 4517 -180 435236016755 435236016935
4471 4615 -540 435236016755 435236017295
4472 4520 -180 435236016755 435236016935
4472 4880 -1530 435236016755 435236018285
4473 4537 -240 435236016770 435236017010
4473 5209 -2760 435236016770 435236019530
4473 5737 -4740 435236016770 435236021510
4474 4522 -180 435236016770 435236016950
4474 6282 -6780 435236016770 435236023550
4475 5251 -2910 435236016770 435236019680
4475 5292 -3060 435236016770 435236019830
4476 6158 -6315 435236016770 435236023085
4477 4541 -240 435236016785 435236017025
4479 4525 -180 435236016785 435236016965
4481 4529 -180 435236016800 435236016980
4481 4537 -210 435236016800 435236017010
4481 4545 -240 435236016800 435236017040
4481 6417 -7260 435236016800 435236024060
4482 6282 -6750 435236016800 435236023550
4484 6158 -6285 435236016800 435236023085
4486 4553 -255 435236016815 435236017070
4487 4532 -165 435236016815 435236016980
4487 6290 -6765 435236016815 435236023580
4489 4537 -180 435236016830 435236017010
4489 4545 -210 435236016830 435236017040
4489 4553 -240 435236016830 435236017070
4489 6393 -7140 435236016830 435236023970
4489 6401 -7170 435236016830 435236024000
4489 6409 -7200 435236016830 435236024030
4490 6334 -6915 435236016830 435236023745
4492 4556 -240 435236016830 435236017070
4492 4564 -270 435236016830 435236017100
4492 4732 -900 435236016830 435236017730
4492 5236 -2790 435236016830 435236019620
4493 4556 -225 435236016845 435236017070
4493 4564 -255 435236016845 435236017100
4494 4538 -165 435236016845 435236017010
4497 4545 -180 435236016860 435236017040
4497 4553 -210 435236016860 435236017070
4497 4561 -240 435236016860 435236017100
4497 5001 -1890 435236016860 435236018750
4497 6393 -7110 435236016860 435236023970
4497 6401 -7140 435236016860 435236024000
4497 6409 -7170 435236016860 435236024030
4498 4970 -1770 435236016860 435236018630
4499 4556 -210 435236016860 435236017070
4500 6291 -6720 435236016860 435236023580
4501 4556 -195 435236016875 435236017070
4505 4553 -180 435236016890 435236017070
4506 4570 -240 435236016890 435236017130
4507 4556 -180 435236016890 435236017070
4508 6092 -5940 435236016890 435236022830
4516 4652 -510 435236016920 435236017430
4517 6100 -5925 435236016935 435236022860
4522 4570 -180 435236016950 435236017130
4537 4625 -330 435236017010 435236017340
4537 4649 -420 435236017010 435236017430
4537 4921 -1440 435236017010 435236018450
4548 6052 -5640 435236017040 435236022680
4549 4901 -1320 435236017055 435236018375
4549 4965 -1560 435236017055 435236018615
4553 5112 -2085 435236017070 435236019155
4554 4605 -195 435236017070 435236017265
4556 6320 -6615 435236017070 435236023685
4557 5005 -1680 435236017085 435236018765
4557 5013 -1710 435236017085 435236018795
4557 5871 -4920 435236017085 435236022005
4557 6335 -6660 435236017085 435236023745
4557 6364 -6765 435236017085 435236023850
4557 6368 -6780 435236017085 435236023865
4557 6442 -7065 435236017085 435236024150
4559 5354 -2985 435236017085 435236020070
4559 6069 -5670 435236017085 435236022755
4562 4826 -990 435236017100 435236018090
4562 5202 -2400 435236017100 435236019500
4562 5362 -3000 435236017100 435236020100
4562 6287 -6465 435236017100 435236023565
4563 5359 -2985 435236017100 435236020085
4563 5367 -3015 435236017100 435236020115
4563 5780 -4560 435236017100 435236021660
4565 4869 -1140 435236017115 435236018255
4565 6442 -7035 435236017115 435236024150
4567 4629 -240 435236017115 435236017355
4567 4637 -270 435236017115 435236017385
4568 4616 -180 435236017115 435236017295
4568 4632 -240 435236017115 435236017355
4569 4793 -840 435236017130 435236017970
4571 5335 -2865 435236017130 435236019995
4571 5367 -2985 435236017130 435236020115
4573 4813 -900 435236017145 435236018045
4576 4632 -210 435236017145 435236017355
4576 5443 -3255 435236017145 435236020400
4577 4809 -870 435236017160 435236018030
4577 5153 -2160 435236017160 435236019320
4579 4636 -210 435236017160 435236017370
4579 5668 -4080 435236017160 435236021240
4581 5128 -2040 435236017175 435236019215
4581 5136 -2070 435236017175 435236019245
4581 5149 -2130 435236017175 435236019305
4583 5037 -1710 435236017175 435236018885
4584 5443 -3225 435236017175 435236020400
4585 5153 -2130 435236017190 435236019320
4585 5161 -2160 435236017190 435236019350
4586 4714 -480 435236017190 435236017670
4587 5668 -4050 435236017190 435236021240
4589 5039 -1680 435236017205 435236018885
4589 5055 -1740 435236017205 435236018945
4589 5063 -1770 435236017205 435236018975
4589 5157 -2130 435236017205 435236019335
4591 5037 -1680 435236017205 435236018885
4591 5045 -1710 435236017205 435236018915
4593 4817 -840 435236017220 435236018060
4594 5563 -3630 435236017220 435236020850
4594 5567 -3645 435236017220 435236020865
4595 5016 -1575 435236017220 435236018795
4595 5024 -1605 435236017220 435236018825
4595 5032 -1635 435236017220 435236018855
4595 5192 -2235 435236017220 435236019455
4597 5157 -2100 435236017235 435236019335
4597 5165 -2130 435236017235 435236019365
4599 5037 -1650 435236017235 435236018885
4599 5631 -3870 435236017235 435236021105
4599 5639 -3900 435236017235 435236021135
4599 5642 -3915 435236017235 435236021150
4600 5064 -1740 435236017235 435236018975
4600 5427 -3105 435236017235 435236020340
4601 4785 -690 435236017250 435236017940
4601 4801 -750 435236017250 435236018000
4602 4666 -240 435236017250 435236017490
4602 4690 -330 435236017250 435236017580
4602 4714 -420 435236017250 435236017670
4602 5541 -3525 435236017250 435236020775
4603 5028 -1590 435236017250 435236018840
4605 5173 -2130 435236017265 435236019395
4605 5181 -2160 435236017265 435236019425
4606 4782 -660 435236017265 435236017925
4607 5893 -4830 435236017265 435236022095
4607 5967 -5100 435236017265 435236022365
4607 5983 -5160 435236017265 435236022425
4608 5040 -1620 435236017265 435236018885
4609 4673 -240 435236017280 435236017520
4609 4993 -1440 435236017280 435236018720
4609 5025 -1560 435236017280 435236018840
4609 5041 -1620 435236017280 435236018900
4609 5057 -1680 435236017280 435236018960
4609 5185 -2160 435236017280 435236019440
4609 5737 -4230 435236017280 435236021510
4609 5817 -4530 435236017280 435236021810
4609 5825 -4560 435236017280 435236021840
4611 4971 -1350 435236017280 435236018630
4611 5251 -2400 435236017280 435236019680
4614 4694 -300 435236017295 435236017595
4614 4710 -360 435236017295 435236017655
4614 4718 -390 435236017295 435236017685
4614 4998 -1440 435236017295 435236018735
4615 4671 -210 435236017295 435236017505
4615 4679 -240 435236017295 435236017535
4615 5893 -4800 435236017295 435236022095
4616 5016 -1500 435236017295 435236018795
4616 5032 -1560 435236017295 435236018855
4617 4697 -300 435236017310 435236017610
4617 4745 -480 435236017310 435236017790
4617 5033 -1560 435236017310 435236018870
4617 5041 -1590 435236017310 435236018900
4617 5105 -1830 435236017310 435236019140
4617 5641 -3840 435236017310 435236021150
4618 4682 -240 435236017310 435236017550
4619 5659 -3900 435236017310 435236021210
4619 5893 -4785 435236017310 435236022095
4622 4694 -270 435236017325 435236017595
4622 4702 -300 435236017325 435236017625
4622 4710 -330 435236017325 435236017655
4622 4718 -360 435236017325 435236017685
4623 4671 -180 435236017325 435236017505
4625 4721 -360 435236017340 435236017700
4625 4729 -390 435236017340 435236017730
4625 4753 -480 435236017340 435236017820
4625 4985 -1350 435236017340 435236018690
4627 5967 -5025 435236017340 435236022365
4627 5983 -5085 435236017340 435236022425
4628 5268 -2400 435236017340 435236019740
4630 4702 -270 435236017355 435236017625
4631 4695 -240 435236017355 435236017595
4631 4709 -300 435236017355 435236017655
4632 5008 -1410 435236017355 435236018765
4632 5259 -2355 435236017355 435236019710
4633 4705 -270 435236017370 435236017640
4635 5999 -5115 435236017370 435236022485
4637 4709 -270 435236017385 435236017655
4637 5277 -2400 435236017385 435236019785
4637 6061 -5340 435236017385 435236022725
4638 4702 -240 435236017385 435236017625
4638 4710 -270 435236017385 435236017655
4638 4718 -300 435236017385 435236017685
4639 4693 -210 435236017385 435236017595
4639 4717 -300 435236017385 435236017685
4639 5500 -3225 435236017385 435236020610
4640 5595 -3585 435236017385 435236020970
4640 6072 -5370 435236017385 435236022755
4641 5113 -1770 435236017400 435236019170
4641 5161 -1950 435236017400 435236019350
4642 4686 -165 435236017400 435236017565
4642 4690 -180 435236017400 435236017580
4642 4694 -195 435236017400 435236017595
4643 4692 -180 435236017400 435236017580
4643 4716 -270 435236017400 435236017670
4644 5259 -2310 435236017400 435236019710
4645 4709 -240 435236017415 435236017655
4645 5221 -2160 435236017415 435236019575
4645 5277 -2370 435236017415 435236019785
4645 6069 -5340 435236017415 435236022755
4646 4694 -180 435236017415 435236017595
4646 4710 -240 435236017415 435236017655
4646 4718 -270 435236017415 435236017685
4647 4693 -180 435236017415 435236017595
4647 5555 -3405 435236017415 435236020820
4649 4721 -270 435236017430 435236017700
4650 4694 -165 435236017430 435236017595
4650 4697 -180 435236017430 435236017610
4650 4718 -255 435236017430 435236017685
4650 4726 -285 435236017430 435236017715
4651 4716 -240 435236017430 435236017670
4652 5547 -3360 435236017430 435236020790
4652 6092 -5400 435236017430 435236022830
4653 4717 -240 435236017445 435236017685
4654 4697 -165 435236017445 435236017610
4654 4705 -195 435236017445 435236017640
4655 5563 -3405 435236017445 435236020850
4657 4721 -240 435236017460 435236017700
4657 4729 -270 435236017460 435236017730
4657 5121 -1740 435236017460 435236019200
4659 4716 -210 435236017460 435236017670
4660 5547 -3330 435236017460 435236020790
4660 5560 -3375 435236017460 435236020835
4661 5277 -2310 435236017475 435236019785
4665 4721 -210 435236017490 435236017700
4665 4729 -240 435236017490 435236017730
4665 4745 -300 435236017490 435236017790
4666 4714 -180 435236017490 435236017670
4671 4733 -240 435236017505 435236017745
4673 4737 -240 435236017520 435236017760
4673 4745 -270 435236017520 435236017790
4674 4954 -1050 435236017520 435236018570
4676 5277 -2265 435236017520 435236019785
4677 4733 -210 435236017535 435236017745
4678 4734 -210 435236017535 435236017745
4679 4733 -210 435236017535 435236017745
4681 4737 -210 435236017550 435236017760
4681 4745 -240 435236017550 435236017790
4681 5241 -2100 435236017550 435236019650
4682 4729 -180 435236017550 435236017730
4682 4734 -195 435236017550 435236017745
4686 4734 -180 435236017565 435236017745
4687 4733 -180 435236017565 435236017745
4689 4737 -180 435236017580 435236017760
4691 4740 -180 435236017580 435236017760
4693 5482 -2955 435236017595 435236020550
4694 4742 -180 435236017595 435236017775
4694 4750 -210 435236017595 435236017805
4697 4745 -180 435236017610 435236017790
4697 4753 -210 435236017610 435236017820
4698 4746 -180 435236017610 435236017790
4698 4765 -255 435236017610 435236017865
4698 4766 -255 435236017610 435236017865
4702 4758 -210 435236017625 435236017835
4702 4761 -225 435236017625 435236017850
4702 4765 -240 435236017625 435236017865
4703 4757 -210 435236017625 435236017835
4706 4765 -225 435236017640 435236017865
4706 5546 -3150 435236017640 435236020790
4707 5354 -2430 435236017640 435236020070
4707 5362 -2460 435236017640 435236020100
4710 4761 -195 435236017655 435236017850
4712 5859 -4305 435236017655 435236021960
4712 5876 -4365 435236017655 435236022020
4713 4761 -180 435236017670 435236017850
4713 4765 -195 435236017670 435236017865
4719 5271 -2070 435236017685 435236019755
4719 5354 -2385 435236017685 435236020070
4719 5389 -2520 435236017685 435236020205
4721 4777 -210 435236017700 435236017910
4721 4785 -240 435236017700 435236017940
4722 5286 -2115 435236017700 435236019815
4728 5851 -4215 435236017715 435236021930
4729 4777 -180 435236017730 435236017910
4729 5177 -1680 435236017730 435236019410
4729 5281 -2070 435236017730 435236019800
4729 5289 -2100 435236017730 435236019830
4732 4787 -210 435236017730 435236017940
4735 4788 -195 435236017745 435236017940
4735 4950 -810 435236017745 435236018555
4735 6268 -5745 435236017745 435236023490
4736 4853 -450 435236017745 435236018195
4737 4793 -210 435236017760 435236017970
4737 4961 -840 435236017760 435236018600
4737 5313 -2160 435236017760 435236019920
4738 5226 -1830 435236017760 435236019590
4739 4793 -210 435236017760 435236017970
4739 4841 -390 435236017760 435236018150
4740 4787 -180 435236017760 435236017940
4742 5086 -1290 435236017775 435236019065
4744 5418 -2535 435236017775 435236020310
4745 5289 -2040 435236017790 435236019830
4745 5313 -2130 435236017790 435236019920
4747 5437 -2595 435236017790 435236020385
4749 4965 -810 435236017805 435236018615
4750 4797 -180 435236017805 435236017985
4750 4811 -225 435236017805 435236018030
4751 4798 -180 435236017805 435236017985
4753 5297 -2040 435236017820 435236019860
4759 4816 -210 435236017835 435236018045
4759 5430 -2520 435236017835 435236020355
4761 5201 -1650 435236017850 435236019500
4765 5146 -1425 435236017865 435236019290
4765 5340 -2145 435236017865 435236020010
4765 5870 -4140 435236017865 435236022005
4773 5079 -1140 435236017895 435236019035
4773 5646 -3270 435236017895 435236021165
4777 4833 -210 435236017910 435236018120
4779 5202 -1590 435236017910 435236019500
4780 4941 -615 435236017910 435236018525
4780 5278 -1875 435236017910 435236019785
4780 5286 -1905 435236017910 435236019815
4780 5318 -2025 435236017910 435236019935
4780 5325 -2055 435236017910 435236019965
4780 5348 -2130 435236017910 435236020040
4783 5482 -2625 435236017925 435236020550
4786 5078 -1095 435236017940 435236019035
4786 5567 -2925 435236017940 435236020865
4787 5888 -4125 435236017940 435236022065
4788 5278 -1845 435236017940 435236019785
4788 5325 -2025 435236017940 435236019965
4788 5332 -2040 435236017940 435236019980
4788 5333 -2055 435236017940 435236019995
4788 5340 -2070 435236017940 435236020010
4789 5333 -2040 435236017955 435236019995
4792 5831 -3900 435236017955 435236021855
4794 4898 -390 435236017970 435236018360
4794 5490 -2610 435236017970 435236020580
4797 4841 -165 435236017985 435236018150
4797 5025 -855 435236017985 435236018840
4797 5333 -2010 435236017985 435236019995
4799 5554 -2835 435236017985 435236020820
4799 5566 -2880 435236017985 435236020865
4800 5186 -1455 435236017985 435236019440
4800 5570 -2895 435236017985 435236020880
4800 5582 -2940 435236017985 435236020925
4800 5598 -3000 435236017985 435236020985
4800 5602 -3015 435236017985 435236021000
4800 5662 -3240 435236017985 435236021225
4801 5417 -2310 435236018000 435236020310
4802 4882 -300 435236018000 435236018300
4802 4902 -375 435236018000 435236018375
4802 5554 -2820 435236018000 435236020820
4803 4887 -315 435236018000 435236018315
4803 5559 -2835 435236018000 435236020835
4804 4940 -510 435236018000 435236018510
4804 5613 -3045 435236018000 435236021045
4805 5325 -1950 435236018015 435236019965
4805 5570 -2865 435236018015 435236020880
4807 5442 -2385 435236018015 435236020400
4807 5566 -2850 435236018015 435236020865
4807 5666 -3225 435236018015 435236021240
4808 5290 -1815 435236018015 435236019830
4810 4858 -180 435236018030 435236018210
4810 4874 -240 435236018030 435236018270
4810 4882 -270 435236018030 435236018300
4811 5654 -3165 435236018030 435236021195
4811 5672 -3225 435236018030 435236021255
4811 6110 -4875 435236018030 435236022905
4812 5146 -1260 435236018030 435236019290
4812 5613 -3015 435236018030 435236021045
4813 5613 -3000 435236018045 435236021045
4815 5330 -1935 435236018045 435236019980
4815 5338 -1965 435236018045 435236020010
4815 5407 -2220 435236018045 435236020265
4815 5442 -2355 435236018045 435236020400
4815 5506 -2595 435236018045 435236020640
4815 5567 -2820 435236018045 435236020865
4816 6395 -5925 435236018045 435236023970
4818 5338 -1950 435236018060 435236020010
4818 5418 -2250 435236018060 435236020310
4818 5429 -2295 435236018060 435236020355
4818 5453 -2385 435236018060 435236020445
4818 6434 -6060 435236018060 435236024120
4819 5336 -1935 435236018060 435236019995
4819 5516 -2610 435236018060 435236020670
4820 5964 -4290 435236018060 435236022350
4822 5314 -1845 435236018075 435236019920
4822 5398 -2160 435236018075 435236020235
4822 5406 -2190 435236018075 435236020265
4822 5414 -2220 435236018075 435236020295
4822 5422 -2250 435236018075 435236020325
4822 5430 -2280 435236018075 435236020355
4822 5454 -2370 435236018075 435236020445
4823 5021 -750 435236018075 435236018825
4823 5389 -2130 435236018075 435236020205
4823 5407 -2190 435236018075 435236020265
4823 5428 -2265 435236018075 435236020340
4826 5418 -2220 435236018090 435236020310
4826 5429 -2265 435236018090 435236020355
4826 5501 -2535 435236018090 435236020625
4827 6384 -5835 435236018090 435236023925
4828 6360 -5745 435236018090 435236023835
4830 5406 -2160 435236018105 435236020265
4830 5414 -2190 435236018105 435236020295
4830 5422 -2220 435236018105 435236020325
4830 5454 -2340 435236018105 435236020445
4831 5343 -1920 435236018105 435236020025
4833 5625 -2970 435236018120 435236021090
4833 5969 -4260 435236018120 435236022380
4834 4879 -165 435236018120 435236018285
4834 4882 -180 435236018120 435236018300
4838 5356 -1935 435236018135 435236020070
4839 4967 -480 435236018135 435236018615
4839 5396 -2085 435236018135 435236020220
4841 5593 -2820 435236018150 435236020970
4843 6240 -5235 435236018150 435236023385
4843 6287 -5415 435236018150 435236023565
4843 6373 -5745 435236018150 435236023895
4843 6430 -5955 435236018150 435236024105
4844 5908 -3990 435236018150 435236022140
4846 5414 -2130 435236018165 435236020295
4847 5275 -1605 435236018165 435236019770
4847 5288 -1650 435236018165 435236019815
4847 5351 -1890 435236018165 435236020055
4847 5389 -2040 435236018165 435236020205
4849 5025 -660 435236018180 435236018840
4849 5737 -3330 435236018180 435236021510
4850 5338 -1830 435236018180 435236020010
4853 5396 -2025 435236018195 435236020220
4854 5406 -2070 435236018195 435236020265
4856 4984 -480 435236018195 435236018675
4856 6299 -5415 435236018195 435236023610
4857 6265 -5280 435236018210 435236023490
4859 5367 -1905 435236018210 435236020115
4861 5331 -1755 435236018225 435236019980
4863 4941 -300 435236018225 435236018525
4863 6164 -4875 435236018225 435236023100
4864 4939 -285 435236018225 435236018510
4864 4947 -315 435236018225 435236018540
4867 6147 -4800 435236018240 435236023040
4869 6172 -4875 435236018255 435236023130
4870 4917 -180 435236018255 435236018435
4870 4941 -270 435236018255 435236018525
4870 5282 -1545 435236018255 435236019800
4870 5298 -1605 435236018255 435236019860
4870 5414 -2040 435236018255 435236020295
4872 4923 -195 435236018255 435236018450
4872 5491 -2325 435236018255 435236020580
4872 5536 -2490 435236018255 435236020745
4874 4929 -210 435236018270 435236018480
4874 5302 -1605 435236018270 435236019875
4876 4931 -210 435236018270 435236018480
4876 4968 -345 435236018270 435236018615
4876 5536 -2475 435236018270 435236020745
4877 5213 -1260 435236018285 435236019545
4877 6316 -5385 435236018285 435236023670
4878 5298 -1575 435236018285 435236019860
4879 4933 -210 435236018285 435236018495
4879 5294 -1560 435236018285 435236019845
4879 5296 -1560 435236018285 435236019845
4880 4964 -315 435236018285 435236018600
4881 5389 -1905 435236018300 435236020205
4881 5409 -1980 435236018300 435236020280
4882 4929 -180 435236018300 435236018480
4883 4948 -240 435236018300 435236018540
4884 4932 -180 435236018300 435236018480
4884 4944 -225 435236018300 435236018525
4884 4968 -315 435236018300 435236018615
4884 5479 -2235 435236018300 435236020535
4885 4932 -165 435236018315 435236018480
4885 6031 -4290 435236018315 435236022605
4886 5054 -630 435236018315 435236018945
4886 5298 -1545 435236018315 435236019860
4888 4965 -300 435236018315 435236018615
4888 5354 -1755 435236018315 435236020070
4889 5025 -510 435236018330 435236018840
4889 5209 -1200 435236018330 435236019530
4890 5333 -1665 435236018330 435236019995
4893 4968 -270 435236018345 435236018615
4893 6031 -4260 435236018345 435236022605
4894 5298 -1515 435236018345 435236019860
4896 5354 -1725 435236018345 435236020070
4896 5882 -3705 435236018345 435236022050
4897 5025 -480 435236018360 435236018840
4897 5290 -1470 435236018360 435236019830
4897 5337 -1650 435236018360 435236020010
4897 5345 -1680 435236018360 435236020040
4898 5291 -1470 435236018360 435236019830
4898 5566 -2505 435236018360 435236020865
4900 4952 -195 435236018360 435236018555
4900 4956 -210 435236018360 435236018570
4900 4960 -225 435236018360 435236018585
4900 4968 -255 435236018360 435236018615
4900 5012 -420 435236018360 435236018780
4900 5391 -1845 435236018360 435236020205
4900 5466 -2130 435236018360 435236020490
4901 5351 -1680 435236018375 435236020055
4901 5471 -2130 435236018375 435236020505
4901 6099 -4485 435236018375 435236022860
4902 5566 -2490 435236018375 435236020865
4902 5598 -2610 435236018375 435236020985
4904 4952 -180 435236018375 435236018555
4905 5025 -450 435236018390 435236018840
4905 5321 -1560 435236018390 435236019950
4905 5577 -2520 435236018390 435236020910
4905 5593 -2580 435236018390 435236020970
4906 5566 -2475 435236018390 435236020865
4906 5570 -2490 435236018390 435236020880
4906 5590 -2565 435236018390 435236020955
4906 5598 -2595 435236018390 435236020985
4907 5668 -2850 435236018390 435236021240
4907 5970 -3990 435236018390 435236022380
4908 5396 -1830 435236018390 435236020220
4908 5471 -2115 435236018390 435236020505
4908 6120 -4545 435236018390 435236022935
4908 6332 -5340 435236018390 435236023730
4909 5290 -1425 435236018405 435236019830
4909 5298 -1455 435236018405 435236019860
4909 6147 -4635 435236018405 435236023040
4910 4958 -180 435236018405 435236018585
4910 5291 -1425 435236018405 435236019830
4911 4970 -225 435236018405 435236018630
4911 5010 -375 435236018405 435236018780
4911 5367 -1710 435236018405 435236020115
4912 4956 -165 435236018405 435236018570
4912 4964 -195 435236018405 435236018600
4912 5452 -2025 435236018405 435236020430
4912 5466 -2085 435236018405 435236020490
4912 5469 -2100 435236018405 435236020505
4913 4977 -240 435236018420 435236018660
4913 5041 -480 435236018420 435236018900
4914 4970 -210 435236018420 435236018630
4914 4974 -225 435236018420 435236018645
4914 6246 -4995 435236018420 435236023415
4915 4964 -180 435236018420 435236018600
4915 4995 -300 435236018420 435236018720
4916 5396 -1800 435236018420 435236020220
4916 5405 -1845 435236018420 435236020265
4919 4991 -270 435236018435 435236018705
4919 5021 -390 435236018435 435236018825
4919 5466 -2055 435236018435 435236020490
4919 6348 -5355 435236018435 435236023790
4920 5005 -330 435236018435 435236018765
4920 5466 -2055 435236018435 435236020490
4920 5469 -2070 435236018435 435236020505
4921 4977 -210 435236018450 435236018660
4921 5041 -450 435236018450 435236018900
4922 5277 -1335 435236018450 435236019785
4923 5005 -315 435236018450 435236018765
4924 5202 -1050 435236018450 435236019500
4924 5207 -1065 435236018450 435236019515
4924 5302 -1425 435236018450 435236019875
4925 5215 -1080 435236018465 435236019545
4925 5274 -1305 435236018465 435236019770
4925 5282 -1335 435236018465 435236019800
4925 5388 -1725 435236018465 435236020190
4927 4991 -240 435236018465 435236018705
4927 4997 -270 435236018465 435236018735
4927 4999 -270 435236018465 435236018735
4927 5005 -300 435236018465 435236018765
4927 5007 -300 435236018465 435236018765
4928 5466 -2025 435236018465 435236020490
4929 4993 -240 435236018480 435236018720
4929 5025 -360 435236018480 435236018840
4929 5033 -390 435236018480 435236018870
4929 5041 -420 435236018480 435236018900
4929 5593 -2490 435236018480 435236020970
4930 5215 -1065 435236018480 435236019545
4930 5277 -1305 435236018480 435236019785
4930 6010 -4050 435236018480 435236022530
4930 6101 -4395 435236018480 435236022875
4931 4996 -240 435236018480 435236018720
4931 5004 -270 435236018480 435236018750
4932 5474 -2040 435236018480 435236020520
4932 6019 -4080 435236018480 435236022560
4933 5290 -1335 435236018495 435236019830
4934 5001 -255 435236018495 435236018750
4935 4997 -240 435236018495 435236018735
4935 4999 -240 435236018495 435236018735
4935 5005 -270 435236018495 435236018765
4935 5007 -270 435236018495 435236018765
4935 5399 -1740 435236018495 435236020235
4935 5474 -2025 435236018495 435236020520
4937 5001 -240 435236018510 435236018750
4937 5593 -2460 435236018510 435236020970
4938 4986 -180 435236018510 435236018690
4938 6061 -4215 435236018510 435236022725
4939 4984 -165 435236018510 435236018675
4939 4987 -180 435236018510 435236018690
4939 5000 -225 435236018510 435236018735
4939 5003 -240 435236018510 435236018750
4939 5011 -270 435236018510 435236018780
4939 5536 -2235 435236018510 435236020745
4940 5258 -1200 435236018510 435236019710
4940 5274 -1260 435236018510 435236019770
4941 5522 -2175 435236018525 435236020700
4941 6156 -4545 435236018525 435236023070
4942 4990 -180 435236018525 435236018705
4942 4993 -195 435236018525 435236018720
4942 4998 -210 435236018525 435236018735
4942 5001 -225 435236018525 435236018750
4942 5009 -255 435236018525 435236018780
4943 4988 -165 435236018525 435236018690
4943 4997 -210 435236018525 435236018735
4943 5007 -240 435236018525 435236018765
4943 5015 -270 435236018525 435236018795
4943 5532 -2205 435236018525 435236020730
4945 5001 -210 435236018540 435236018750
4945 5009 -240 435236018540 435236018780
4945 5017 -270 435236018540 435236018810
4945 5025 -300 435236018540 435236018840
4945 5337 -1470 435236018540 435236020010
4945 6009 -3990 435236018540 435236022530
4946 4994 -180 435236018540 435236018720
4946 5010 -240 435236018540 435236018780
4946 5018 -270 435236018540 435236018810
4946 5026 -300 435236018540 435236018840
4946 5234 -1080 435236018540 435236019620
4948 5258 -1170 435236018540 435236019710
4948 6028 -4050 435236018540 435236022590
4949 5202 -945 435236018555 435236019500
4949 5250 -1125 435236018555 435236019680
4949 5255 -1140 435236018555 435236019695
4949 5258 -1155 435236018555 435236019710
4950 5009 -225 435236018555 435236018780
4950 5605 -2460 435236018555 435236021015
4951 5223 -1020 435236018555 435236019575
4951 5231 -1050 435236018555 435236019605
4951 5253 -1140 435236018555 435236019695
4953 5009 -210 435236018570 435236018780
4953 5025 -270 435236018570 435236018840
4954 5018 -240 435236018570 435236018810
4954 5026 -270 435236018570 435236018840
4954 5253 -1125 435236018570 435236019695
4954 5586 -2370 435236018570 435236020940
4955 5395 -1650 435236018570 435236020220
4955 5520 -2115 435236018570 435236020685
4956 5020 -240 435236018570 435236018810
4956 5250 -1110 435236018570 435236019680
4957 5247 -1080 435236018585 435236019665
4958 5033 -285 435236018585 435236018870
4958 5238 -1050 435236018585 435236019635
4959 5223 -990 435236018585 435236019575
4959 5245 -1080 435236018585 435236019665
4960 5391 -1620 435236018585 435236020205
4961 5009 -180 435236018600 435236018780
4961 5025 -240 435236018600 435236018840
4961 5033 -270 435236018600 435236018870
4961 5281 -1200 435236018600 435236019800
4962 5226 -990 435236018600 435236019590
4962 5359 -1485 435236018600 435236020085
4963 5240 -1035 435236018600 435236019635
4963 5241 -1050 435236018600 435236019650
4963 5244 -1050 435236018600 435236019650
4965 5239 -1020 435236018615 435236019635
4965 5242 -1035 435236018615 435236019650
4966 5238 -1020 435236018615 435236019635
4966 6140 -4395 435236018615 435236023010
4967 5237 -1020 435236018615 435236019635
4967 5244 -1035 435236018615 435236019650
4968 5507 -2025 435236018615 435236020640
4969 5033 -240 435236018630 435236018870
4969 5238 -1005 435236018630 435236019635
4970 5034 -240 435236018630 435236018870
4971 5228 -960 435236018630 435236019590
4971 5251 -1050 435236018630 435236019680
4971 5648 -2535 435236018630 435236021165
4972 5234 -990 435236018630 435236019620
4972 5239 -1005 435236018630 435236019635
4973 5231 -960 435236018645 435236019605
4974 5038 -240 435236018645 435236018885
4975 5247 -1020 435236018645 435236019665
4975 5975 -3750 435236018645 435236022395
4976 5254 -1050 435236018645 435236019695
4976 5520 -2040 435236018645 435236020685
4977 5033 -210 435236018660 435236018870
4977 5041 -240 435236018660 435236018900
4977 5049 -270 435236018660 435236018930
4977 5641 -2490 435236018660 435236021150
4977 6025 -3930 435236018660 435236022590
4979 5251 -1020 435236018660 435236019680
4979 5595 -2310 435236018660 435236020970
4980 6304 -4965 435236018660 435236023625
4981 5045 -240 435236018675 435236018915
4981 5231 -930 435236018675 435236019605
4983 5229 -930 435236018675 435236019605
4983 5255 -1020 435236018675 435236019695
4983 5663 -2550 435236018675 435236021225
4984 5908 -3465 435236018675 435236022140
4984 5964 -3675 435236018675 435236022350
4985 5033 -180 435236018690 435236018870
4985 5041 -210 435236018690 435236018900
4985 5049 -240 435236018690 435236018930
4987 5667 -2550 435236018690 435236021240
4988 5532 -2040 435236018690 435236020730
4989 5045 -210 435236018705 435236018915
4989 5061 -270 435236018705 435236018975
4991 5671 -2550 435236018705 435236021255
4992 5264 -1020 435236018705 435236019725
4993 6009 -3810 435236018720 435236022530
4993 6081 -4080 435236018720 435236022800
4994 5618 -2340 435236018720 435236021060
4994 5619 -2340 435236018720 435236021060
4995 5667 -2520 435236018720 435236021240
4995 5671 -2535 435236018720 435236021255
4996 5479 -1815 435236018720 435236020535
4997 5069 -270 435236018735 435236019005
4997 5199 -750 435236018735 435236019485
4997 5207 -780 435236018735 435236019515
4997 5215 -810 435236018735 435236019545
4997 5466 -1755 435236018735 435236020490
4997 5584 -2190 435236018735 435236020925
4998 5345 -1305 435236018735 435236020040
5000 5272 -1020 435236018735 435236019755
5001 5217 -810 435236018750 435236019560
5001 5225 -840 435236018750 435236019590
5001 5264 -975 435236018750 435236019725
5001 6017 -3810 435236018750 435236022560
5001 6065 -3990 435236018750 435236022740
5001 6073 -4020 435236018750 435236022770
5003 5068 -240 435236018750 435236018990
5003 5391 -1455 435236018750 435236020205
5004 5466 -1740 435236018750 435236020490
5005 5202 -735 435236018765 435236019500
5005 5207 -750 435236018765 435236019515
5005 5271 -990 435236018765 435236019755
5005 5452 -1665 435236018765 435236020430
5005 5466 -1725 435236018765 435236020490
5005 5584 -2160 435236018765 435236020925
5005 6044 -3885 435236018765 435236022650
5005 6348 -5025 435236018765 435236023790
5008 5280 -1020 435236018765 435236019785
5008 5688 -2550 435236018765 435236021315
5008 5691 -2565 435236018765 435236021330
5009 5217 -780 435236018780 435236019560
5009 5225 -810 435236018780 435236019590
5009 6009 -3750 435236018780 435236022530
5009 6017 -3780 435236018780 435236022560
5010 5197 -705 435236018780 435236019485
5010 5204 -720 435236018780 435236019500
5010 5205 -735 435236018780 435236019515
5011 5395 -1440 435236018780 435236020220
5011 5448 -1635 435236018780 435236020415
5011 5536 -1965 435236018780 435236020745
5012 5259 -930 435236018780 435236019710
5012 6344 -4995 435236018780 435236023775
5013 5199 -690 435236018795 435236019485
5013 5263 -930 435236018795 435236019725
5013 5285 -1020 435236018795 435236019815
5013 5700 -2565 435236018795 435236021360
5015 5197 -690 435236018795 435236019485
5017 5209 -720 435236018810 435236019530
5017 5241 -840 435236018810 435236019650
5017 5633 -2310 435236018810 435236021120
5018 5189 -645 435236018810 435236019455
5018 5196 -660 435236018810 435236019470
5018 5197 -675 435236018810 435236019485
5018 5204 -690 435236018810 435236019500
5018 5205 -705 435236018810 435236019515
5018 5213 -735 435236018810 435236019545
5019 5403 -1440 435236018810 435236020250
5019 5448 -1605 435236018810 435236020415
5020 5195 -660 435236018810 435236019470
5020 5460 -1650 435236018810 435236020460
5020 5479 -1725 435236018810 435236020535
5021 5167 -540 435236018825 435236019365
5021 5183 -600 435236018825 435236019425
5021 5186 -615 435236018825 435236019440
5021 5191 -630 435236018825 435236019455
5021 5194 -645 435236018825 435236019470
5021 5229 -780 435236018825 435236019605
5021 5245 -840 435236018825 435236019665
5021 6037 -3810 435236018825 435236022635
5021 6084 -3975 435236018825 435236022800
5021 6332 -4905 435236018825 435236023730
5022 5166 -540 435236018825 435236019365
5024 5411 -1455 435236018825 435236020280
5025 5073 -180 435236018840 435236019020
5025 5182 -585 435236018840 435236019425
5025 5185 -600 435236018840 435236019440
5025 5186 -600 435236018840 435236019440
5025 5209 -690 435236018840 435236019530
5025 5241 -810 435236018840 435236019650
5025 5291 -990 435236018840 435236019830
5025 5321 -1110 435236018840 435236019950
5025 5529 -1890 435236018840 435236020730
5025 5530 -1890 435236018840 435236020730
5025 5537 -1920 435236018840 435236020760
5025 5801 -2910 435236018840 435236021750
5025 5817 -2970 435236018840 435236021810
5025 6129 -4140 435236018840 435236022980
5026 5197 -645 435236018840 435236019485
5026 5204 -660 435236018840 435236019500
5026 5205 -675 435236018840 435236019515
5027 5443 -1560 435236018840 435236020400
5027 5448 -1575 435236018840 435236020415
5028 5170 -540 435236018840 435236019380
5028 5187 -600 435236018840 435236019440
5028 5191 -615 435236018840 435236019455
5029 5167 -510 435236018855 435236019365
5029 5183 -570 435236018855 435236019425
5029 5191 -600 435236018855 435236019455
5030 5182 -570 435236018855 435236019425
5031 5647 -2310 435236018855 435236021165
5031 5730 -2625 435236018855 435236021480
5033 5633 -2250 435236018870 435236021120
5033 5689 -2460 435236018870 435236021330
5033 6153 -4200 435236018870 435236023070
5035 5093 -225 435236018870 435236019095
5035 5403 -1380 435236018870 435236020250
5035 5448 -1545 435236018870 435236020415
5035 5456 -1575 435236018870 435236020445
5036 5167 -495 435236018870 435236019365
5036 5260 -840 435236018870 435236019710
5037 5183 -540 435236018885 435236019425
5037 5191 -570 435236018885 435236019455
5037 5223 -690 435236018885 435236019575
5037 5231 -720 435236018885 435236019605
5037 5245 -780 435236018885 435236019665
5037 5717 -2550 435236018885 435236021435
5038 5174 -510 435236018885 435236019395
5038 5182 -540 435236018885 435236019425
5040 5176 -510 435236018885 435236019395
5041 5174 -495 435236018900 435236019395
5041 5182 -525 435236018900 435236019425
5041 5193 -570 435236018900 435236019470
5041 5249 -780 435236018900 435236019680
5041 5291 -930 435236018900 435236019830
5041 5321 -1050 435236018900 435236019950
5041 5857 -3060 435236018900 435236021960
5041 6025 -3690 435236018900 435236022590
5041 6121 -4050 435236018900 435236022950
5041 6141 -4125 435236018900 435236023025
5043 5085 -165 435236018900 435236019065
5043 5093 -195 435236018900 435236019095
5043 5464 -1575 435236018900 435236020475
5044 5171 -480 435236018900 435236019380
5044 5618 -2160 435236018900 435236021060
5045 5178 -495 435236018915 435236019410
5045 5186 -525 435236018915 435236019440
5045 5618 -2145 435236018915 435236021060
5046 5174 -480 435236018915 435236019395
5046 5182 -510 435236018915 435236019425
5046 5551 -1890 435236018915 435236020805
5047 5213 -630 435236018915 435236019545
5048 5419 -1395 435236018915 435236020310
5049 5185 -510 435236018930 435236019440
5049 5201 -570 435236018930 435236019500
5049 5209 -600 435236018930 435236019530
5049 6249 -4500 435236018930 435236023430
5051 6429 -5175 435236018930 435236024105
5052 5677 -2355 435236018930 435236021285
5053 5159 -390 435236018945 435236019335
5053 5269 -810 435236018945 435236019755
5053 5669 -2310 435236018945 435236021255
5056 5419 -1365 435236018945 435236020310
5056 5427 -1395 435236018945 435236020340
5057 5209 -570 435236018960 435236019530
5057 5617 -2100 435236018960 435236021060
5058 5124 -240 435236018960 435236019200
5059 5173 -435 435236018960 435236019395
5061 5138 -285 435236018975 435236019260
5061 5159 -360 435236018975 435236019335
5065 5129 -240 435236018990 435236019230
5065 5209 -540 435236018990 435236019530
5065 5217 -570 435236018990 435236019560
5065 5225 -600 435236018990 435236019590
5067 5115 -180 435236018990 435236019170
5068 5532 -1740 435236018990 435236020730
5069 5126 -210 435236019005 435236019215
5070 5133 -240 435236019005 435236019245
5071 5115 -165 435236019005 435236019170
5071 5120 -180 435236019005 435236019185
5071 5149 -300 435236019005 435236019305
5075 5123 -180 435236019020 435236019200
5076 6320 -4665 435236019020 435236023685
5077 5143 -240 435236019035 435236019275
5077 5324 -915 435236019035 435236019950
5078 5142 -240 435236019035 435236019275
5078 5570 -1845 435236019035 435236020880
5079 5140 -225 435236019035 435236019260
5080 5144 -240 435236019035 435236019275
5082 5142 -225 435236019050 435236019275
5083 5140 -210 435236019050 435236019260
5083 5141 -225 435236019050 435236019275
5086 5134 -180 435236019065 435236019245
5087 5133 -180 435236019065 435236019245
5087 5158 -270 435236019065 435236019335
5088 5136 -180 435236019065 435236019245
5090 5142 -195 435236019080 435236019275
5090 5146 -210 435236019080 435236019290
5090 5283 -720 435236019080 435236019800
5090 5531 -1650 435236019080 435236020730
5094 5143 -180 435236019095 435236019275
5094 5146 -195 435236019095 435236019290
5097 5737 -2400 435236019110 435236021510
5098 5143 -165 435236019110 435236019275
5100 5145 -180 435236019110 435236019290
5100 5149 -195 435236019110 435236019305
5104 5145 -165 435236019125 435236019290
5109 5158 -180 435236019155 435236019335
5109 5166 -210 435236019155 435236019365
5117 5166 -180 435236019185 435236019365
5119 5181 -240 435236019185 435236019425
5124 5165 -165 435236019200 435236019365
5137 5209 -270 435236019260 435236019530
5137 5225 -330 435236019260 435236019590
5140 5185 -180 435236019260 435236019440
5142 5570 -1605 435236019275 435236020880
5144 5188 -165 435236019275 435236019440
5154 5693 -2025 435236019320 435236021345
5159 5261 -390 435236019335 435236019725
5160 5720 -2100 435236019335 435236021435
5161 5209 -180 435236019350 435236019530
5162 6276 -4170 435236019350 435236023520
5169 5705 -2010 435236019380 435236021390
5169 5737 -2130 435236019380 435236021510
5170 5396 -840 435236019380 435236020220
5175 5239 -240 435236019395 435236019635
5175 5247 -270 435236019395 435236019665
5177 5737 -2100 435236019410 435236021510
5178 5247 -255 435236019410 435236019665
5179 6270 -4095 435236019410 435236023505
5183 5237 -210 435236019425 435236019635
5183 5247 -240 435236019425 435236019665
5184 5569 -1455 435236019425 435236020880
5186 6148 -3600 435236019440 435236023040
5187 5243 -210 435236019440 435236019650
5187 5659 -1770 435236019440 435236021210
5190 6276 -4065 435236019455 435236023520
5191 5247 -210 435236019455 435236019665
5192 5312 -450 435236019455 435236019905
5192 6276 -4065 435236019455 435236023520
5193 5569 -1410 435236019470 435236020880
5194 5242 -180 435236019470 435236019650
5194 5247 -195 435236019470 435236019665
5194 5279 -315 435236019470 435236019785
5194 6111 -3435 435236019470 435236022905
5195 5251 -210 435236019470 435236019680
5195 5659 -1740 435236019470 435236021210
5195 6024 -3105 435236019470 435236022575
5198 6276 -4035 435236019485 435236023520
5199 5285 -330 435236019485 435236019815
5199 5999 -3000 435236019485 435236022485
5201 5249 -180 435236019500 435236019680
5201 5569 -1380 435236019500 435236020880
5201 6385 -4440 435236019500 435236023940
5202 5250 -180 435236019500 435236019680
5202 5258 -210 435236019500 435236019710
5202 5266 -240 435236019500 435236019740
5202 5277 -285 435236019500 435236019785
5203 5624 -1575 435236019500 435236021075
5203 5716 -1920 435236019500 435236021420
5206 5262 -210 435236019515 435236019725
5206 6333 -4230 435236019515 435236023745
5207 5277 -270 435236019515 435236019785
5209 5865 -2460 435236019530 435236021990
5209 5873 -2490 435236019530 435236022020
5210 5258 -180 435236019530 435236019710
5210 5266 -210 435236019530 435236019740
5211 5275 -240 435236019530 435236019770
5211 5420 -780 435236019530 435236020310
5214 5262 -180 435236019545 435236019725
5214 5270 -210 435236019545 435236019755
5215 5261 -180 435236019545 435236019725
5215 5269 -210 435236019545 435236019755
5215 5277 -240 435236019545 435236019785
5215 5693 -1800 435236019545 435236021345
5220 5663 -1665 435236019560 435236021225
5221 5285 -240 435236019575 435236019815
5221 5293 -270 435236019575 435236019845
5225 5273 -180 435236019590 435236019770
5228 6092 -3240 435236019590 435236022830
5229 5292 -225 435236019605 435236019830
5229 5293 -240 435236019605 435236019845
5231 5299 -255 435236019605 435236019860
5233 5305 -270 435236019620 435236019890
5233 5801 -2130 435236019620 435236021750
5235 5504 -1005 435236019620 435236020625
5236 5300 -240 435236019620 435236019860
5243 5967 -2715 435236019650 435236022365
5244 5300 -210 435236019650 435236019860
5245 5301 -210 435236019665 435236019875
5245 5634 -1455 435236019665 435236021120
5246 5297 -195 435236019665 435236019860
5246 6106 -3225 435236019665 435236022890
5247 5301 -210 435236019665 435236019875
5249 5297 -180 435236019680 435236019860
5249 5305 -210 435236019680 435236019890
5249 5313 -240 435236019680 435236019920
5251 5632 -1425 435236019680 435236021105
5251 5967 -2685 435236019680 435236022365
5251 5975 -2715 435236019680 435236022395
5253 5300 -165 435236019695 435236019860
5254 5297 -165 435236019695 435236019860
5254 5302 -180 435236019695 435236019875
5257 5305 -180 435236019710 435236019890
5257 5313 -210 435236019710 435236019920
5260 5396 -510 435236019710 435236020220
5261 5309 -180 435236019725 435236019905
5263 6003 -2775 435236019725 435236022500
5264 5516 -945 435236019725 435236020670
5267 5691 -1590 435236019740 435236021330
5268 5316 -180 435236019740 435236019920
5271 5354 -315 435236019755 435236020070
5271 5471 -750 435236019755 435236020505
5272 5688 -1560 435236019755 435236021315
5272 5691 -1575 435236019755 435236021330
5275 5967 -2595 435236019770 435236022365
5277 6013 -2760 435236019785 435236022545
5279 5362 -315 435236019785 435236020100
5282 5333 -195 435236019800 435236019995
5282 5340 -210 435236019800 435236020010
5283 5421 -525 435236019800 435236020325
5283 5442 -600 435236019800 435236020400
5283 5621 -1275 435236019800 435236021075
5287 5334 -180 435236019815 435236019995
5289 6385 -4110 435236019830 435236023940
5291 5360 -255 435236019830 435236020085
5294 5634 -1275 435236019845 435236021120
5294 6148 -3195 435236019845 435236023040
5295 5345 -195 435236019845 435236020040
5295 5630 -1260 435236019845 435236021105
5296 5351 -210 435236019845 435236020055
5296 5359 -240 435236019845 435236020085
5297 5801 -1890 435236019860 435236021750
5299 5344 -165 435236019860 435236020025
5299 5351 -195 435236019860 435236020055
5299 5598 -1125 435236019860 435236020985
5302 5596 -1095 435236019875 435236020970
5303 5353 -195 435236019875 435236020070
5303 5462 -600 435236019875 435236020475
5304 5347 -165 435236019875 435236020040
5304 5359 -210 435236019875 435236020085
5304 5367 -240 435236019875 435236020115
5304 6159 -3210 435236019875 435236023085
5305 6385 -4050 435236019890 435236023940
5306 5462 -585 435236019890 435236020475
5307 5389 -315 435236019890 435236020205
5307 5418 -420 435236019890 435236020310
5307 5450 -540 435236019890 435236020430
5307 5453 -555 435236019890 435236020445
5307 5477 -645 435236019890 435236020535
5307 6373 -4005 435236019890 435236023895
5308 5359 -195 435236019890 435236020085
5310 5388 -285 435236019905 435236020190
5310 5482 -645 435236019905 435236020550
5311 5353 -165 435236019905 435236020070
5311 5414 -390 435236019905 435236020295
5311 5462 -570 435236019905 435236020475
5314 5357 -165 435236019920 435236020085
5314 5462 -555 435236019920 435236020475
5315 5394 -300 435236019920 435236020220
5315 5402 -330 435236019920 435236020250
5315 5410 -360 435236019920 435236020280
5315 5426 -420 435236019920 435236020340
5315 5442 -480 435236019920 435236020400
5316 5368 -195 435236019920 435236020115
5318 5437 -450 435236019935 435236020385
5318 5493 -660 435236019935 435236020595
5319 5398 -300 435236019935 435236020235
5319 5414 -360 435236019935 435236020295
5319 5422 -390 435236019935 435236020325
5319 5446 -480 435236019935 435236020415
5320 5399 -300 435236019935 435236020235
5321 5625 -1140 435236019950 435236021090
5321 5697 -1410 435236019950 435236021360
5321 5737 -1560 435236019950 435236021510
5321 5801 -1800 435236019950 435236021750
5322 5390 -255 435236019950 435236020205
5322 5398 -285 435236019950 435236020235
5322 5414 -345 435236019950 435236020295
5322 5446 -465 435236019950 435236020415
5322 5465 -540 435236019950 435236020490
5323 5405 -315 435236019950 435236020265
5324 5388 -240 435236019950 435236020190
5325 5388 -225 435236019965 435236020190
5325 6246 -3450 435236019965 435236023415
5326 5398 -270 435236019965 435236020235
5326 5414 -330 435236019965 435236020295
5326 5462 -510 435236019965 435236020475
5327 5405 -300 435236019965 435236020265
5327 5428 -375 435236019965 435236020340
5328 6120 -2970 435236019965 435236022935
5329 5417 -330 435236019980 435236020310
5329 5425 -360 435236019980 435236020340
5329 5449 -450 435236019980 435236020430
5329 5465 -510 435236019980 435236020490
5329 5473 -540 435236019980 435236020520
5329 6369 -3900 435236019980 435236023880
5330 5394 -240 435236019980 435236020220
5330 5402 -270 435236019980 435236020250
5330 5453 -465 435236019980 435236020445
5331 5396 -240 435236019980 435236020220
5331 5420 -330 435236019980 435236020310
5332 5380 -180 435236019980 435236020160
5332 5388 -210 435236019980 435236020190
5333 5445 -420 435236019995 435236020415
5334 5390 -210 435236019995 435236020205
5334 5398 -240 435236019995 435236020235
5334 5422 -330 435236019995 435236020325
5334 5425 -345 435236019995 435236020340
5334 5446 -420 435236019995 435236020415
5334 5454 -450 435236019995 435236020445
5334 5470 -510 435236019995 435236020505
5337 5382 -165 435236020010 435236020175
5337 5385 -180 435236020010 435236020190
5337 5393 -210 435236020010 435236020220
5337 5401 -240 435236020010 435236020250
5337 5417 -300 435236020010 435236020310
5337 5449 -420 435236020010 435236020430
5337 5465 -480 435236020010 435236020490
5337 5473 -510 435236020010 435236020520
5337 6345 -3780 435236020010 435236023790
5338 5402 -240 435236020010 435236020250
5338 5418 -300 435236020010 435236020310
5338 5426 -330 435236020010 435236020340
5338 5429 -345 435236020010 435236020355
5338 5450 -420 435236020010 435236020430
5338 5453 -435 435236020010 435236020445
5338 5501 -615 435236020010 435236020625
5340 5538 -750 435236020010 435236020760
5340 6132 -2970 435236020010 435236022980
5342 5406 -240 435236020025 435236020265
5342 5414 -270 435236020025 435236020295
5342 5430 -330 435236020025 435236020355
5342 5438 -360 435236020025 435236020385
5342 5454 -420 435236020025 435236020445
5342 5478 -510 435236020025 435236020535
5343 5391 -180 435236020025 435236020205
5343 5428 -315 435236020025 435236020340
5343 5447 -390 435236020025 435236020415
5344 5388 -165 435236020025 435236020190
5345 5417 -270 435236020040 435236020310
5345 5425 -300 435236020040 435236020340
5345 5465 -450 435236020040 435236020490
5345 5473 -480 435236020040 435236020520
5345 5481 -510 435236020040 435236020550
5345 5505 -600 435236020040 435236020640
5346 5394 -180 435236020040 435236020220
5346 5402 -210 435236020040 435236020250
5346 5410 -240 435236020040 435236020280
5346 5415 -255 435236020040 435236020295
5346 5418 -270 435236020040 435236020310
5346 5458 -420 435236020040 435236020460
5346 5461 -435 435236020040 435236020475
5348 5404 -210 435236020040 435236020250
5349 5461 -420 435236020055 435236020475
5350 5414 -240 435236020055 435236020295
5350 5462 -420 435236020055 435236020475
5350 5486 -510 435236020055 435236020565
5351 5396 -165 435236020055 435236020220
5351 5407 -210 435236020055 435236020265
5351 5412 -225 435236020055 435236020280
5351 5463 -420 435236020055 435236020475
5351 5471 -450 435236020055 435236020505
5351 5479 -480 435236020055 435236020535
5351 5511 -600 435236020055 435236020655
5351 5631 -1050 435236020055 435236021105
5352 5488 -510 435236020055 435236020565
5352 5496 -540 435236020055 435236020595
5353 5401 -180 435236020070 435236020250
5353 5417 -240 435236020070 435236020310
5353 5441 -330 435236020070 435236020400
5353 5465 -420 435236020070 435236020490
5353 5473 -450 435236020070 435236020520
5353 5481 -480 435236020070 435236020550
5353 6329 -3660 435236020070 435236023730
5353 6337 -3690 435236020070 435236023760
5353 6345 -3720 435236020070 435236023790
5353 6361 -3780 435236020070 435236023850
5353 6369 -3810 435236020070 435236023880
5354 5407 -195 435236020070 435236020265
5354 5418 -240 435236020070 435236020310
5354 5426 -270 435236020070 435236020340
5354 5466 -420 435236020070 435236020490
5354 5501 -555 435236020070 435236020625
5354 6282 -3480 435236020070 435236023550
5355 5416 -225 435236020070 435236020295
5355 5515 -600 435236020070 435236020670
5355 5520 -615 435236020070 435236020685
5355 5523 -630 435236020070 435236020700
5356 6144 -2955 435236020070 435236023025
5357 5421 -240 435236020085 435236020325
5357 5425 -255 435236020085 435236020340
5357 5450 -345 435236020085 435236020430
5358 5422 -240 435236020085 435236020325
5358 5430 -270 435236020085 435236020355
5358 5454 -360 435236020085 435236020445
5358 5470 -420 435236020085 435236020505
5358 6410 -3945 435236020085 435236024030
5359 5407 -180 435236020085 435236020265
5359 5420 -225 435236020085 435236020310
5359 5447 -330 435236020085 435236020415
5359 5463 -390 435236020085 435236020475
5360 5408 -180 435236020085 435236020265
5360 5416 -210 435236020085 435236020295
5360 5424 -240 435236020085 435236020325
5360 5475 -435 435236020085 435236020520
5360 5488 -480 435236020085 435236020565
5360 5496 -510 435236020085 435236020595
5360 5512 -570 435236020085 435236020655
5360 5523 -615 435236020085 435236020700
5361 5425 -240 435236020100 435236020340
5361 5449 -330 435236020100 435236020430
5361 5473 -420 435236020100 435236020520
5361 5497 -510 435236020100 435236020610
5361 6321 -3600 435236020100 435236023700
5361 6337 -3660 435236020100 435236023760
5362 5410 -180 435236020100 435236020280
5362 5415 -195 435236020100 435236020295
5362 5418 -210 435236020100 435236020310
5362 5426 -240 435236020100 435236020340
5362 5450 -330 435236020100 435236020430
5362 5463 -375 435236020100 435236020475
5362 5471 -405 435236020100 435236020505
5363 5499 -510 435236020100 435236020610
5363 5504 -525 435236020100 435236020625
5365 5413 -180 435236020115 435236020295
5365 5421 -210 435236020115 435236020325
5365 5428 -225 435236020115 435236020340
5365 5429 -240 435236020115 435236020355
5365 5442 -285 435236020115 435236020400
5365 5477 -420 435236020115 435236020535
5365 5501 -510 435236020115 435236020625
5365 6318 -3570 435236020115 435236023685
5366 5422 -210 435236020115 435236020325
5366 5446 -300 435236020115 435236020415
5366 5454 -330 435236020115 435236020445
5366 5462 -360 435236020115 435236020475
5366 5465 -375 435236020115 435236020490
5367 5423 -210 435236020115 435236020325
5367 5471 -390 435236020115 435236020505
5367 5479 -420 435236020115 435236020535
5367 5555 -705 435236020115 435236020820
5367 5639 -1020 435236020115 435236021135
5367 5647 -1050 435236020115 435236021165
5367 5650 -1065 435236020115 435236021180
5368 5416 -180 435236020115 435236020295
5368 5488 -450 435236020115 435236020565
5368 5496 -480 435236020115 435236020595
5368 5504 -510 435236020115 435236020625
5368 6167 -3000 435236020115 435236023115
5369 5417 -180 435236020130 435236020310
5369 5457 -330 435236020130 435236020460
5369 5465 -360 435236020130 435236020490
5369 5481 -420 435236020130 435236020550
5369 5505 -510 435236020130 435236020640
5370 5426 -210 435236020130 435236020340
5370 5437 -255 435236020130 435236020385
5370 5442 -270 435236020130 435236020400
5370 5482 -420 435236020130 435236020550
5371 5416 -165 435236020130 435236020295
5372 5420 -180 435236020130 435236020310
5372 5428 -210 435236020130 435236020340
5373 5434 -225 435236020145 435236020370
5373 5442 -255 435236020145 435236020400
5373 5450 -285 435236020145 435236020430
5373 5501 -480 435236020145 435236020625
5373 6322 -3555 435236020145 435236023700
5374 5433 -225 435236020145 435236020370
5374 5438 -240 435236020145 435236020385
5374 5481 -405 435236020145 435236020550
5374 5486 -420 435236020145 435236020565
5375 5423 -180 435236020145 435236020325
5375 5431 -210 435236020145 435236020355
5375 5482 -405 435236020145 435236020550
5375 5487 -420 435236020145 435236020565
5375 5551 -660 435236020145 435236020805
5376 5523 -555 435236020145 435236020700
5377 5425 -180 435236020160 435236020340
5377 5449 -270 435236020160 435236020430
5377 5465 -330 435236020160 435236020490
5377 5497 -450 435236020160 435236020610
5378 5434 -210 435236020160 435236020370
5378 5458 -300 435236020160 435236020460
5378 5461 -315 435236020160 435236020475
5378 5474 -360 435236020160 435236020520
5378 5479 -375 435236020160 435236020535
5378 5487 -405 435236020160 435236020565
5378 5490 -420 435236020160 435236020580
5380 5428 -180 435236020160 435236020340
5380 5436 -210 435236020160 435236020370
5380 5437 -225 435236020160 435236020385
5380 5508 -480 435236020160 435236020640
5380 5660 -1050 435236020160 435236021210
5381 5426 -165 435236020175 435236020340
5381 5437 -210 435236020175 435236020385
5381 5445 -240 435236020175 435236020415
5381 5493 -420 435236020175 435236020595
5382 5438 -210 435236020175 435236020385
5382 5473 -345 435236020175 435236020520
5382 5494 -420 435236020175 435236020595
5382 5502 -450 435236020175 435236020625
5382 5554 -645 435236020175 435236020820
5383 5428 -165 435236020175 435236020340
5383 5442 -225 435236020175 435236020400
5383 5500 -435 435236020175 435236020610
5383 5661 -1050 435236020175 435236021225
5384 5467 -315 435236020175 435236020490
5384 5496 -420 435236020175 435236020595
5384 5504 -450 435236020175 435236020625
5384 5520 -510 435236020175 435236020685
5385 5449 -240 435236020190 435236020430
5385 5537 -570 435236020190 435236020760
5386 5429 -165 435236020190 435236020355
5386 5466 -300 435236020190 435236020490
5386 5474 -330 435236020190 435236020520
5386 5479 -345 435236020190 435236020535
5386 5503 -435 435236020190 435236020625
5386 5658 -1020 435236020190 435236021210
5387 5467 -300 435236020190 435236020490
5388 5436 -180 435236020190 435236020370
5388 5437 -195 435236020190 435236020385
5388 5500 -420 435236020190 435236020610
5388 5520 -495 435236020190 435236020685
5388 5557 -645 435236020190 435236020835
5388 5637 -945 435236020190 435236021135
5388 6079 -2595 435236020190 435236022785
5389 5453 -240 435236020205 435236020445
5389 5461 -270 435236020205 435236020475
5389 5484 -345 435236020205 435236020550
5389 5485 -360 435236020205 435236020565
5389 5500 -405 435236020205 435236020610
5389 5501 -420 435236020205 435236020625
5389 5508 -435 435236020205 435236020640
5389 5509 -450 435236020205 435236020655
5389 5525 -510 435236020205 435236020715
5389 5533 -540 435236020205 435236020745
5389 5586 -735 435236020205 435236020940
5389 5650 -975 435236020205 435236021180
5389 5661 -1020 435236020205 435236021225
5390 5446 -210 435236020205 435236020415
5390 5462 -270 435236020205 435236020475
5390 5470 -300 435236020205 435236020505
5390 5534 -540 435236020205 435236020745
5390 5589 -750 435236020205 435236020955
5391 5452 -225 435236020205 435236020430
5391 5460 -255 435236020205 435236020460
5391 5466 -285 435236020205 435236020490
5391 5474 -315 435236020205 435236020520
5391 5479 -330 435236020205 435236020535
5391 5487 -360 435236020205 435236020565
5391 5503 -420 435236020205 435236020625
5391 5511 -450 435236020205 435236020655
5391 6352 -3600 435236020205 435236023805
5393 5449 -210 435236020220 435236020430
5393 5457 -240 435236020220 435236020460
5393 5465 -270 435236020220 435236020490
5393 5473 -300 435236020220 435236020520
5393 5537 -540 435236020220 435236020760
5394 5442 -180 435236020220 435236020400
5394 5450 -210 435236020220 435236020430
5394 5458 -240 435236020220 435236020460
5394 5506 -420 435236020220 435236020640
5395 5448 -195 435236020220 435236020415
5395 5480 -315 435236020220 435236020535
5395 5483 -330 435236020220 435236020550
5395 5536 -525 435236020220 435236020745
5396 5439 -165 435236020220 435236020385
5396 5447 -195 435236020220 435236020415
5396 5455 -225 435236020220 435236020445
5396 5460 -240 435236020220 435236020460
5396 5463 -255 435236020220 435236020475
5396 5479 -315 435236020220 435236020535
5396 5516 -450 435236020220 435236020670
5396 5541 -555 435236020220 435236020775
5396 5548 -570 435236020220 435236020790
5396 5557 -615 435236020220 435236020835
5396 5620 -840 435236020220 435236021060
5396 5661 -1005 435236020220 435236021225
5396 5669 -1035 435236020220 435236021255
5396 6075 -2550 435236020220 435236022770
5396 6152 -2835 435236020220 435236023055
5396 6157 -2865 435236020220 435236023085
5396 6166 -2895 435236020220 435236023115
5396 6170 -2910 435236020220 435236023130
5396 6397 -3765 435236020220 435236023985
5397 5452 -195 435236020235 435236020430
5397 5476 -285 435236020235 435236020520
5397 5533 -510 435236020235 435236020745
5397 5541 -540 435236020235 435236020775
5398 5446 -180 435236020235 435236020415
5398 5454 -210 435236020235 435236020445
5398 5470 -270 435236020235 435236020505
5398 5478 -300 435236020235 435236020535
5398 5542 -540 435236020235 435236020775
5399 5447 -180 435236020235 435236020415
5399 5452 -195 435236020235 435236020430
5399 5460 -225 435236020235 435236020460
5399 5479 -300 435236020235 435236020535
5401 5449 -180 435236020250 435236020430
5401 5473 -270 435236020250 435236020520
5401 5537 -510 435236020250 435236020760
5401 5553 -570 435236020250 435236020820
5401 6257 -3210 435236020250 435236023460
5401 6265 -3240 435236020250 435236023490
5402 5450 -180 435236020250 435236020430
5403 5448 -165 435236020250 435236020415
5403 5456 -195 435236020250 435236020445
5403 5536 -495 435236020250 435236020745
5404 5452 -180 435236020250 435236020430
5404 5508 -390 435236020250 435236020640
5404 6164 -2850 435236020250 435236023100
5405 5717 -1170 435236020265 435236021435
5406 5454 -180 435236020265 435236020445
5406 5462 -210 435236020265 435236020475
5406 5518 -420 435236020265 435236020685
5407 5471 -240 435236020265 435236020505
5409 5465 -210 435236020280 435236020490
5409 5473 -240 435236020280 435236020520
5409 5481 -270 435236020280 435236020550
5409 5553 -540 435236020280 435236020820
5409 6313 -3390 435236020280 435236023670
5410 5458 -180 435236020280 435236020460
5410 5538 -480 435236020280 435236020760
5411 5472 -225 435236020280 435236020505
5412 5508 -360 435236020280 435236020640
5412 5511 -375 435236020280 435236020655
5412 5516 -390 435236020280 435236020670
5412 5517 -405 435236020280 435236020685
5412 5524 -420 435236020280 435236020700
5412 6164 -2820 435236020280 435236023100
5412 6173 -2865 435236020280 435236023145
5413 5506 -345 435236020295 435236020640
5413 5517 -390 435236020295 435236020685
5414 5462 -180 435236020295 435236020475
5414 5470 -210 435236020295 435236020505
5414 5478 -240 435236020295 435236020535
5414 5486 -270 435236020295 435236020565
5414 5526 -420 435236020295 435236020715
5415 5463 -180 435236020295 435236020475
5415 5471 -210 435236020295 435236020505
5416 5464 -180 435236020295 435236020475
5416 5523 -405 435236020295 435236020700
5417 5465 -180 435236020310 435236020490
5417 5473 -210 435236020310 435236020520
5417 5481 -240 435236020310 435236020550
5417 5489 -270 435236020310 435236020580
5417 5505 -330 435236020310 435236020640
5417 5513 -360 435236020310 435236020670
5417 5521 -390 435236020310 435236020700
5417 6281 -3240 435236020310 435236023550
5417 6289 -3270 435236020310 435236023580
5417 6305 -3330 435236020310 435236023640
5417 6321 -3390 435236020310 435236023700
5417 6337 -3450 435236020310 435236023760
5417 6369 -3570 435236020310 435236023880
5417 6377 -3600 435236020310 435236023910
5417 6409 -3720 435236020310 435236024030
5418 5466 -180 435236020310 435236020490
5418 5471 -195 435236020310 435236020505
5418 5474 -210 435236020310 435236020520
5418 5482 -240 435236020310 435236020550
5418 5501 -315 435236020310 435236020625
5418 5509 -345 435236020310 435236020655
5418 5538 -450 435236020310 435236020760
5418 6013 -2235 435236020310 435236022545
5419 5464 -165 435236020310 435236020475
5419 5472 -195 435236020310 435236020505
5420 5476 -210 435236020310 435236020520
5420 5508 -330 435236020310 435236020640
5420 5516 -360 435236020310 435236020670
5420 5524 -390 435236020310 435236020700
5420 5637 -825 435236020310 435236021135
5420 6165 -2805 435236020310 435236023115
5421 5469 -180 435236020325 435236020505
5421 5477 -210 435236020325 435236020535
5421 5506 -315 435236020325 435236020640
5421 6136 -2670 435236020325 435236022995
5422 5478 -210 435236020325 435236020535
5422 5486 -240 435236020325 435236020565
5423 5471 -180 435236020325 435236020505
5423 5479 -210 435236020325 435236020535
5423 5482 -225 435236020325 435236020550
5423 5487 -240 435236020325 435236020565
5424 5467 -165 435236020325 435236020490
5425 5473 -180 435236020340 435236020520
5425 5489 -240 435236020340 435236020580
5425 5494 -255 435236020340 435236020595
5425 5497 -270 435236020340 435236020610
5425 6289 -3240 435236020340 435236023580
5426 5482 -210 435236020340 435236020550
5426 5490 -240 435236020340 435236020580
5426 5493 -255 435236020340 435236020595
5426 5501 -285 435236020340 435236020625
5426 5509 -315 435236020340 435236020655
5426 5543 -435 435236020340 435236020775
5426 5546 -450 435236020340 435236020790
5428 5476 -180 435236020340 435236020520
5428 5484 -210 435236020340 435236020550
5428 5492 -240 435236020340 435236020580
5428 5500 -270 435236020340 435236020610
5428 5508 -300 435236020340 435236020640
5428 5540 -420 435236020340 435236020760
5428 5548 -450 435236020340 435236020790
5428 5549 -465 435236020340 435236020805
5428 5733 -1155 435236020340 435236021495
5428 5749 -1215 435236020340 435236021555
5428 6292 -3240 435236020340 435236023580
5428 6300 -3270 435236020340 435236023610
5429 5477 -180 435236020355 435236020535
5429 5485 -210 435236020355 435236020565
5429 5493 -240 435236020355 435236020595
5429 5501 -270 435236020355 435236020625
5429 5509 -300 435236020355 435236020655
5429 5516 -315 435236020355 435236020670
5429 5541 -420 435236020355 435236020775
5429 5549 -450 435236020355 435236020805
5429 5557 -480 435236020355 435236020835
5430 5478 -180 435236020355 435236020535
5430 5494 -240 435236020355 435236020595
5431 5479 -180 435236020355 435236020535
5431 5482 -195 435236020355 435236020550
5431 5487 -210 435236020355 435236020565
5431 5490 -225 435236020355 435236020580
5433 5481 -180 435236020370 435236020550
5433 5489 -210 435236020370 435236020580
5434 5490 -210 435236020370 435236020580
5434 5498 -240 435236020370 435236020610
5434 5501 -255 435236020370 435236020625
5436 5492 -210 435236020370 435236020580
5436 5500 -240 435236020370 435236020610
5437 5493 -210 435236020385 435236020595
5437 5501 -240 435236020385 435236020625
5438 5481 -165 435236020385 435236020550
5438 5489 -195 435236020385 435236020580
5438 5494 -210 435236020385 435236020595
5441 6337 -3360 435236020400 435236023760
5442 5498 -210 435236020400 435236020610
5442 5501 -225 435236020400 435236020625
5442 5506 -240 435236020400 435236020640
5442 5514 -270 435236020400 435236020670
5442 5891 -1680 435236020400 435236022080
5442 6283 -3150 435236020400 435236023550
5444 5492 -180 435236020400 435236020580
5444 5507 -240 435236020400 435236020640
5444 5532 -330 435236020400 435236020730
5444 5556 -420 435236020400 435236020820
5444 6308 -3240 435236020400 435236023640
5445 5492 -165 435236020415 435236020580
5445 5493 -180 435236020415 435236020595
5445 5500 -195 435236020415 435236020610
5445 5501 -210 435236020415 435236020625
5446 5494 -180 435236020415 435236020595
5448 5499 -195 435236020415 435236020610
5448 5507 -225 435236020415 435236020640
5448 5515 -255 435236020415 435236020670
5449 5497 -180 435236020430 435236020610
5449 5505 -210 435236020430 435236020640
5449 5513 -240 435236020430 435236020670
5449 5521 -270 435236020430 435236020700
5449 5537 -330 435236020430 435236020760
5449 6345 -3360 435236020430 435236023790
5450 5501 -195 435236020430 435236020625
5450 5514 -240 435236020430 435236020670
5452 5532 -300 435236020430 435236020730
5452 5540 -330 435236020430 435236020760
5452 5564 -420 435236020430 435236020850
5452 5576 -465 435236020430 435236020895
5452 6320 -3255 435236020430 435236023685
5453 5501 -180 435236020445 435236020625
5453 5509 -210 435236020445 435236020655
5454 5502 -180 435236020445 435236020625
5455 5500 -165 435236020445 435236020610
5458 6290 -3120 435236020460 435236023580
5458 6356 -3360 435236020460 435236023820
5460 5540 -300 435236020460 435236020760
5461 5525 -240 435236020475 435236020715
5465 5521 -210 435236020490 435236020700
5465 5529 -240 435236020490 435236020730
5465 5537 -270 435236020490 435236020760
5465 5545 -300 435236020490 435236020790
5465 5553 -330 435236020490 435236020820
5465 6313 -3180 435236020490 435236023670
5465 6321 -3210 435236020490 435236023700
5465 6329 -3240 435236020490 435236023730
5465 6361 -3360 435236020490 435236023850
5465 6369 -3390 435236020490 435236023880
5465 6377 -3420 435236020490 435236023910
5466 5576 -405 435236020490 435236020895
5466 5584 -435 435236020490 435236020925
5466 6290 -3090 435236020490 435236023580
5466 6295 -3105 435236020490 435236023595
5468 5516 -180 435236020490 435236020670
5469 5525 -210 435236020505 435236020715
5469 6295 -3090 435236020505 435236023595
5471 5514 -165 435236020505 435236020670
5473 5537 -240 435236020520 435236020760
5473 6313 -3150 435236020520 435236023670
5473 6321 -3180 435236020520 435236023700
5473 6329 -3210 435236020520 435236023730
5473 6361 -3330 435236020520 435236023850
5474 5564 -330 435236020520 435236020850
5474 5576 -375 435236020520 435236020895
5474 5584 -405 435236020520 435236020925
5474 5592 -435 435236020520 435236020955
5474 6023 -2055 435236020520 435236022575
5474 6031 -2085 435236020520 435236022605
5474 6316 -3150 435236020520 435236023670
5474 6344 -3255 435236020520 435236023775
5475 5520 -165 435236020520 435236020685
5477 5533 -210 435236020535 435236020745
5477 5540 -225 435236020535 435236020760
5477 5541 -240 435236020535 435236020775
5479 5532 -195 435236020535 435236020730
5479 5535 -210 435236020535 435236020745
5479 5560 -300 435236020535 435236020835
5479 5568 -330 435236020535 435236020865
5479 5576 -360 435236020535 435236020895
5479 6023 -2040 435236020535 435236022575
5479 6130 -2445 435236020535 435236022980
5479 6172 -2595 435236020535 435236023130
5479 6175 -2610 435236020535 435236023145
5479 6183 -2640 435236020535 435236023175
5479 6186 -2655 435236020535 435236023190
5479 6196 -2685 435236020535 435236023220
5480 5536 -210 435236020535 435236020745
5481 6305 -3090 435236020550 435236023640
5481 6321 -3150 435236020550 435236023700
5481 6329 -3180 435236020550 435236023730
5481 6361 -3300 435236020550 435236023850
5482 5546 -240 435236020550 435236020790
5483 5536 -195 435236020550 435236020745
5484 5533 -195 435236020550 435236020745
5484 5548 -240 435236020550 435236020790
5485 5533 -180 435236020565 435236020745
5485 5541 -210 435236020565 435236020775
5485 5549 -240 435236020565 435236020805
5487 5556 -255 435236020565 435236020820
5487 5564 -285 435236020565 435236020850
5488 6192 -2640 435236020565 435236023205
5491 5536 -165 435236020580 435236020745
5491 5556 -240 435236020580 435236020820
5491 5564 -270 435236020580 435236020850
5491 6192 -2625 435236020580 435236023205
5492 5568 -285 435236020580 435236020865
5495 5756 -975 435236020595 435236021570
5500 5568 -255 435236020610 435236020865
5501 5549 -180 435236020625 435236020805
5501 5557 -210 435236020625 435236020835
5501 5572 -255 435236020625 435236020880
5503 5658 -585 435236020625 435236021210
5506 6063 -2085 435236020640 435236022725
5506 6164 -2460 435236020640 435236023100
5508 6075 -2130 435236020640 435236022770
5510 5565 -210 435236020655 435236020865
5510 5662 -570 435236020655 435236021225
5511 6134 -2340 435236020655 435236022995
5511 6316 -3015 435236020655 435236023670
5513 6305 -2970 435236020670 435236023640
5513 6353 -3150 435236020670 435236023820
5514 6157 -2415 435236020670 435236023085
5518 5565 -180 435236020685 435236020865
5519 6157 -2400 435236020685 435236023085
5522 6156 -2370 435236020700 435236023070
5522 6157 -2385 435236020700 435236023085
5524 6077 -2085 435236020700 435236022785
5526 5581 -210 435236020715 435236020925
5526 5589 -240 435236020715 435236020955
5526 5597 -270 435236020715 435236020985
5527 5610 -315 435236020715 435236021030
5527 6156 -2355 435236020715 435236023070
5527 6157 -2370 435236020715 435236023085
5529 5580 -180 435236020730 435236020910
5529 6118 -2205 435236020730 435236022935
5530 5610 -300 435236020730 435236021030
5530 6149 -2325 435236020730 435236023055
5531 5602 -270 435236020730 435236021000
5531 5610 -300 435236020730 435236021030
5531 5662 -495 435236020730 435236021225
5533 5620 -315 435236020745 435236021060
5534 5581 -180 435236020745 435236020925
5534 5589 -210 435236020745 435236020955
5535 5646 -420 435236020745 435236021165
5535 5701 -630 435236020745 435236021375
5535 5717 -690 435236020745 435236021435
5535 6087 -2070 435236020745 435236022815
5535 6148 -2295 435236020745 435236023040
5536 5579 -165 435236020745 435236020910
5536 5595 -225 435236020745 435236020970
5536 5608 -270 435236020745 435236021015
5536 6016 -1800 435236020745 435236022545
5536 6142 -2280 435236020745 435236023025
5537 5581 -165 435236020760 435236020925
5537 5589 -195 435236020760 435236020955
5537 6297 -2850 435236020760 435236023610
5538 5917 -1425 435236020760 435236022185
5540 5726 -705 435236020760 435236021465
5541 6110 -2130 435236020775 435236022905
5541 6150 -2280 435236020775 435236023055
5541 6165 -2340 435236020775 435236023115
5541 6282 -2775 435236020775 435236023550
5543 6082 -2025 435236020775 435236022800
5543 6085 -2040 435236020775 435236022815
5543 6301 -2850 435236020775 435236023625
5544 5591 -180 435236020775 435236020955
5551 5610 -225 435236020805 435236021030
5551 5917 -1380 435236020805 435236022185
5551 6082 -1995 435236020805 435236022800
5551 6301 -2820 435236020805 435236023625
5553 6257 -2640 435236020820 435236023460
5554 5597 -165 435236020820 435236020985
5555 5647 -345 435236020820 435236021165
5555 5668 -420 435236020820 435236021240
5556 6134 -2175 435236020820 435236022995
5556 6308 -2820 435236020820 435236023640
5560 6308 -2805 435236020835 435236023640
5561 6257 -2610 435236020850 435236023460
5563 5607 -165 435236020850 435236021015
5563 5626 -240 435236020850 435236021090
5564 5608 -165 435236020850 435236021015
5564 5658 -360 435236020850 435236021210
5564 6023 -1725 435236020850 435236022575
5564 6142 -2175 435236020850 435236023025
5564 6298 -2760 435236020850 435236023610
5567 5610 -165 435236020865 435236021030
5567 5618 -195 435236020865 435236021060
5567 5626 -225 435236020865 435236021090
5568 5668 -375 435236020865 435236021240
5569 5625 -210 435236020880 435236021090
5569 6273 -2640 435236020880 435236023520
5570 6388 -3060 435236020880 435236023940
5571 5725 -585 435236020880 435236021465
5572 6122 -2070 435236020880 435236022950
5573 6265 -2595 435236020895 435236023490
5574 5622 -180 435236020895 435236021075
5574 5630 -210 435236020895 435236021105
5575 5618 -165 435236020895 435236021060
5575 5620 -165 435236020895 435236021060
5575 5773 -750 435236020895 435236021645
5577 5705 -480 435236020910 435236021390
5579 5748 -630 435236020910 435236021540
5582 5654 -270 435236020925 435236021195
5585 6177 -2220 435236020940 435236023160
5586 5634 -180 435236020940 435236021120
5586 5650 -240 435236020940 435236021180
5587 6080 -1845 435236020940 435236022785
5587 6344 -2835 435236020940 435236023775
5590 5638 -180 435236020955 435236021135
5590 5726 -510 435236020955 435236021465
5590 5758 -630 435236020955 435236021585
5590 6032 -1650 435236020955 435236022605
5591 5663 -270 435236020955 435236021225
5593 5697 -390 435236020970 435236021360
5593 5737 -540 435236020970 435236021510
5593 6289 -2610 435236020970 435236023580
5595 6080 -1815 435236020970 435236022785
5595 6088 -1845 435236020970 435236022815
5598 5654 -210 435236020985 435236021195
5598 5662 -240 435236020985 435236021225
5598 5670 -270 435236020985 435236021255
5598 5758 -600 435236020985 435236021585
5599 5667 -255 435236020985 435236021240
5601 5729 -480 435236021000 435236021480
5601 6177 -2160 435236021000 435236023160
5609 5697 -330 435236021030 435236021360
5609 5745 -510 435236021030 435236021540
5609 6073 -1740 435236021030 435236022770
5609 6353 -2790 435236021030 435236023820
5610 5749 -525 435236021030 435236021555
5611 6084 -1770 435236021030 435236022800
5611 6088 -1785 435236021030 435236022815
5615 5668 -195 435236021045 435236021240
5616 5748 -495 435236021045 435236021540
5616 6136 -1950 435236021045 435236022995
5617 5697 -300 435236021060 435236021360
5617 5737 -450 435236021060 435236021510
5617 5745 -480 435236021060 435236021540
5619 5676 -210 435236021060 435236021270
5620 6156 -2010 435236021060 435236023070
5623 5676 -195 435236021075 435236021270
5623 5716 -345 435236021075 435236021420
5624 5712 -330 435236021075 435236021405
5624 5716 -345 435236021075 435236021420
5624 5744 -450 435236021075 435236021525
5624 5768 -540 435236021075 435236021615
5625 5681 -210 435236021090 435236021300
5625 5689 -240 435236021090 435236021330
5625 5697 -270 435236021090 435236021360
5625 5705 -300 435236021090 435236021390
5625 5713 -330 435236021090 435236021420
5625 5721 -360 435236021090 435236021450
5625 5737 -420 435236021090 435236021510
5625 5753 -480 435236021090 435236021570
5625 5793 -630 435236021090 435236021720
5625 5798 -645 435236021090 435236021735
5625 5849 -840 435236021090 435236021930
5625 5865 -900 435236021090 435236021990
5626 5690 -240 435236021090 435236021330
5627 5672 -165 435236021090 435236021255
5627 5752 -465 435236021090 435236021555
5627 5792 -615 435236021090 435236021705
5630 5686 -210 435236021105 435236021315
5630 5734 -390 435236021105 435236021495
5630 5846 -810 435236021105 435236021915
5632 5716 -315 435236021105 435236021420
5633 5681 -180 435236021120 435236021300
5633 5737 -390 435236021120 435236021510
5633 6140 -1890 435236021120 435236023010
5635 5744 -405 435236021120 435236021525
5635 5752 -435 435236021120 435236021555
5636 5708 -270 435236021120 435236021390
5636 5716 -300 435236021120 435236021420
5637 5733 -360 435236021135 435236021495
5637 5749 -420 435236021135 435236021555
5637 6087 -1680 435236021135 435236022815
5638 5694 -210 435236021135 435236021345
5640 5720 -300 435236021135 435236021435
5641 5689 -180 435236021150 435236021330
5641 5697 -210 435236021150 435236021360
5641 5737 -360 435236021150 435236021510
5641 5753 -420 435236021150 435236021570
5641 5809 -630 435236021150 435236021780
5641 5865 -840 435236021150 435236021990
5641 6140 -1860 435236021150 435236023010
5642 5693 -195 435236021150 435236021345
5642 5733 -345 435236021150 435236021495
5643 5744 -375 435236021150 435236021525
5643 5776 -495 435236021150 435236021645
5644 5733 -345 435236021150 435236021495
5645 5733 -330 435236021165 435236021495
5645 5741 -360 435236021165 435236021525
5645 6197 -2070 435236021165 435236023235
5645 6205 -2100 435236021165 435236023265
5646 6301 -2460 435236021165 435236023625
5647 6061 -1560 435236021165 435236022725
5648 5692 -165 435236021165 435236021330
5648 5720 -270 435236021165 435236021435
5649 5697 -180 435236021180 435236021360
5649 5713 -240 435236021180 435236021420
5649 5721 -270 435236021180 435236021450
5649 5737 -330 435236021180 435236021510
5651 5760 -405 435236021180 435236021585
5651 5768 -435 435236021180 435236021615
5651 5776 -465 435236021180 435236021645
5653 5709 -210 435236021195 435236021405
5653 5725 -270 435236021195 435236021465
5653 5733 -300 435236021195 435236021495
5656 5752 -360 435236021195 435236021555
5656 5760 -390 435236021195 435236021585
5657 5705 -180 435236021210 435236021390
5657 5721 -240 435236021210 435236021450
5657 6017 -1350 435236021210 435236022560
5659 5720 -225 435236021210 435236021435
5660 5756 -360 435236021210 435236021570
5661 5725 -240 435236021225 435236021465
5662 5710 -180 435236021225 435236021405
5662 6152 -1830 435236021225 435236023055
5663 5716 -195 435236021225 435236021420
5663 5748 -315 435236021225 435236021540
5664 5752 -330 435236021225 435236021555
5664 5760 -360 435236021225 435236021585
5665 5713 -180 435236021240 435236021420
5665 5721 -210 435236021240 435236021450
5665 6113 -1680 435236021240 435236022920
5666 5714 -180 435236021240 435236021420
5667 5712 -165 435236021240 435236021405
5668 5725 -225 435236021240 435236021465
5668 5756 -330 435236021240 435236021570
5668 5772 -390 435236021240 435236021630
5668 5780 -420 435236021240 435236021660
5668 5788 -450 435236021240 435236021690
5669 5716 -165 435236021255 435236021420
5669 5717 -180 435236021255 435236021435
5669 5725 -210 435236021255 435236021465
5669 5733 -240 435236021255 435236021495
5669 5773 -390 435236021255 435236021645
5671 6084 -1545 435236021255 435236022800
5673 5737 -240 435236021270 435236021510
5673 6113 -1650 435236021270 435236022920
5673 6169 -1860 435236021270 435236023130
5675 5995 -1200 435236021270 435236022470
5676 5724 -180 435236021270 435236021450
5677 5724 -165 435236021285 435236021450
5677 5725 -180 435236021285 435236021465
5680 6000 -1200 435236021285 435236022485
5681 5737 -210 435236021300 435236021510
5682 5725 -165 435236021300 435236021465
5682 5727 -165 435236021300 435236021465
5683 6008 -1215 435236021300 435236022515
5687 5844 -585 435236021315 435236021900
5688 6003 -1185 435236021315 435236022500
5689 5737 -180 435236021330 435236021510
5689 5777 -330 435236021330 435236021660
5696 5995 -1125 435236021345 435236022470
5696 6003 -1155 435236021345 435236022500
5696 6008 -1170 435236021345 435236022515
5697 5825 -480 435236021360 435236021840
5697 6145 -1680 435236021360 435236023040
5699 5744 -165 435236021360 435236021525
5699 5760 -225 435236021360 435236021585
5700 6012 -1170 435236021360 435236022530
5705 6113 -1530 435236021390 435236022920
5705 6121 -1560 435236021390 435236022950
5705 6145 -1650 435236021390 435236023040
5705 6185 -1800 435236021390 435236023190
5705 6201 -1860 435236021390 435236023250
5705 6233 -1980 435236021390 435236023370
5707 5752 -165 435236021390 435236021555
5713 5769 -210 435236021420 435236021630
5715 5760 -165 435236021420 435236021585
5715 5844 -480 435236021420 435236021900
5717 5773 -210 435236021435 435236021645
5717 6125 -1530 435236021435 435236022965
5717 6172 -1695 435236021435 435236023130
5717 6300 -2175 435236021435 435236023610
5721 5769 -180 435236021450 435236021630
5721 5777 -210 435236021450 435236021660
5722 5949 -855 435236021450 435236022305
5725 5781 -210 435236021465 435236021675
5729 5777 -180 435236021480 435236021660
5729 5785 -210 435236021480 435236021690
5729 5793 -240 435236021480 435236021720
5733 6087 -1320 435236021495 435236022815
5733 6300 -2115 435236021495 435236023610
5737 5785 -180 435236021510 435236021690
5737 5793 -210 435236021510 435236021720
5737 5865 -480 435236021510 435236021990
5741 6296 -2070 435236021525 435236023595
5745 5793 -180 435236021540 435236021720
5745 6225 -1800 435236021540 435236023340
5746 5894 -555 435236021540 435236022095
5747 5813 -255 435236021540 435236021795
5748 6312 -2115 435236021540 435236023655
5751 5909 -600 435236021555 435236022155
5751 5925 -660 435236021555 435236022215
5753 5814 -225 435236021570 435236021795
5754 6061 -1155 435236021570 435236022725
5757 6134 -1410 435236021585 435236022995
5759 5933 -660 435236021585 435236022245
5760 5805 -180 435236021585 435236021765
5760 5813 -210 435236021585 435236021795
5760 5885 -480 435236021585 435236022065
5761 5822 -225 435236021600 435236021825
5761 5830 -255 435236021600 435236021855
5762 5815 -195 435236021600 435236021795
5765 6015 -930 435236021615 435236022545
5765 6023 -960 435236021615 435236022575
5769 5830 -225 435236021630 435236021855
5769 5833 -240 435236021630 435236021870
5770 5940 -630 435236021630 435236022260
5771 5820 -180 435236021630 435236021810
5773 5829 -210 435236021645 435236021855
5773 5890 -435 435236021645 435236022080
5774 6276 -1875 435236021645 435236023520
5777 5833 -210 435236021660 435236021870
5777 6121 -1290 435236021660 435236022950
5778 5900 -450 435236021660 435236022110
5780 5821 -165 435236021660 435236021825
5780 5829 -195 435236021660 435236021855
5781 6284 -1875 435236021675 435236023550
5784 5844 -225 435236021675 435236021900
5785 5830 -165 435236021690 435236021855
5785 5833 -180 435236021690 435236021870
5785 5841 -210 435236021690 435236021900
5788 5837 -195 435236021690 435236021885
5793 5849 -210 435236021720 435236021930
5796 5837 -165 435236021720 435236021885
5799 5864 -240 435236021735 435236021975
5801 5865 -240 435236021750 435236021990
5801 6121 -1200 435236021750 435236022950
5801 6385 -2190 435236021750 435236023940
5802 5869 -255 435236021750 435236022005
5802 6118 -1185 435236021750 435236022935
5802 6120 -1185 435236021750 435236022935
5802 6122 -1200 435236021750 435236022950
5803 6427 -2340 435236021750 435236024090
5803 6440 -2385 435236021750 435236024135
5803 6472 -2505 435236021750 435236024255
5803 6480 -2535 435236021750 435236024285
5809 6121 -1170 435236021780 435236022950
5811 5884 -270 435236021780 435236022050
5811 5885 -285 435236021780 435236022065
5821 6061 -900 435236021825 435236022725
5822 5882 -225 435236021825 435236022050
5822 5890 -255 435236021825 435236022080
5823 5888 -240 435236021825 435236022065
5825 5961 -510 435236021840 435236022350
5825 6017 -720 435236021840 435236022560
5826 5887 -225 435236021840 435236022065
5827 5884 -210 435236021840 435236022050
5827 5892 -240 435236021840 435236022080
5831 5956 -465 435236021855 435236022320
5833 5905 -270 435236021870 435236022140
5833 6090 -960 435236021870 435236022830
5834 5907 -270 435236021870 435236022140
5834 5920 -315 435236021870 435236022185
5834 5956 -450 435236021870 435236022320
5835 5884 -180 435236021870 435236022050
5836 6270 -1635 435236021870 435236023505
5838 5894 -210 435236021885 435236022095
5838 6463 -2340 435236021885 435236024225
5839 5884 -165 435236021885 435236022050
5839 5888 -180 435236021885 435236022065
5842 5892 -180 435236021900 435236022080
5842 6059 -810 435236021900 435236022710
5845 5889 -165 435236021915 435236022080
5845 5894 -180 435236021915 435236022095
5845 5902 -210 435236021915 435236022125
5845 5905 -225 435236021915 435236022140
5845 6090 -915 435236021915 435236022830
5846 5895 -180 435236021915 435236022095
5846 6053 -780 435236021915 435236022695
5847 5892 -165 435236021915 435236022080
5849 6025 -660 435236021930 435236022590
5850 6032 -675 435236021930 435236022605
5850 6064 -795 435236021930 435236022725
5853 5902 -180 435236021945 435236022125
5854 5911 -210 435236021945 435236022155
5854 6015 -600 435236021945 435236022545
5854 6320 -1740 435236021945 435236023685
5865 6121 -960 435236021990 435236022950
5866 6019 -570 435236021990 435236022560
5871 6040 -630 435236022005 435236022635
5871 6430 -2100 435236022005 435236024105
5873 6353 -1800 435236022020 435236023820
5874 6091 -810 435236022020 435236022830
5878 5986 -405 435236022035 435236022440
5879 6004 -465 435236022035 435236022500
5881 5961 -300 435236022050 435236022350
5881 5969 -330 435236022050 435236022380
5881 6025 -540 435236022050 435236022590
5883 6027 -540 435236022050 435236022590
5883 6040 -585 435236022050 435236022635
5885 5997 -420 435236022065 435236022485
5885 6350 -1740 435236022065 435236023805
5886 5942 -210 435236022065 435236022275
5886 5970 -315 435236022065 435236022380
5887 6004 -435 435236022065 435236022500
5887 6083 -735 435236022065 435236022800
5888 5936 -180 435236022065 435236022245
5889 5945 -210 435236022080 435236022290
5889 5993 -390 435236022080 435236022470
5889 6001 -420 435236022080 435236022500
5889 6017 -480 435236022080 435236022560
5890 5938 -180 435236022080 435236022260
5890 6010 -450 435236022080 435236022530
5891 5952 -225 435236022080 435236022305
5891 6035 -540 435236022080 435236022620
5891 6048 -585 435236022080 435236022665
5891 6056 -615 435236022080 435236022695
5893 5967 -270 435236022095 435236022365
5893 5975 -300 435236022095 435236022395
5894 6006 -420 435236022095 435236022515
5894 6014 -450 435236022095 435236022545
5894 6054 -600 435236022095 435236022695
5894 6090 -735 435236022095 435236022830
5895 6056 -600 435236022095 435236022695
5896 5952 -210 435236022095 435236022305
5897 5945 -180 435236022110 435236022290
5897 5985 -330 435236022110 435236022440
5898 6010 -420 435236022110 435236022530
5899 5944 -165 435236022110 435236022275
5899 5947 -180 435236022110 435236022290
5899 5952 -195 435236022110 435236022305
5899 5960 -225 435236022110 435236022335
5899 5968 -255 435236022110 435236022365
5899 5976 -285 435236022110 435236022395
5899 5984 -315 435236022110 435236022425
5899 5992 -345 435236022110 435236022455
5899 6003 -390 435236022110 435236022500
5899 6004 -390 435236022110 435236022500
5900 5980 -300 435236022110 435236022410
5901 5956 -195 435236022125 435236022320
5901 5965 -240 435236022125 435236022365
5901 5973 -270 435236022125 435236022395
5902 5974 -270 435236022125 435236022395
5902 5982 -300 435236022125 435236022425
5902 6006 -390 435236022125 435236022515
5902 6014 -420 435236022125 435236022545
5903 6091 -705 435236022125 435236022830
5904 5952 -180 435236022125 435236022305
5904 5992 -330 435236022125 435236022455
5904 6000 -360 435236022125 435236022485
5905 5977 -270 435236022140 435236022410
5905 5985 -300 435236022140 435236022440
5905 6001 -360 435236022140 435236022500
5906 5970 -240 435236022140 435236022380
5906 5986 -300 435236022140 435236022440
5907 5952 -165 435236022140 435236022305
5907 5960 -195 435236022140 435236022335
5907 5992 -315 435236022140 435236022455
5907 6000 -345 435236022140 435236022485
5907 6032 -465 435236022140 435236022605
5907 6048 -525 435236022140 435236022665
5907 6056 -555 435236022140 435236022695
5907 6075 -630 435236022140 435236022770
5907 6315 -1530 435236022140 435236023670
5908 5956 -180 435236022140 435236022320
5908 5964 -210 435236022140 435236022350
5908 5980 -270 435236022140 435236022410
5909 5973 -240 435236022155 435236022395
5909 5981 -270 435236022155 435236022425
5910 5966 -210 435236022155 435236022365
5910 5974 -240 435236022155 435236022395
5910 5990 -300 435236022155 435236022455
5911 5970 -225 435236022155 435236022380
5912 5976 -240 435236022155 435236022395
5912 5984 -270 435236022155 435236022425
5913 5961 -180 435236022170 435236022350
5913 5977 -240 435236022170 435236022410
5913 5985 -270 435236022170 435236022440
5913 5993 -300 435236022170 435236022470
5913 6001 -330 435236022170 435236022500
5914 5970 -210 435236022170 435236022380
5914 6085 -645 435236022170 435236022815
5914 6093 -675 435236022170 435236022845
5915 5960 -165 435236022170 435236022335
5916 5980 -240 435236022170 435236022410
5918 5974 -210 435236022185 435236022395
5918 5990 -270 435236022185 435236022455
5919 6007 -330 435236022185 435236022515
5920 5976 -210 435236022185 435236022395
5920 5984 -240 435236022185 435236022425
5921 5977 -210 435236022200 435236022410
5921 5985 -240 435236022200 435236022440
5921 5993 -270 435236022200 435236022470
5921 6001 -300 435236022200 435236022500
5922 5994 -270 435236022200 435236022470
5922 6069 -555 435236022200 435236022755
5923 6315 -1470 435236022200 435236023670
5924 5980 -210 435236022200 435236022410
5926 5974 -180 435236022215 435236022395
5926 5982 -210 435236022215 435236022425
5927 6012 -315 435236022215 435236022530
5928 5992 -240 435236022215 435236022455
5929 5977 -180 435236022230 435236022410
5929 5985 -210 435236022230 435236022440
5931 5976 -165 435236022230 435236022395
5931 5995 -240 435236022230 435236022470
5931 6016 -315 435236022230 435236022545
5932 5980 -180 435236022230 435236022410
5933 5981 -180 435236022245 435236022425
5934 5982 -180 435236022245 435236022425
5934 5985 -195 435236022245 435236022440
5934 5990 -210 435236022245 435236022455
5934 5998 -240 435236022245 435236022485
5934 6006 -270 435236022245 435236022515
5934 6078 -540 435236022245 435236022785
5934 6094 -600 435236022245 435236022845
5935 5983 -180 435236022245 435236022425
5935 6039 -390 435236022245 435236022635
5936 5984 -180 435236022245 435236022425
5936 5992 -210 435236022245 435236022455
5936 6000 -240 435236022245 435236022485
5937 6009 -270 435236022260 435236022530
5938 5986 -180 435236022260 435236022440
5939 6315 -1410 435236022260 435236023670
5940 5996 -210 435236022260 435236022470
5941 5989 -180 435236022275 435236022455
5941 6005 -240 435236022275 435236022515
5942 5990 -180 435236022275 435236022455
5942 5998 -210 435236022275 435236022485
5943 6039 -360 435236022275 435236022635
5945 6001 -210 435236022290 435236022500
5945 6009 -240 435236022290 435236022530
5946 5991 -165 435236022290 435236022455
5946 5994 -180 435236022290 435236022470
5946 5999 -195 435236022290 435236022485
5947 6043 -360 435236022290 435236022650
5948 5996 -180 435236022290 435236022470
5949 6005 -210 435236022305 435236022515
5950 5998 -180 435236022305 435236022485
5952 6000 -180 435236022305 435236022485
5952 6008 -210 435236022305 435236022515
5953 6009 -210 435236022320 435236022530
5953 6017 -240 435236022320 435236022560
5954 5999 -165 435236022320 435236022485
5954 6002 -180 435236022320 435236022500
5954 6010 -210 435236022320 435236022530
5954 6015 -225 435236022320 435236022545
5954 6018 -240 435236022320 435236022560
5954 6042 -330 435236022320 435236022650
5956 6004 -180 435236022320 435236022500
5957 6005 -180 435236022335 435236022515
5959 6047 -330 435236022335 435236022665
5960 6004 -165 435236022335 435236022500
5961 6009 -180 435236022350 435236022530
5961 6017 -210 435236022350 435236022560
5962 6007 -165 435236022350 435236022515
5962 6013 -195 435236022350 435236022545
5963 6008 -165 435236022350 435236022515
5963 6016 -195 435236022350 435236022545
5963 6043 -300 435236022350 435236022650
5963 6072 -405 435236022350 435236022755
5967 6020 -195 435236022365 435236022560
5967 6047 -300 435236022365 435236022665
5967 6059 -345 435236022365 435236022710
5969 6017 -180 435236022380 435236022560
5970 6015 -165 435236022380 435236022545
5970 6397 -1605 435236022380 435236023985
5971 6016 -165 435236022380 435236022545
5971 6024 -195 435236022380 435236022575
5971 6072 -375 435236022380 435236022755
5975 6020 -165 435236022395 435236022560
5975 6047 -270 435236022395 435236022665
5975 6327 -1320 435236022395 435236023715
5979 6072 -345 435236022410 435236022755
5983 6055 -270 435236022425 435236022695
5986 6042 -210 435236022440 435236022650
5987 6051 -240 435236022440 435236022680
5987 6067 -300 435236022440 435236022740
5987 6072 -315 435236022440 435236022755
5987 6323 -1260 435236022440 435236023700
5987 6344 -1335 435236022440 435236023775
5991 6055 -240 435236022455 435236022695
5991 6084 -345 435236022455 435236022800
6001 6057 -210 435236022500 435236022710
6003 6072 -255 435236022500 435236022755
6005 6061 -210 435236022515 435236022725
6006 6070 -240 435236022515 435236022755
6007 6068 -225 435236022515 435236022740
6009 6057 -180 435236022530 435236022710
6009 6065 -210 435236022530 435236022740
6009 6073 -240 435236022530 435236022770
6010 6058 -180 435236022530 435236022710
6011 6056 -165 435236022530 435236022695
6013 6069 -210 435236022545 435236022755
6013 6164 -555 435236022545 435236023100
6014 6070 -210 435236022545 435236022755
6014 6078 -240 435236022545 435236022785
6014 6082 -255 435236022545 435236022800
6014 6086 -270 435236022545 435236022815
6014 6090 -285 435236022545 435236022830
6015 6060 -165 435236022545 435236022710
6015 6063 -180 435236022545 435236022725
6015 6316 -1125 435236022545 435236023670
6015 6320 -1140 435236022545 435236023685
6017 6081 -240 435236022560 435236022800
6019 6067 -180 435236022560 435236022740
6019 6142 -465 435236022560 435236023025
6020 6076 -210 435236022560 435236022770
6020 6084 -240 435236022560 435236022800
6021 6069 -180 435236022575 435236022755
6021 6085 -240 435236022575 435236022815
6022 6086 -240 435236022575 435236022815
6025 6140 -420 435236022590 435236023010
6027 6080 -195 435236022590 435236022785
6030 6078 -180 435236022605 435236022785
6031 6084 -195 435236022605 435236022800
6031 6091 -225 435236022605 435236022830
6032 6075 -165 435236022605 435236022770
6035 6080 -165 435236022620 435236022785
6039 6131 -345 435236022635 435236022980
6041 6089 -180 435236022650 435236022830
6044 6123 -300 435236022650 435236022950
6045 6116 -255 435236022665 435236022920
6047 6092 -165 435236022665 435236022830
6049 6105 -210 435236022680 435236022890
6051 6096 -165 435236022680 435236022845
6061 6116 -195 435236022725 435236022920
6061 6140 -285 435236022725 435236023010
6063 6156 -345 435236022725 435236023070
6066 6116 -180 435236022740 435236022920
6068 6131 -240 435236022740 435236022980
6069 6120 -180 435236022755 435236022935
6069 6324 -945 435236022755 435236023700
6069 6332 -975 435236022755 435236023730
6071 6156 -315 435236022755 435236023070
6071 6164 -345 435236022755 435236023100
6076 6316 -900 435236022770 435236023670
6083 6180 -360 435236022800 435236023160
6083 6188 -390 435236022800 435236023190
6084 6128 -165 435236022800 435236022965
6087 6205 -450 435236022815 435236023265
6087 6301 -810 435236022815 435236023625
6095 6149 -210 435236022845 435236023055
6095 6153 -225 435236022845 435236023070
6098 6149 -195 435236022860 435236023055
6098 6153 -210 435236022860 435236023070
6102 6149 -180 435236022875 435236023055
6102 6157 -210 435236022875 435236023085
6103 6174 -270 435236022875 435236023145
6106 6149 -165 435236022890 435236023055
6107 6164 -210 435236022890 435236023100
6107 6172 -240 435236022890 435236023130
6107 6188 -300 435236022890 435236023190
6107 6189 -315 435236022890 435236023205
6107 6279 -645 435236022890 435236023535
6111 6157 -180 435236022905 435236023085
6113 6161 -180 435236022920 435236023100
6115 6172 -210 435236022920 435236023130
6116 6267 -570 435236022920 435236023490
6118 6257 -525 435236022935 435236023460
6122 6279 -585 435236022950 435236023535
6126 6266 -525 435236022965 435236023490
6129 6177 -180 435236022980 435236023160
6129 6193 -240 435236022980 435236023220
6129 6249 -450 435236022980 435236023430
6130 6178 -180 435236022980 435236023160
6130 6181 -195 435236022980 435236023175
6130 6186 -210 435236022980 435236023190
6130 6189 -225 435236022980 435236023205
6130 6196 -240 435236022980 435236023220
6130 6212 -300 435236022980 435236023280
6134 6246 -420 435236022995 435236023415
6135 6188 -195 435236022995 435236023190
6137 6193 -210 435236023010 435236023220
6137 6249 -420 435236023010 435236023430
6138 6196 -210 435236023010 435236023220
6139 6211 -270 435236023010 435236023280
6139 6299 -600 435236023010 435236023610
6141 6357 -810 435236023025 435236023835
6145 6193 -180 435236023040 435236023220
6145 6225 -300 435236023040 435236023340
6145 6249 -390 435236023040 435236023430
6150 6198 -180 435236023055 435236023235
6153 6201 -180 435236023070 435236023250
6153 6257 -390 435236023070 435236023460
6153 6265 -420 435236023070 435236023490
6156 6288 -495 435236023070 435236023565
6156 6292 -510 435236023070 435236023580
6162 6299 -510 435236023100 435236023610
6164 6307 -540 435236023100 435236023640
6164 6340 -660 435236023100 435236023760
6171 6430 -975 435236023130 435236024105
6174 6222 -180 435236023145 435236023325
6177 6249 -270 435236023160 435236023430
6180 6307 -480 435236023160 435236023640
6185 6241 -210 435236023190 435236023400
6185 6249 -240 435236023190 435236023430
6190 6246 -210 435236023205 435236023415
6190 6357 -630 435236023205 435236023835
6193 6241 -180 435236023220 435236023400
6193 6249 -210 435236023220 435236023430
6193 6257 -240 435236023220 435236023460
6193 6265 -270 435236023220 435236023490
6193 6297 -390 435236023220 435236023610
6197 6253 -210 435236023235 435236023445
6201 6249 -180 435236023250 435236023430
6202 6284 -300 435236023250 435236023550
6206 6254 -180 435236023265 435236023445
6213 6317 -390 435236023295 435236023685
6214 6277 -240 435236023295 435236023535
6214 6349 -510 435236023295 435236023805
6217 6273 -210 435236023310 435236023520
6221 6285 -240 435236023325 435236023565
6221 6293 -270 435236023325 435236023595
6222 6269 -180 435236023325 435236023505
6222 6309 -330 435236023325 435236023655
6225 6273 -180 435236023340 435236023520
6227 6307 -300 435236023340 435236023640
6229 6285 -210 435236023355 435236023565
6229 6293 -240 435236023355 435236023595
6230 6277 -180 435236023355 435236023535
6233 6281 -180 435236023370 435236023550
6237 6285 -180 435236023385 435236023565
6238 6309 -270 435236023385 435236023655
6241 6289 -180 435236023400 435236023580
6244 6300 -210 435236023400 435236023610
6246 6294 -180 435236023415 435236023595
6246 6301 -210 435236023415 435236023625
6246 6357 -420 435236023415 435236023835
6249 6297 -180 435236023430 435236023610
6249 6305 -210 435236023430 435236023640
6249 6353 -390 435236023430 435236023820
6253 6301 -180 435236023445 435236023625
6254 6349 -360 435236023445 435236023805
6254 6357 -390 435236023445 435236023835
6257 6305 -180 435236023460 435236023640
6260 6301 -165 435236023460 435236023625
6261 6309 -180 435236023475 435236023655
6267 6331 -240 435236023490 435236023730
6269 6317 -180 435236023505 435236023685
6269 6325 -210 435236023505 435236023715
6274 6332 -210 435236023520 435236023730
6275 6336 -225 435236023520 435236023745
6276 6332 -210 435236023520 435236023730
6276 6340 -240 435236023520 435236023760
6277 6341 -240 435236023535 435236023775
6282 6332 -180 435236023550 435236023730
6286 6334 -180 435236023565 435236023745
6286 6342 -210 435236023565 435236023775
6291 6380 -330 435236023580 435236023910
6297 6353 -210 435236023610 435236023820
6302 6345 -165 435236023625 435236023790
6319 6376 -210 435236023685 435236023895
6330 6442 -420 435236023730 435236024150
6332 6381 -195 435236023730 435236023925
6335 6434 -375 435236023745 435236024120
6359 6438 -300 435236023835 435236024135
6367 6421 -210 435236023865 435236024075
6367 6430 -240 435236023865 435236024105
6367 6446 -300 435236023865 435236024165
6368 6430 -240 435236023865 435236024105
6370 6416 -165 435236023880 435236024045
6371 6438 -255 435236023880 435236024135
6371 6470 -375 435236023880 435236024255
6375 6429 -210 435236023895 435236024105
6376 6430 -210 435236023895 435236024105
6406 6463 -210 435236024015 435236024225
6412 6454 -165 435236024030 435236024195
6413 6470 -210 435236024045 435236024255
6415 6460 -165 435236024045 435236024210
6418 6467 -180 435236024060 435236024240
6419 6492 -270 435236024060 435236024330
6420 6473 -210 435236024060 435236024270
6420 6497 -300 435236024060 435236024360
6420 6505 -330 435236024060 435236024390
6420 6513 -360 435236024060 435236024420
6420 6521 -390 435236024060 435236024450
6421 6470 -180 435236024075 435236024255
6421 6494 -270 435236024075 435236024345
6421 6510 -330 435236024075 435236024405
6421 6518 -360 435236024075 435236024435
6422 6471 -180 435236024075 435236024255
6423 6488 -240 435236024075 435236024315
6423 6496 -270 435236024075 435236024345
6423 6504 -300 435236024075 435236024375
6423 6512 -330 435236024075 435236024405
6423 6520 -360 435236024075 435236024435
6424 6477 -210 435236024075 435236024285
6424 6501 -300 435236024075 435236024375
6424 6509 -330 435236024075 435236024405
6424 6517 -360 435236024075 435236024435
6425 6470 -165 435236024090 435236024255
6425 6478 -195 435236024090 435236024285
6425 6510 -315 435236024090 435236024405
6425 6518 -345 435236024090 435236024435
6426 6471 -165 435236024090 435236024255
6427 6472 -165 435236024090 435236024255
6427 6480 -195 435236024090 435236024285
6427 6524 -360 435236024090 435236024450
6428 6469 -165 435236024090 435236024255
6428 6477 -195 435236024090 435236024285
6428 6485 -225 435236024090 435236024315
6428 6493 -255 435236024090 435236024345
6428 6501 -285 435236024090 435236024375
6428 6509 -315 435236024090 435236024405
6428 6517 -345 435236024090 435236024435
6429 6473 -165 435236024105 435236024270
6429 6481 -195 435236024105 435236024300
6429 6497 -255 435236024105 435236024360
6429 6505 -285 435236024105 435236024390
6429 6513 -315 435236024105 435236024420
6429 6521 -345 435236024105 435236024450
6430 6474 -165 435236024105 435236024270
6431 6475 -165 435236024105 435236024270
6431 6483 -195 435236024105 435236024300
6432 6476 -165 435236024105 435236024270
6432 6492 -225 435236024105 435236024330
6432 6500 -255 435236024105 435236024360
6432 6516 -315 435236024105 435236024420
6432 6524 -345 435236024105 435236024450
6433 6481 -180 435236024120 435236024300
6433 6489 -210 435236024120 435236024330
6433 6497 -240 435236024120 435236024360
6434 6490 -210 435236024120 435236024330
6435 6483 -180 435236024120 435236024300
6435 6491 -210 435236024120 435236024330
6435 6507 -270 435236024120 435236024390
6435 6515 -300 435236024120 435236024420
6436 6484 -180 435236024120 435236024300
6436 6492 -210 435236024120 435236024330
6436 6500 -240 435236024120 435236024360
6436 6508 -270 435236024120 435236024390
6437 6485 -180 435236024135 435236024315
6437 6493 -210 435236024135 435236024345
6437 6501 -240 435236024135 435236024375
6437 6509 -270 435236024135 435236024405
6437 6517 -300 435236024135 435236024435
6438 6486 -180 435236024135 435236024315
6438 6494 -210 435236024135 435236024345
6438 6502 -240 435236024135 435236024375
6438 6510 -270 435236024135 435236024405
6438 6518 -300 435236024135 435236024435
6439 6487 -180 435236024135 435236024315
6439 6495 -210 435236024135 435236024345
6439 6503 -240 435236024135 435236024375
6439 6511 -270 435236024135 435236024405
6440 6488 -180 435236024135 435236024315
6440 6496 -210 435236024135 435236024345
6440 6504 -240 435236024135 435236024375
6440 6512 -270 435236024135 435236024405
6440 6520 -300 435236024135 435236024435
6441 6489 -180 435236024150 435236024330
6441 6497 -210 435236024150 435236024360
6441 6505 -240 435236024150 435236024390
6441 6513 -270 435236024150 435236024420
6441 6521 -300 435236024150 435236024450
6442 6490 -180 435236024150 435236024330
6442 6498 -210 435236024150 435236024360
6442 6506 -240 435236024150 435236024390
6442 6514 -270 435236024150 435236024420
6442 6522 -300 435236024150 435236024450
6443 6491 -180 435236024150 435236024330
6443 6499 -210 435236024150 435236024360
6443 6507 -240 435236024150 435236024390
6443 6515 -270 435236024150 435236024420
6443 6523 -300 435236024150 435236024450
6444 6492 -180 435236024150 435236024330
6444 6500 -210 435236024150 435236024360
6444 6508 -240 435236024150 435236024390
6444 6516 -270 435236024150 435236024420
6444 6524 -300 435236024150 435236024450
6445 6493 -180 435236024165 435236024345
6445 6501 -210 435236024165 435236024375
6445 6509 -240 435236024165 435236024405
6445 6517 -270 435236024165 435236024435
6446 6494 -180 435236024165 435236024345
6446 6502 -210 435236024165 435236024375
6446 6510 -240 435236024165 435236024405
6446 6518 -270 435236024165 435236024435
6447 6495 -180 435236024165 435236024345
6447 6503 -210 435236024165 435236024375
6447 6511 -240 435236024165 435236024405
6447 6519 -270 435236024165 435236024435
6448 6496 -180 435236024165 435236024345
6448 6504 -210 435236024165 435236024375
6448 6512 -240 435236024165 435236024405
6448 6520 -270 435236024165 435236024435
6449 6497 -180 435236024180 435236024360
6449 6505 -210 435236024180 435236024390
6449 6513 -240 435236024180 435236024420
6449 6521 -270 435236024180 435236024450
6450 6498 -180 435236024180 435236024360
6450 6506 -210 435236024180 435236024390
6450 6514 -240 435236024180 435236024420
6450 6522 -270 435236024180 435236024450
6451 6499 -180 435236024180 435236024360
6451 6507 -210 435236024180 435236024390
6451 6515 -240 435236024180 435236024420
6451 6523 -270 435236024180 435236024450
6452 6500 -180 435236024180 435236024360
6452 6508 -210 435236024180 435236024390
6452 6516 -240 435236024180 435236024420
6452 6524 -270 435236024180 435236024450
6453 6501 -180 435236024195 435236024375
6453 6509 -210 435236024195 435236024405
6453 6517 -240 435236024195 435236024435
6454 6502 -180 435236024195 435236024375
6454 6510 -210 435236024195 435236024405
6454 6518 -240 435236024195 435236024435
6455 6503 -180 435236024195 435236024375
6455 6511 -210 435236024195 435236024405
6455 6519 -240 435236024195 435236024435
6456 6504 -180 435236024195 435236024375
6456 6512 -210 435236024195 435236024405
6456 6520 -240 435236024195 435236024435
6457 6505 -180 435236024210 435236024390
6457 6513 -210 435236024210 435236024420
6457 6521 -240 435236024210 435236024450
6458 6506 -180 435236024210 435236024390
6458 6514 -210 435236024210 435236024420
6458 6522 -240 435236024210 435236024450
6459 6507 -180 435236024210 435236024390
6459 6515 -210 435236024210 435236024420
6459 6523 -240 435236024210 435236024450
6460 6508 -180 435236024210 435236024390
6460 6516 -210 435236024210 435236024420
6460 6524 -240 435236024210 435236024450
6461 6509 -180 435236024225 435236024405
6461 6517 -210 435236024225 435236024435
6462 6510 -180 435236024225 435236024405
6462 6518 -210 435236024225 435236024435
6463 6511 -180 435236024225 435236024405
6463 6519 -210 435236024225 435236024435
6464 6512 -180 435236024225 435236024405
6464 6520 -210 435236024225 435236024435
6465 6513 -180 435236024240 435236024420
6465 6521 -210 435236024240 435236024450
6466 6514 -180 435236024240 435236024420
6466 6522 -210 435236024240 435236024450
6467 6515 -180 435236024240 435236024420
6467 6523 -210 435236024240 435236024450
6468 6516 -180 435236024240 435236024420
6468 6524 -210 435236024240 435236024450
6469 6517 -180 435236024255 435236024435
6470 6518 -180 435236024255 435236024435
6471 6519 -180 435236024255 435236024435
6472 6520 -180 435236024255 435236024435
6473 6521 -180 435236024270 435236024450
6474 6522 -180 435236024270 435236024450
6475 6523 -180 435236024270 435236024450
6476 6524 -180 435236024270 435236024450
