1 3329
1 4145
1 5209
1 5321
1 6419
1 6444
1 6460
1 6524
2 6420
2 6497
2 6505
2 6513
2 6521
3 6417
3 6425
3 6430
3 6450
3 6458
4 6418
4 6451
4 6491
4 6499
4 6507
4 6515
4 6523
5 6423
5 6448
5 6464
5 6488
5 6496
5 6504
5 6508
5 6512
5 6520
6 6403
6 6411
6 6416
6 6424
6 6428
6 6501
6 6509
6 6517
6 6521
7 6335
7 6413
7 6425
7 6470
8 6414
8 6422
8 6479
8 6495
9 6407
9 6411
9 6415
9 6419
10 6420
10 6497
10 6505
10 6513
10 6521
11 3754
11 6417
11 6425
11 6430
12 6414
12 6418
12 6426
12 6451
12 6507
13 6407
13 6415
13 6423
13 6452
13 6524
14 6411
14 6416
14 6424
14 6485
14 6493
14 6501
14 6509
15 6405
15 6412
16 6414
16 6422
16 6430
16 6482
16 6514
17 6399
17 6407
17 6411
17 6415
17 6419
18 6400
18 6408
18 6412
18 6420
19 6413
19 6417
19 6430
20 6406
20 6414
21 6399
21 6402
21 6407
21 6410
21 6411
21 6415
22 6378
22 6395
22 6403
22 6407
22 6408
22 6411
22 6416
22 6419
22 6424
23 5429
23 6404
23 6412
24 6414
24 6417
24 6430
25 73
25 6391
25 6399
25 6407
25 6465
25 6473
25 6489
26 6400
26 6408
26 6412
27 778
27 1624
27 1782
27 4470
27 6335
27 6401
27 6405
27 6413
27 6430
28 6365
28 6373
28 6398
28 6406
28 6410
28 6414
29 6382
29 6391
29 6394
29 6398
29 6399
29 6402
30 6370
30 6395
30 6403
30 6408
30 6416
31 159
31 5428
31 5429
31 6397
32 2235
32 5333
32 6393
32 6430
33 153
33 6374
33 6391
33 6395
33 6399
33 6403
33 6411
34 6375
34 6379
34 6400
35 6319
35 6343
35 6351
35 6368
35 6376
35 6380
35 6389
35 6397
35 6430
36 1260
36 1268
36 1702
36 6373
36 6377
36 6381
36 6390
36 6393
36 6398
36 6406
37 6369
37 6374
37 6377
37 6382
37 6386
37 6394
37 6402
38 6370
38 6378
38 6383
38 6387
38 6395
38 6400
38 6403
38 6408
39 295
39 5899
39 6363
39 6371
39 6379
39 6384
39 6388
40 6372
40 6380
40 6381
40 6393
40 6401
41 217
41 6358
41 6366
41 6374
41 6378
41 6383
41 6386
41 6391
42 6375
42 6379
42 6396
43 1528
43 4840
43 6351
43 6363
43 6368
43 6372
43 6376
43 6380
43 6384
43 6388
43 6389
43 6430
44 124
44 4854
44 6365
44 6373
44 6377
44 6390
44 6398
45 106
45 6369
45 6374
45 6377
45 6382
45 6391
45 6394
46 6370
46 6378
46 6383
46 6400
46 6408
47 111
47 175
47 183
47 196
47 1205
47 1221
48 4486
48 4497
48 6359
48 6372
48 6380
48 6393
49 153
49 425
49 6366
49 6370
49 6378
49 6391
50 114
50 178
50 213
50 333
50 4372
50 4508
50 5300
51 1294
51 6376
52 444
52 2626
52 5202
52 6373
53 229
53 4637
53 6374
54 4479
54 5800
54 5804
54 6362
54 6375
55 98
55 119
55 127
55 132
55 175
55 183
55 247
55 255
55 381
56 6376
56 6380
56 6393
57 209
57 217
57 6358
57 6362
57 6370
58 122
58 130
58 186
58 191
58 194
58 306
58 314
59 187
59 196
60 308
60 436
60 444
60 4092
60 4821
60 4848
61 125
61 5354
61 5389
61 6342
61 6350
61 6358
61 6362
61 6366
62 122
62 126
62 190
62 306
62 318
63 127
63 130
63 381
64 131
64 187
64 192
64 195
64 200
64 862
64 870
64 1264
64 6339
65 129
65 257
65 310
65 313
65 321
66 130
66 138
66 146
66 154
67 128
67 131
67 195
67 260
68 127
68 196
68 5610
68 6381
69 127
69 133
70 134
70 145
70 318
71 207
71 2783
72 140
72 187
72 200
72 320
72 5590
73 137
73 145
73 153
73 161
73 201
73 273
73 306
73 310
73 321
73 329
73 337
74 130
74 138
74 146
74 170
74 202
75 120
75 211
75 6430
75 6466
76 140
76 204
76 5601
77 141
77 149
77 205
77 306
77 5541
78 134
78 137
78 142
78 145
78 150
78 161
78 214
78 294
78 302
78 326
80 328
81 137
81 145
81 153
81 161
81 177
81 185
81 209
81 217
81 329
81 337
82 130
82 149
82 218
83 195
83 211
83 3754
83 4041
84 332
85 141
85 149
85 333
86 142
86 145
86 150
86 161
86 174
86 214
86 222
87 159
87 3223
87 5477
88 211
88 235
89 153
89 161
89 177
90 138
90 146
90 218
91 211
91 323
91 331
91 339
91 1710
92 212
92 219
93 157
93 213
94 142
94 150
94 158
94 166
94 174
94 222
94 230
94 278
95 149
95 157
95 159
95 4029
95 5429
96 219
97 153
97 161
97 169
97 177
97 185
97 217
97 225
97 297
97 345
97 529
97 537
98 194
99 144
99 363
100 236
100 244
101 157
101 165
101 229
101 237
102 150
102 166
102 174
102 222
102 230
103 149
103 159
103 175
103 213
104 224
104 232
104 240
104 918
105 153
105 161
105 169
105 177
105 241
106 149
106 175
106 178
107 360
107 2665
107 4041
108 212
108 228
108 236
108 244
108 6430
109 157
109 237
110 153
110 206
110 238
110 302
110 358
110 390
110 438
111 175
111 183
112 240
112 248
112 312
112 320
113 161
113 169
113 177
113 185
113 241
113 353
114 178
114 186
114 332
115 363
115 2665
115 4041
116 180
116 220
116 236
116 244
116 4006
117 181
117 189
117 215
117 549
118 182
118 1991
119 175
119 197
119 367
119 381
120 204
120 208
120 216
120 304
120 312
120 1334
120 4041
120 5871
121 169
121 177
121 185
121 201
121 249
122 186
122 190
122 205
122 250
122 258
123 315
124 172
124 220
124 228
124 236
124 244
124 348
124 1146
124 6430
125 173
125 181
125 189
125 197
125 316
125 549
125 592
125 3375
126 190
126 198
126 246
126 254
126 257
126 370
126 374
126 385
126 1232
126 1240
127 175
127 183
127 191
127 316
127 381
127 5354
128 192
128 1166
128 6075
129 193
129 201
129 257
129 321
130 173
130 202
130 210
130 250
131 862
131 1146
131 5831
132 196
132 260
132 320
132 380
133 191
133 197
133 205
133 261
134 182
135 181
135 244
136 312
137 182
139 208
141 205
141 389
141 3800
141 4543
142 294
143 207
144 188
145 209
145 329
145 337
146 218
147 211
147 232
147 6376
148 252
148 332
148 4222
149 205
149 213
149 221
149 362
149 2693
149 4607
149 5247
149 5842
149 6347
149 6355
150 278
150 1779
151 215
152 220
152 328
153 209
153 217
153 225
153 329
153 337
154 210
154 218
154 338
155 211
156 332
157 237
157 1189
158 278
159 207
159 343
160 232
161 294
162 218
163 376
164 220
165 237
167 325
167 332
167 5389
168 232
169 241
169 294
170 218
170 226
171 328
171 870
171 886
172 220
173 237
174 294
175 316
175 388
176 232
177 241
177 297
177 353
177 361
178 306
178 2428
178 2429
178 5428
178 5429
179 347
179 363
180 1154
180 6430
180 6442
183 1154
184 886
185 249
185 6409
186 250
186 314
186 389
187 259
187 4041
188 1143
188 1154
188 4416
188 6430
188 6442
189 5442
190 254
190 257
190 370
190 374
190 377
190 382
191 316
191 5389
192 1174
193 249
193 257
193 377
193 897
193 1209
194 314
194 5389
194 5501
195 379
196 252
196 255
196 260
196 268
196 269
196 380
196 388
196 1154
196 6355
196 6389
197 260
197 261
198 254
198 374
198 377
198 382
198 2648
198 2656
198 2664
199 287
199 343
199 436
200 412
201 249
201 257
201 321
201 329
201 377
203 275
203 339
203 347
203 1145
203 5598
204 268
204 388
205 389
205 4543
206 382
208 360
208 368
209 321
209 329
209 345
209 361
209 369
209 393
210 274
210 330
212 3746
213 333
213 6347
214 334
215 309
215 335
216 870
217 281
217 345
217 3457
218 330
218 346
219 275
219 292
219 347
221 341
223 271
223 287
223 309
224 360
224 4006
225 321
225 337
225 345
225 393
226 290
226 314
226 338
226 346
227 283
227 292
228 1090
228 1146
229 285
229 293
229 341
229 469
229 1237
229 4861
230 350
230 6158
231 293
231 295
232 360
233 345
233 353
233 361
233 422
234 290
234 349
234 354
235 355
235 1234
236 292
236 308
236 6363
237 309
237 338
237 349
237 541
238 302
238 358
238 366
238 390
238 442
238 2440
239 285
239 295
239 396
239 1877
240 288
241 289
241 297
241 353
241 361
241 393
241 1249
241 5425
241 6409
242 302
242 325
242 1292
242 2436
243 307
243 5766
244 292
244 340
244 592
244 4010
244 4084
245 293
245 335
245 349
245 6332
246 366
246 538
246 2440
246 3027
246 5842
246 5847
247 317
248 1342
248 6327
249 369
249 378
251 315
251 1281
252 300
252 308
252 316
252 324
252 332
252 356
252 364
252 372
252 1234
252 1649
252 2460
252 3386
252 4554
252 4562
252 6368
253 317
253 332
254 3988
255 303
255 325
255 2757
256 312
256 315
256 320
257 321
258 314
259 315
259 379
260 315
260 324
260 325
260 332
260 367
260 380
260 388
260 4546
260 5442
261 311
261 317
261 324
261 325
261 367
261 381
262 542
262 4800
263 436
263 608
263 1829
263 5404
263 6348
264 320
264 777
264 785
264 4566
264 4577
265 321
265 3977
265 4793
266 354
266 3407
267 323
267 347
267 1137
267 4017
268 359
268 789
268 1130
268 4554
268 4562
268 4752
268 4795
268 4829
268 5450
269 325
269 341
269 2429
269 2757
271 319
271 335
271 343
271 351
271 6466
272 360
272 742
272 2686
272 4006
272 4550
273 321
273 329
273 401
273 5009
274 322
274 330
274 346
274 354
274 611
274 5202
274 5418
275 323
275 347
275 356
275 516
276 332
276 356
276 1255
276 1835
276 2100
277 325
277 1263
277 1285
278 342
278 414
279 3098
279 3285
280 360
280 742
280 1294
280 3382
280 4542
280 4550
281 1073
281 4841
282 362
282 3285
282 3467
282 3596
282 5218
283 331
283 347
283 355
283 392
283 3298
283 4014
283 4017
284 348
284 372
284 1235
286 414
286 3904
286 5539
286 6174
287 436
287 3045
287 3453
287 3967
287 6332
288 336
288 344
288 392
288 408
288 750
288 1624
288 1750
288 4014
288 4038
289 969
289 1545
289 1561
289 3457
290 346
290 354
290 362
290 1098
290 1106
290 5362
291 395
291 404
291 420
291 1330
292 356
293 397
295 343
295 351
295 354
295 359
295 436
295 471
296 344
296 750
296 942
296 2566
296 4014
296 4054
297 409
297 425
297 2985
297 3417
297 3921
297 5201
298 359
298 5354
298 5359
298 5389
299 355
299 363
299 387
300 364
300 396
300 404
300 412
300 420
300 1837
300 3611
300 5275
300 5307
300 5389
300 6343
301 383
301 3975
301 5396
302 358
302 366
302 382
302 5292
302 5301
303 367
303 375
304 368
304 2574
305 361
305 409
305 457
305 1073
305 4137
306 370
306 4500
306 5028
307 4029
307 5438
308 356
308 364
308 372
308 387
308 412
308 1082
308 1649
308 2626
308 3384
308 4084
308 4220
308 6328
308 6360
308 6373
310 374
310 3896
311 367
311 375
311 2077
311 5389
312 2566
312 2606
312 2665
312 4038
312 4054
313 378
314 370
314 378
315 371
315 379
315 380
316 373
316 375
316 378
316 380
316 381
316 396
317 375
317 378
317 381
317 388
318 374
318 1144
318 4496
319 383
320 376
320 379
320 380
320 384
320 720
320 838
321 377
321 385
322 1498
322 2783
322 2869
322 4354
323 4097
324 380
325 3975
326 1136
326 1621
327 1836
327 6052
329 537
330 4557
331 395
333 1119
334 422
334 430
336 918
336 4022
336 4030
336 4054
338 436
338 2637
339 2657
339 2665
339 4025
342 1078
342 1094
342 2542
342 6386
343 436
343 2637
344 4014
345 401
345 537
347 2649
347 2657
347 2665
347 4497
348 1146
348 4097
350 398
350 1086
350 1094
350 1110
350 1126
350 2040
350 2534
350 2627
351 464
351 2693
351 4029
352 4030
352 4046
354 611
355 2593
356 420
356 436
357 6332
358 446
358 5893
360 424
360 2558
360 2566
360 2574
360 2654
360 2662
360 4038
361 425
361 433
361 4049
363 2665
363 4097
363 4942
364 436
365 436
365 444
365 452
365 2983
366 449
366 454
366 2155
368 2142
368 2566
368 2665
368 4038
368 4046
369 425
369 2521
369 2529
369 3073
369 4321
370 454
370 4627
371 5606
372 436
372 1138
372 1250
373 845
373 4397
373 5354
374 2160
374 2168
374 2288
375 1197
376 4038
376 4046
376 4054
376 4077
377 3241
378 3543
378 5418
379 999
380 1154
380 3735
382 449
382 2160
382 2168
382 2648
382 2659
382 2664
383 616
383 3069
383 3285
383 3463
383 4135
383 4181
383 6069
383 6164
384 894
384 4085
384 4094
385 446
385 2672
386 445
386 611
386 1237
386 2783
387 1619
387 2577
387 5598
387 5630
388 1154
389 5221
390 438
390 442
390 446
390 457
391 436
391 444
391 501
391 616
391 6069
392 2142
392 2542
392 2566
392 2990
392 4014
393 457
393 3153
394 444
394 3916
394 4996
394 6227
395 1090
396 1068
396 4744
396 5418
396 5650
397 5293
397 5725
397 5975
398 2619
398 3008
398 3072
399 493
399 1101
399 3127
399 6164
400 2118
400 2542
400 2990
400 4038
400 4950
401 2193
401 2201
401 3297
401 3641
401 3889
401 4729
402 3837
402 3916
404 1068
404 4442
404 5307
405 3045
405 4668
405 6037
406 672
406 1629
406 3072
406 6298
406 6374
406 6435
407 1579
407 3127
407 4967
407 5270
407 6069
408 1070
409 457
409 1457
409 3121
409 4409
409 6289
410 3066
411 476
412 459
412 464
412 1068
412 1754
412 2075
412 6215
412 6343
413 2301
413 3983
413 4549
413 6069
414 2214
414 2781
415 1657
415 4861
415 6063
419 1097
420 464
420 467
420 1050
420 1058
420 1068
420 1082
420 1657
420 1722
420 1730
420 1754
420 2215
420 2226
420 4264
420 5307
420 6343
421 467
423 2245
423 2955
424 4093
425 5233
428 483
429 1517
431 481
431 1677
431 4309
431 4415
431 5579
431 6104
432 1142
432 1984
432 3118
433 5009
434 5967
435 1731
435 4386
436 565
436 2207
436 2218
436 2260
436 2851
436 4338
436 5202
436 6348
436 6364
437 3045
437 6069
439 1141
439 1471
439 4418
440 624
440 2230
441 2233
441 5001
441 5465
442 1499
442 1656
442 2883
442 4471
442 5255
443 1657
443 4365
444 492
445 1498
445 2212
445 3787
446 4475
446 5251
447 1055
447 1308
447 1644
447 4884
447 6104
448 516
448 1097
448 4432
449 963
449 2313
449 2745
449 5595
450 2204
450 6118
451 4365
451 4432
452 580
452 2210
452 2212
452 6332
454 1499
455 2204
455 3157
455 4373
456 1046
456 5210
457 1049
457 5537
458 2204
458 4324
458 4464
458 5536
459 1629
459 1657
460 2980
460 3792
460 4557
461 1126
461 2622
461 3071
462 1496
462 1731
462 4448
462 6160
462 6315
463 1149
463 1813
463 2189
463 3127
463 3143
463 3827
463 3835
463 4324
463 4872
463 4960
463 5452
463 6084
464 2901
465 4369
465 5393
465 5649
466 1236
466 1371
466 3132
466 3147
466 3156
466 5579
467 3130
468 540
468 1145
468 3967
468 4412
469 541
470 3568
470 4136
470 4400
470 4416
471 1637
471 3117
471 3141
471 3220
471 3224
471 6396
472 532
472 544
472 1079
472 4430
473 1747
473 1763
473 2113
473 2353
473 2369
473 3889
473 4459
473 5305
474 747
474 1788
474 2924
474 3069
474 3900
474 5967
475 914
475 938
475 961
475 2199
475 2214
475 2914
475 3130
476 969
476 5364
477 3111
477 3143
477 3156
477 3165
477 3172
478 1656
478 3527
478 5515
478 5523
478 5940
478 6152
479 535
479 2637
479 2807
479 2879
479 3304
479 4517
480 528
480 544
480 957
480 3135
480 3165
481 1233
481 4841
481 5964
482 538
482 2916
482 3068
482 3476
482 5716
482 6104
483 540
483 595
483 1082
483 1746
483 6311
484 969
484 1097
484 3037
484 6373
485 1535
485 1607
485 3454
486 1101
486 4296
486 4304
487 541
487 549
488 587
489 1073
489 2113
489 2369
489 4435
489 6129
490 1644
490 2516
490 2532
491 536
491 548
491 1926
491 2270
492 1018
492 1598
492 4557
493 1143
493 1637
493 2847
493 5005
493 6364
494 1568
494 2904
494 2908
495 541
495 549
495 608
495 910
495 4407
495 4557
496 544
496 560
496 1926
496 2237
497 1025
497 1033
497 2369
497 4193
498 561
498 1644
498 2819
498 2899
498 2908
498 6020
499 544
499 584
499 4493
500 564
500 2585
500 2649
500 2665
500 4497
501 616
501 1086
501 1093
501 1463
501 1579
501 2626
502 1568
502 2824
502 2888
502 2904
503 565
503 600
503 608
503 3967
503 4367
503 6282
504 568
504 600
504 910
505 779
505 2819
505 2899
505 3028
506 553
507 556
507 5005
508 584
508 3264
508 3920
508 4420
508 4932
508 5466
509 4380
509 4479
510 558
510 588
510 1536
511 3117
511 5354
512 579
512 2278
512 2286
513 771
513 1576
513 2819
513 4296
514 3019
514 3024
515 1475
515 2818
516 3307
516 6322
516 6380
517 588
517 2807
517 2815
517 2889
517 5364
519 4497
521 3235
521 3476
522 3003
522 3011
522 3019
523 568
523 595
524 584
524 1275
524 3264
524 3268
524 4016
524 4493
524 5005
525 1495
525 1565
525 3117
527 2791
527 4007
527 5461
527 6316
528 587
528 1512
529 5337
531 576
531 595
531 2954
532 584
532 2847
532 4348
532 5466
533 1549
533 3028
535 1645
535 2076
535 3117
535 4015
535 5831
535 6042
537 6377
538 2072
538 3155
538 3988
538 5892
540 3386
540 4348
540 4513
541 4557
543 805
543 1245
543 3224
543 3324
543 4309
543 5975
544 587
544 595
544 603
544 1886
544 2278
544 3924
545 4433
546 2547
546 3027
546 4255
546 5971
546 5975
547 591
547 5391
548 2826
548 4412
549 2260
550 2888
551 3236
554 643
554 668
554 707
554 2352
554 4255
554 6084
555 5474
556 4493
557 2999
557 3119
557 4557
558 1520
559 6076
559 6276
562 1635
562 1643
562 1648
562 1652
562 1653
562 4091
562 4288
562 6067
563 700
563 927
563 956
564 5005
566 1520
566 1627
566 1643
566 1648
566 1652
566 4280
566 5832
567 662
567 706
567 773
567 4972
568 1544
568 1878
569 1643
569 1648
569 1652
570 957
570 1331
570 1339
570 1422
570 1430
570 5507
572 2252
572 3967
572 4421
572 4453
573 1643
573 4079
574 647
574 907
574 939
574 1640
575 689
575 705
575 713
575 714
575 4286
577 1001
577 1940
577 2745
577 5745
577 6193
578 1360
578 5323
578 5328
578 6087
578 6114
579 679
580 6434
581 703
581 1635
581 4263
581 6080
582 979
582 3259
582 6126
583 655
583 1006
583 5870
584 5466
584 6295
584 6388
585 633
585 703
585 1457
585 2281
585 3873
588 664
588 1536
588 5991
588 6076
589 695
589 703
589 768
589 2631
589 3069
589 6084
590 638
591 679
591 749
591 2863
591 5474
592 5389
592 6434
592 6442
593 641
593 665
593 1369
593 3617
593 5185
593 5849
593 6129
593 6137
594 642
594 650
594 666
596 668
596 1661
596 2136
596 3355
596 4242
596 4250
596 5220
596 5640
597 668
597 3476
597 3573
597 5975
597 6100
598 654
598 662
599 645
599 647
599 679
599 709
599 749
599 781
599 2117
599 4943
599 4997
599 5474
599 5495
599 5532
599 6316
600 1022
600 2718
600 4420
601 657
601 665
601 673
601 3353
602 650
602 657
603 708
603 1603
603 3165
603 4412
603 4420
604 668
604 5044
605 669
605 695
605 741
606 649
607 655
607 663
607 671
607 679
607 687
607 1291
607 6275
608 2742
608 3045
609 657
609 721
609 5559
610 658
610 690
610 722
610 729
610 794
610 1874
610 3162
610 6082
611 740
611 747
611 780
611 1107
611 1267
611 2964
611 3180
611 4827
611 5471
611 5479
611 6130
611 6196
611 6279
611 6328
612 668
613 685
613 5562
614 662
615 658
615 663
615 671
615 679
615 687
615 719
615 727
615 751
615 757
615 765
615 772
615 1279
615 1287
615 1706
615 2143
615 2182
615 2919
615 3839
615 3843
615 5555
615 6308
616 664
616 1086
616 3095
616 5501
617 665
619 684
619 715
619 740
619 748
619 931
619 2907
620 2778
620 5788
620 6380
621 687
621 5543
623 671
623 679
623 2143
623 2261
623 3525
623 3839
623 3847
623 4554
623 4591
623 4594
623 4599
623 4791
623 4989
623 5037
623 6279
624 1070
624 1544
624 1738
624 5340
624 5356
624 6174
625 673
625 5025
627 684
627 691
627 699
627 931
627 1005
627 1307
627 2139
628 1097
631 679
631 695
631 751
631 853
631 861
631 887
631 895
631 943
631 2143
631 4975
631 5021
631 5029
631 5183
631 5191
631 5663
632 736
632 2007
632 3624
632 3904
632 6299
633 3033
634 1367
634 1902
634 2117
634 3162
634 3994
634 5479
635 740
635 2483
635 2891
635 3851
635 5187
635 5579
635 5712
636 5448
636 5511
637 3525
637 4063
637 5543
637 6252
638 1902
638 2131
638 2213
639 703
639 733
639 831
639 5021
640 688
640 704
640 744
640 3872
640 4344
640 4947
640 5507
640 5536
640 5595
640 6134
641 729
641 2305
641 3369
641 4625
641 6137
643 699
643 707
643 724
643 732
643 891
643 916
643 963
643 1763
643 3859
643 4963
644 4379
644 5452
644 5487
644 5540
644 5765
645 709
645 2157
645 5452
645 5564
647 711
647 725
647 741
647 749
647 935
648 2379
648 4056
648 5280
648 5683
648 5688
648 5691
648 5696
648 6000
649 2281
649 3881
649 3889
650 698
650 706
650 711
650 713
650 714
650 730
650 1290
650 2206
650 6279
651 724
651 891
651 907
651 1595
651 3872
652 740
652 780
652 4197
652 5036
652 5415
653 773
653 2116
653 2189
653 6087
653 6300
654 702
654 710
654 718
655 719
655 727
655 765
655 781
655 895
655 919
655 2919
655 6119
656 2288
656 3872
656 4056
656 5012
657 705
657 3881
657 3889
658 714
658 722
658 826
658 1283
658 1290
658 1786
658 1898
658 1943
658 3783
658 4911
658 5431
658 5538
658 5543
658 5546
658 5551
659 715
659 723
659 731
659 915
659 923
659 931
660 740
660 963
660 1587
660 3060
660 4635
660 5220
660 5224
660 5259
660 5267
661 725
661 2292
661 3613
662 710
662 718
662 726
662 1312
663 711
663 719
663 727
663 735
663 757
663 919
663 1287
664 712
664 720
664 728
664 3255
664 6153
665 729
665 849
666 714
666 730
666 786
666 802
666 1290
666 5498
667 731
667 756
667 764
667 772
668 732
668 740
668 924
668 1576
668 1612
668 1755
668 2891
668 3851
668 3859
668 4827
668 5044
669 733
669 741
669 5716
669 6085
671 735
671 749
671 765
672 736
672 744
672 752
672 928
672 936
672 952
672 992
672 3072
673 737
673 745
673 2209
673 4129
673 4409
674 730
674 967
674 986
674 2162
674 6279
675 731
675 739
675 740
675 748
675 756
675 923
675 948
675 1308
676 740
676 748
676 5044
677 741
677 749
677 4373
678 734
678 6117
679 749
679 773
679 903
679 956
679 957
679 1312
679 1727
679 2789
679 5495
680 736
680 752
680 760
680 928
680 936
681 737
681 745
681 3369
682 986
682 6215
683 731
683 748
683 756
683 956
684 748
684 749
684 756
684 1005
684 1132
684 1632
684 3864
684 6271
685 741
685 749
685 941
685 1001
686 806
686 1734
686 3182
686 3323
686 5302
686 6117
686 6148
687 741
687 751
687 919
687 943
688 736
688 744
688 752
688 944
688 1491
688 1504
688 2083
688 5507
689 737
689 745
689 977
690 898
690 6304
691 740
691 931
691 1491
692 748
692 749
692 756
692 1636
693 757
693 773
693 949
693 3525
695 741
695 951
696 744
696 752
696 760
696 936
696 1496
697 761
697 801
697 953
699 763
699 776
699 891
699 916
699 923
699 931
699 963
699 1499
699 1507
699 1627
699 3859
699 4971
700 748
700 756
700 764
700 772
700 780
700 1132
700 6307
701 749
701 757
701 765
701 965
701 989
701 6340
703 831
703 1511
703 1619
703 1627
704 752
704 768
704 928
704 960
704 2920
705 4409
707 763
707 771
707 899
707 1507
707 1627
707 3859
708 764
708 772
708 6271
709 781
709 1331
709 1339
709 1632
709 2383
711 1301
711 1309
711 2039
711 5023
711 5647
712 3632
712 5675
713 1290
713 1299
713 2418
714 818
714 4639
714 5174
715 907
715 931
715 1523
716 772
716 780
716 788
716 1644
716 3960
716 5515
717 781
717 973
717 5238
719 765
719 791
719 1301
719 1317
719 1738
720 773
720 1528
720 3832
720 6125
721 1299
721 1640
721 4811
721 4922
722 794
722 1227
722 1738
722 1762
722 1794
722 1943
722 5546
722 5551
724 796
726 1061
726 4118
727 799
728 1320
728 1536
728 4544
729 785
729 801
729 849
729 1369
729 2777
729 3033
729 5041
732 916
732 963
732 988
732 3864
733 925
733 981
733 989
733 1673
733 5636
733 5640
733 5663
733 5967
733 5975
734 1286
734 1294
735 2871
738 1305
738 2478
738 3762
738 6229
738 6316
740 964
740 996
740 1005
740 2908
740 6263
741 1295
741 4989
741 6267
742 2998
742 3813
742 5414
744 944
744 1504
744 5035
745 3129
746 818
746 938
746 1006
746 4522
747 796
747 1316
747 3500
748 908
748 948
748 964
748 996
748 1005
749 1001
750 1286
750 1294
750 2224
750 2566
751 805
753 969
753 2577
753 3129
753 3161
753 3641
753 4409
754 1794
754 2050
754 4530
754 5426
754 6253
754 6294
755 804
755 3355
755 3484
756 948
757 957
757 2173
757 3941
758 1010
758 1286
758 1294
758 1710
759 1292
759 1301
759 2055
759 3997
760 1304
760 3480
760 3520
761 2407
761 3169
761 3994
762 2050
762 2058
762 3214
762 4812
762 6114
763 1292
763 2059
763 4547
766 1286
766 4550
767 1127
767 1259
767 1263
767 1267
767 1284
767 1285
767 1877
767 2063
767 3557
767 3959
767 3981
767 4573
768 963
768 4983
768 6072
769 969
769 2050
769 2561
769 3137
769 3201
770 1250
770 1266
770 3221
770 4786
770 5567
771 964
771 1284
771 4555
772 1005
773 903
773 949
773 1141
773 2302
773 2949
773 3135
773 3143
773 3831
773 4036
773 4997
773 5474
773 5564
773 6023
773 6356
774 1270
774 1286
774 1822
774 4793
774 5590
775 837
775 1271
775 3548
775 3967
775 3983
776 963
776 1376
776 4560
776 4795
777 1097
777 1281
777 1865
777 3161
777 4561
778 1202
778 1250
778 6405
779 844
779 868
780 1384
780 2227
780 3115
780 3123
780 4980
780 5479
780 6255
781 3165
781 5717
782 1238
782 1262
782 5574
782 5614
783 3967
784 904
784 1272
784 1280
784 4197
784 4560
785 1281
785 1827
785 1873
785 4569
785 4577
785 5169
785 5705
786 1154
786 1202
786 3994
787 868
787 884
787 900
787 908
787 3875
788 1271
788 1840
788 2269
788 2756
788 3508
788 4564
788 5501
789 2084
789 4554
789 4573
790 1223
790 1256
790 1262
790 1269
790 1276
790 1827
790 1830
791 871
792 840
792 864
792 868
793 841
793 857
793 1256
793 1259
793 1260
793 1264
793 1281
793 1289
793 2058
793 2985
793 5201
793 5209
793 5737
794 898
794 4498
795 844
795 851
795 868
796 916
797 2773
797 3360
797 5725
797 6085
798 1239
799 845
799 847
799 884
800 856
800 864
800 880
800 904
801 849
801 2977
801 3057
802 938
802 1006
802 5026
802 6231
803 851
803 852
803 856
803 860
803 867
803 868
803 875
803 876
803 883
803 884
803 1144
803 3915
804 860
804 868
805 2151
805 3501
806 1277
807 863
808 872
808 880
808 1112
809 1369
809 4345
809 4849
810 865
810 1138
810 1154
810 1162
810 1170
810 1786
810 2602
810 4218
811 860
811 868
811 875
811 884
811 1116
811 1144
811 1195
811 3419
812 860
812 868
812 1224
812 4844
813 4341
813 6164
814 2454
814 6438
815 877
815 1279
815 5045
816 864
816 872
816 880
816 888
816 904
816 1152
817 1249
817 2793
817 2881
817 4841
818 3138
818 3610
819 868
819 875
819 876
819 883
819 884
819 891
819 1144
819 1152
819 1219
819 3419
819 3784
819 3827
819 5252
820 868
821 885
821 5045
822 886
822 905
822 1223
822 2450
823 869
823 1871
823 2151
824 872
824 880
824 888
824 896
824 952
824 1152
824 1184
825 2025
825 2881
825 4473
826 5426
826 5557
826 5630
827 876
827 1515
829 877
829 884
829 885
829 5045
830 1024
830 1790
830 5633
830 6190
830 6246
831 879
831 1127
831 3975
831 5021
832 880
832 888
832 896
832 920
833 914
834 898
834 2146
834 5954
836 1795
836 3931
837 884
837 885
837 2047
838 1222
838 5574
838 5598
839 1143
839 4015
839 5418
839 5668
839 5962
842 953
842 4914
843 980
846 1158
846 1206
846 5879
847 901
847 957
847 5466
847 5487
847 5564
848 968
848 1940
848 2303
848 2307
848 2312
848 2323
849 1169
849 3001
850 1178
850 4034
851 908
852 1936
855 901
855 903
855 957
855 1197
855 4487
855 5461
855 6019
855 6303
857 1177
858 1146
858 1193
858 3627
858 6311
859 6312
861 5021
862 910
862 1158
862 1166
862 1174
862 1182
862 1190
863 909
864 912
865 913
865 1161
865 1177
865 1209
866 1178
866 1185
866 1193
869 3197
870 1166
870 1174
870 1182
870 4006
871 2799
872 928
873 1169
873 1209
873 1217
874 1177
874 1185
874 4610
874 4618
875 3419
878 1166
878 1174
878 4038
879 4807
879 5935
879 6439
880 928
880 1176
881 4009
881 4473
881 4505
882 3986
883 931
883 1539
883 1547
883 3187
883 3507
883 6167
886 1166
886 1174
886 4038
887 1119
887 1127
887 3944
888 6200
889 1209
889 1233
889 4489
889 4529
890 1173
890 2898
891 939
891 947
891 955
891 2935
891 4971
891 5219
894 1158
894 1174
895 943
895 959
895 2799
895 2887
895 3855
895 4463
895 4471
896 944
896 5507
897 1217
897 1225
897 4009
897 4489
897 4497
897 4537
897 6425
898 3050
898 4618
898 5962
899 955
899 963
899 5195
899 5663
900 1151
901 949
901 957
901 4477
901 5487
901 5556
901 6091
902 2542
902 4006
903 967
903 1157
903 2791
903 3143
903 4997
903 5474
903 5479
904 1080
904 3552
904 3560
905 953
905 969
905 1193
905 1201
905 4041
905 4049
905 4489
906 954
906 1098
906 1145
906 2842
906 3058
906 3066
907 972
907 1668
907 6263
908 956
908 964
908 1312
909 957
909 973
909 1197
909 4007
909 5007
910 4006
910 4038
910 4046
911 959
911 965
911 973
912 4027
912 4344
912 4480
912 5216
912 6312
913 969
913 3537
914 962
914 970
914 985
914 1085
914 1106
914 1341
914 2546
914 5970
914 6010
915 972
916 980
917 973
917 981
917 989
918 966
918 4006
918 4014
918 4038
920 3563
920 4307
921 977
921 2537
921 2545
921 2561
921 3081
922 970
922 1129
922 5914
924 988
925 981
926 974
926 1118
927 973
927 983
927 1009
928 3150
928 5531
929 2545
929 2561
929 2569
930 998
930 1145
930 1498
930 3122
931 1005
931 1115
931 2915
931 6111
931 6255
931 6263
932 988
932 6263
933 981
933 997
933 1009
933 1119
934 1096
934 1110
935 1101
936 6027
937 1114
937 2561
937 2569
938 1006
938 1098
938 1125
938 2245
938 2253
938 2911
938 2994
938 3122
938 4059
938 4138
938 4450
938 5218
938 5266
938 6013
938 6034
938 6042
938 6111
938 6173
939 5240
940 1005
940 1644
940 6263
941 1111
942 990
942 1094
942 1110
942 1126
943 1009
943 5519
943 6307
944 4156
944 4456
944 5499
944 5507
944 5556
945 2569
945 2577
945 3129
946 1006
946 3828
946 5962
948 1275
948 1636
948 2208
949 2157
949 2181
949 5564
949 6126
950 1006
950 1094
950 1102
951 2935
952 5368
953 2129
953 2553
953 2561
953 4441
953 4610
953 4618
954 1058
954 1082
954 1097
954 1145
956 2180
956 5479
956 6263
957 2157
957 4477
957 5576
957 6053
957 6298
958 1094
958 1118
958 1126
958 1142
958 5222
958 5230
959 1009
961 1090
961 1785
961 4097
962 1114
963 1555
963 5506
963 5636
965 1009
965 3045
966 1118
967 1085
967 2895
967 3175
967 5279
967 5396
967 6013
967 6071
967 6111
967 6164
968 3288
968 3296
968 3928
969 1081
969 1089
969 1105
969 1113
969 1121
969 1249
969 1441
969 1473
969 1505
969 1753
969 1761
969 1785
969 1809
969 1817
969 1937
969 2241
969 2441
969 2449
969 2465
969 2641
969 2905
969 2961
969 3001
969 3129
969 4449
969 5065
969 5225
969 5233
969 6017
970 1098
971 1013
974 1086
974 1090
974 1118
975 1077
975 1085
975 1939
976 1288
976 4027
977 1785
977 3001
977 3129
977 3553
977 5265
978 1076
978 5299
978 6182
978 6230
979 5507
980 6263
982 5654
982 6260
982 6268
983 6257
984 5013
984 5671
985 3001
985 4081
985 6025
986 1068
986 6157
987 6246
987 6254
987 6258
987 6262
988 6263
989 6267
990 1118
990 6268
991 1061
991 6249
991 6257
991 6262
992 2248
992 4423
992 6266
993 4409
993 6264
993 6272
994 1081
994 5548
994 6261
994 6269
995 5580
995 6110
995 6254
995 6262
995 6270
995 6278
996 6263
996 6271
997 6263
997 6267
997 6275
998 1041
998 1988
998 6264
998 6268
998 6272
998 6280
999 1060
999 1061
999 6249
999 6257
999 6262
999 6265
999 6278
1000 6266
1000 6270
1001 4424
1001 6259
1001 6267
1002 1055
1002 1056
1002 1944
1002 2327
1002 5717
1002 6260
1002 6268
1002 6269
1002 6276
1003 6114
1003 6118
1003 6257
1003 6265
1003 6273
1003 6281
1004 3597
1004 6258
1005 4264
1005 5571
1005 6263
1005 6271
1006 1054
1006 1055
1006 1848
1006 1852
1006 2746
1006 3651
1006 3661
1006 3667
1006 3782
1006 4424
1006 4784
1006 5077
1006 5143
1006 6119
1006 6123
1006 6136
1006 6256
1006 6264
1006 6268
1006 6272
1006 6288
1006 6296
1007 6190
1007 6229
1007 6245
1007 6261
1007 6269
1008 1053
1008 1845
1008 6114
1008 6158
1008 6198
1008 6230
1008 6238
1008 6254
1008 6262
1008 6270
1008 6277
1008 6285
1008 6309
1009 6259
1009 6263
1009 6267
1009 6275
1010 6140
1010 6164
1010 6231
1010 6264
1010 6268
1010 6272
1011 1061
1011 2322
1011 3789
1011 6106
1011 6182
1011 6249
1011 6254
1011 6257
1011 6265
1011 6270
1011 6285
1011 6349
1012 5658
1012 6258
1012 6266
1013 6250
1013 6258
1013 6263
1014 4215
1014 6227
1014 6248
1014 6251
1014 6259
1014 6264
1014 6280
1014 6296
1015 6149
1015 6252
1015 6260
1016 1060
1016 1061
1016 1069
1016 1364
1016 5162
1016 5502
1016 6114
1016 6118
1016 6246
1016 6254
1016 6257
1016 6277
1017 4393
1017 6251
1017 6255
1017 6259
1018 1116
1018 1781
1018 1789
1018 1982
1018 2453
1018 2478
1018 2891
1018 3340
1018 6045
1018 6223
1018 6240
1018 6248
1018 6252
1018 6256
1018 6264
1018 6272
1019 1373
1019 6190
1019 6246
1019 6253
1019 6301
1020 6246
1020 6250
1020 6254
1020 6258
1020 6262
1020 6270
1020 6274
1021 3325
1021 5021
1021 5255
1021 6234
1021 6242
1021 6250
1021 6258
1021 6274
1021 6300
1022 6235
1022 6243
1022 6251
1022 6255
1022 6259
1022 6283
1022 6307
1023 1077
1023 1084
1023 1085
1023 1116
1023 4891
1023 5743
1023 6170
1023 6248
1023 6252
1023 6260
1023 6276
1024 6106
1024 6114
1024 6249
1024 6257
1025 1089
1025 1857
1025 3968
1025 4441
1025 6223
1025 6239
1025 6243
1025 6247
1025 6251
1025 6255
1025 6280
1026 1108
1026 1116
1026 3332
1026 4218
1026 6240
1026 6248
1026 6256
1026 6264
1027 6237
1027 6245
1027 6254
1027 6269
1027 6277
1028 1077
1028 1084
1028 6238
1028 6246
1028 6250
1028 6254
1028 6262
1028 6270
1028 6349
1029 1245
1029 6234
1029 6242
1029 6250
1030 6235
1030 6243
1030 6251
1031 6244
1031 6252
1032 2334
1032 6233
1032 6241
1032 6249
1033 1081
1033 4226
1033 6231
1033 6234
1033 6239
1033 6247
1033 6248
1033 6255
1033 6280
1034 1100
1034 1108
1034 6232
1034 6240
1034 6248
1034 6256
1034 6280
1035 1077
1035 1084
1035 1351
1035 2319
1035 2338
1035 3767
1035 6213
1035 6221
1035 6229
1035 6237
1035 6245
1036 6190
1036 6238
1036 6242
1036 6246
1036 6262
1036 6294
1037 1085
1037 3335
1037 6226
1037 6234
1037 6242
1038 1082
1038 6227
1038 6235
1038 6243
1039 6236
1039 6244
1040 3334
1040 6114
1040 6225
1040 6233
1041 5657
1041 6215
1041 6231
1041 6234
1041 6239
1041 6247
1042 1092
1042 1100
1042 1108
1042 1116
1042 1316
1042 1363
1042 1563
1042 2955
1042 3595
1042 3947
1042 4839
1042 6112
1042 6123
1042 6216
1042 6224
1042 6232
1042 6240
1042 6248
1043 2050
1043 6037
1043 6213
1043 6221
1043 6229
1043 6317
1044 5162
1044 6182
1044 6214
1044 6222
1044 6230
1044 6238
1045 1927
1045 6149
1045 6214
1045 6218
1045 6222
1045 6226
1045 6230
1045 6234
1045 6238
1045 6242
1045 6250
1046 1115
1046 4980
1046 6227
1046 6231
1046 6235
1046 6314
1047 6224
1047 6232
1048 2319
1048 2342
1048 6190
1048 6198
1048 6225
1048 6229
1048 6237
1048 6269
1049 1591
1049 5609
1049 5641
1049 6113
1049 6226
1049 6234
1050 1109
1050 4426
1050 6227
1051 2037
1051 4448
1051 6107
1051 6228
1051 6236
1052 5162
1052 5598
1052 6114
1052 6118
1052 6225
1052 6249
1053 2298
1053 2319
1053 3786
1053 6222
1053 6230
1053 6246
1054 1360
1054 6231
1054 6239
1055 1583
1055 4907
1055 6120
1055 6123
1055 6227
1056 1107
1056 2327
1056 5549
1056 5572
1056 5598
1056 6221
1056 6229
1056 6269
1057 2225
1057 2321
1057 5009
1058 1101
1058 1583
1058 2159
1058 2301
1058 2783
1058 2935
1058 2989
1058 6227
1058 6235
1058 6251
1058 6259
1058 6364
1059 6211
1059 6224
1059 6232
1060 6114
1060 6182
1061 6174
1061 6254
1063 1501
1063 6227
1064 6107
1064 6228
1064 6244
1065 1289
1065 1361
1065 4313
1065 5593
1065 5609
1066 1114
1067 1140
1067 1148
1067 1164
1067 6192
1067 6224
1068 3684
1068 6173
1069 6182
1070 2222
1070 2333
1070 2542
1070 2990
1070 4427
1070 5254
1070 6226
1071 1125
1071 1149
1071 6227
1071 6364
1072 3613
1073 1289
1073 1297
1073 1305
1073 1337
1073 1377
1073 1393
1073 1401
1073 1625
1073 2009
1073 2209
1073 2233
1073 3585
1073 3593
1073 3673
1073 4257
1073 4385
1073 4849
1073 4913
1073 4961
1073 4969
1073 5009
1073 5025
1073 5041
1073 5241
1073 5249
1073 5283
1073 5297
1073 5313
1073 6113
1073 6121
1073 6132
1073 6153
1073 6305
1073 6349
1073 6357
1073 6365
1074 1122
1074 1145
1074 1153
1074 1191
1074 1528
1074 1746
1074 2754
1074 3307
1074 3332
1074 3442
1074 4264
1074 4346
1074 5210
1074 5295
1074 6306
1074 6311
1074 6351
1074 6360
1075 1140
1075 1141
1075 1148
1075 1156
1075 3835
1076 1546
1076 5283
1076 6221
1076 6246
1077 2973
1078 1126
1079 1141
1079 1148
1079 1149
1079 1151
1079 1157
1079 4900
1079 6227
1080 3552
1080 4176
1080 4205
1080 4213
1080 5863
1080 6246
1081 1235
1081 1313
1081 1785
1081 2441
1081 4444
1081 6302
1081 6318
1082 1137
1082 1145
1082 1746
1082 2162
1082 2187
1082 2207
1082 3442
1082 3639
1082 3743
1082 4282
1082 4346
1083 1140
1083 1141
1083 1148
1083 1156
1083 4156
1083 6142
1085 1141
1085 1300
1085 1389
1085 2206
1085 3183
1085 4925
1085 6079
1086 1134
1086 1142
1086 2222
1087 1141
1087 1148
1087 1149
1087 6298
1088 1144
1088 4843
1089 1153
1089 2241
1089 6017
1090 1137
1090 1746
1090 2045
1090 2946
1090 4282
1091 1140
1091 1141
1091 1148
1091 1156
1091 3284
1092 1156
1092 5396
1093 1149
1093 2253
1093 2501
1093 4957
1093 5389
1093 5396
1093 5428
1093 6071
1094 1142
1094 1302
1094 2045
1094 2542
1094 4736
1095 1140
1095 1141
1095 1149
1095 6332
1096 5863
1096 6072
1097 1145
1097 1153
1097 1380
1097 1385
1097 2034
1097 4452
1097 6325
1098 1145
1098 1234
1098 1730
1098 1746
1098 1778
1098 2138
1098 2570
1098 2965
1098 3783
1098 5218
1098 5222
1098 6286
1099 1155
1099 2956
1100 1164
1100 1172
1100 2852
1100 6240
1100 6296
1100 6304
1101 1360
1101 5524
1101 6227
1102 1589
1102 6226
1103 1781
1103 2069
1103 2879
1103 3327
1103 6069
1103 6324
1104 5368
1104 5883
1104 5896
1104 6040
1104 6164
1105 1937
1105 2569
1106 1170
1106 1778
1106 5202
1106 6111
1107 3975
1107 6052
1108 1164
1108 1172
1108 6232
1109 1173
1109 5421
1109 5428
1111 1189
1111 1267
1111 2308
1111 2813
1111 3860
1111 3916
1111 3919
1111 3925
1111 3975
1111 4463
1111 5396
1111 6112
1111 6166
1112 5891
1112 5907
1112 6011
1112 6048
1113 1313
1113 1844
1113 2214
1114 2938
1115 1172
1116 1195
1117 5428
1117 5725
1119 1189
1119 1212
1119 1237
1119 2781
1119 3411
1119 4458
1119 4463
1120 5163
1120 5670
1120 5678
1120 5686
1120 5694
1120 6027
1120 6032
1121 2465
1121 2513
1121 2665
1122 3781
1122 4626
1123 1172
1123 1188
1123 1196
1123 3411
1124 3324
1124 5307
1124 5548
1124 5733
1125 6332
1125 6349
1126 4984
1127 1173
1127 1181
1127 1195
1127 1205
1127 1221
1127 1237
1127 2541
1127 3423
1127 3607
1127 3875
1127 3901
1127 4372
1127 4637
1127 4911
1127 6052
1128 1224
1128 4239
1128 4255
1128 4467
1128 6096
1129 1313
1130 2036
1130 2506
1130 2602
1131 3324
1131 3427
1131 4242
1131 6096
1132 1196
1132 3332
1134 1467
1134 2598
1135 1183
1135 1187
1135 1205
1135 1212
1135 4845
1136 1245
1136 3324
1136 5292
1136 5587
1136 5967
1136 6024
1137 1914
1137 1997
1137 2938
1138 1186
1138 1210
1138 1250
1138 1293
1138 3300
1138 3659
1138 3866
1138 4642
1138 6175
1139 6096
1140 1196
1140 1804
1140 6035
1141 1237
1141 2091
1141 2213
1141 2480
1141 3284
1141 3867
1141 4333
1141 4469
1141 4997
1141 6142
1143 1188
1143 1189
1143 1221
1143 4896
1144 6024
1144 6163
1145 1243
1145 1284
1145 2100
1146 1210
1146 1215
1146 1218
1146 4570
1147 1195
1147 5964
1147 6052
1148 1339
1148 2197
1149 1331
1149 1757
1149 3127
1149 4557
1149 4896
1149 4920
1149 5005
1149 5466
1149 6290
1150 5206
1150 5834
1151 1197
1151 1205
1151 1213
1151 1237
1151 3391
1151 5466
1151 6044
1151 6290
1152 3896
1152 5891
1153 1284
1153 3283
1153 3901
1154 1213
1154 1218
1154 1682
1154 1922
1154 5186
1154 6389
1155 1220
1155 6035
1156 3460
1156 4292
1156 4892
1156 6104
1156 6192
1156 6320
1157 2791
1157 3045
1157 3165
1157 3893
1157 4246
1158 1230
1158 1238
1158 1246
1158 1254
1159 1205
1159 1213
1160 5907
1161 1233
1161 2593
1161 4513
1161 6393
1162 1226
1162 4570
1163 1220
1163 3411
1163 5866
1164 2197
1165 1213
1166 1214
1166 1222
1166 1230
1166 1238
1166 1246
1166 1254
1166 4606
1167 5466
1168 1216
1168 5907
1168 6043
1169 1233
1169 1241
1169 4057
1171 1228
1171 1236
1172 4819
1173 3263
1173 4247
1174 1230
1174 1238
1174 1246
1174 1254
1175 1229
1175 5466
1176 5896
1176 5899
1176 5907
1176 5912
1176 5952
1177 2617
1177 2769
1177 4041
1177 4049
1179 1228
1179 1229
1179 5866
1179 5879
1180 2251
1180 6011
1182 1230
1183 5882
1184 5883
1184 5907
1184 6032
1184 6040
1184 6048
1185 4041
1185 4049
1186 1234
1187 5866
1188 5887
1189 1277
1189 1775
1189 1799
1189 3445
1189 4045
1189 5882
1191 2167
1191 2903
1191 3455
1191 3511
1191 3879
1191 5299
1192 5883
1192 5891
1192 5896
1192 5907
1192 5952
1193 4049
1194 1242
1194 1314
1194 4834
1195 5907
1195 6004
1197 5452
1199 1242
1199 5498
1199 6218
1200 2824
1200 2936
1200 3064
1200 5907
1201 4041
1201 4049
1201 4489
1201 4497
1202 1246
1202 1266
1203 5281
1203 5943
1204 1283
1204 5428
1204 5919
1206 1270
1207 1250
1207 3309
1207 4092
1207 5349
1208 2016
1208 5955
1208 5971
1209 1265
1209 1273
1209 3753
1209 3761
1209 4041
1209 4049
1209 4489
1209 4497
1209 4529
1210 3738
1211 3283
1211 5842
1212 5389
1212 5396
1215 5373
1216 6096
1216 6331
1217 2593
1217 4497
1217 5625
1218 2577
1219 4005
1219 4212
1219 4220
1219 5362
1219 5547
1221 4565
1221 5389
1223 1269
1223 1277
1224 1288
1224 1293
1224 2772
1224 6096
1225 4537
1225 5553
1226 1922
1227 1276
1227 2553
1227 4212
1228 1978
1228 2068
1228 3124
1228 5474
1228 5587
1228 5603
1228 6067
1228 6084
1228 6088
1228 6096
1229 1906
1229 1966
1229 2109
1229 2795
1229 4885
1229 4893
1229 5466
1229 5469
1229 5474
1229 5564
1229 5576
1229 5592
1229 6023
1232 2128
1232 5591
1232 5599
1233 3337
1233 3937
1233 4593
1233 4897
1233 5625
1236 2436
1236 2475
1236 2483
1236 5579
1236 6084
1236 6088
1236 6096
1237 5389
1237 5946
1239 6292
1240 2568
1240 2648
1240 2656
1240 2664
1240 2672
1241 2601
1241 2649
1241 2665
1241 4497
1241 5275
1242 6458
1243 1961
1243 1983
1243 6073
1244 2197
1244 5927
1244 6080
1244 6084
1245 1957
1245 2080
1245 2693
1245 3283
1245 5587
1245 5975
1245 6024
1245 6355
1246 1646
1246 4606
1247 6463
1248 5899
1248 5907
1249 1825
1249 1998
1249 2434
1249 2665
1249 2737
1249 2769
1249 2793
1249 4025
1249 4529
1249 4849
1249 5073
1249 5873
1249 6393
1249 6401
1250 3938
1250 4826
1250 5307
1254 4606
1255 5442
1255 5450
1257 2665
1257 4505
1257 4529
1257 4593
1257 6385
1258 1850
1259 3981
1259 5725
1259 5733
1262 1831
1262 1839
1262 3982
1263 1843
1263 3975
1263 5442
1265 3961
1265 4497
1265 4585
1265 4593
1266 1314
1266 2085
1266 5567
1267 3519
1268 1718
1270 1822
1270 4550
1270 4558
1271 3239
1271 3519
1271 3543
1271 3551
1271 3613
1271 4599
1271 5418
1272 2764
1272 3753
1272 4560
1273 1833
1273 2073
1273 4537
1273 4577
1273 5465
1274 1357
1274 5942
1274 6332
1275 1339
1275 4299
1275 4420
1275 4996
1275 5020
1276 6174
1278 1870
1278 4558
1279 1665
1279 1706
1279 5359
1279 5429
1280 2585
1280 2819
1280 2827
1280 3359
1280 4283
1280 4560
1280 6011
1280 6072
1281 1873
1281 2177
1281 3977
1281 5633
1281 5681
1282 3530
1282 3538
1282 4354
1283 2546
1283 3243
1283 3843
1283 5426
1283 6061
1284 3980
1284 4546
1284 4812
1285 4813
1285 6140
1286 2027
1286 3422
1286 4394
1286 4950
1287 3629
1287 5231
1287 5669
1288 2305
1288 2557
1288 2781
1288 3551
1288 4191
1288 4205
1288 5367
1289 4913
1289 5065
1289 5737
1290 1380
1290 4902
1291 5231
1292 1884
1292 2436
1292 3163
1292 3980
1292 3988
1293 1885
1293 2773
1293 3253
1293 3437
1295 1368
1295 5231
1296 1355
1296 3132
1296 3248
1296 3272
1296 4997
1296 5466
1296 6023
1297 2233
1297 5665
1297 5673
1298 1372
1298 4674
1299 5748
1300 3324
1300 3476
1300 4212
1300 4635
1300 6157
1301 2039
1301 2047
1301 2050
1303 1349
1304 2127
1304 2189
1304 3132
1304 3133
1304 3264
1304 3272
1304 3280
1304 4885
1305 1377
1305 1393
1305 1401
1305 1585
1305 3633
1305 4393
1305 4409
1305 4969
1305 5041
1305 6033
1306 1350
1307 1352
1307 1371
1307 4027
1308 1644
1308 3216
1309 3543
1309 5253
1309 5396
1313 1393
1313 2233
1314 5598
1315 1487
1315 3143
1315 3251
1315 3284
1315 6103
1316 3515
1316 5044
1316 5367
1317 2189
1317 2789
1317 5458
1317 5466
1317 5474
1320 3186
1320 3360
1320 5539
1320 5555
1320 6152
1321 3601
1321 4697
1321 5505
1321 5641
1321 5737
1322 2066
1322 2254
1322 2340
1323 1385
1323 4476
1324 2211
1324 3331
1324 3516
1324 5540
1325 2797
1327 1374
1327 1385
1327 6141
1328 1371
1328 2188
1328 5587
1329 2337
1329 2482
1329 2617
1329 4697
1329 5539
1329 5609
1329 5737
1330 2066
1330 2340
1331 3133
1331 6142
1332 3885
1332 5644
1333 3798
1334 5614
1335 6149
1336 1460
1336 4413
1336 4420
1337 2169
1337 4218
1337 5609
1337 5737
1339 1418
1339 1445
1339 1457
1339 4997
1339 5474
1340 2204
1342 5786
1344 1472
1344 1483
1344 1755
1344 4383
1344 4404
1344 4488
1345 3585
1345 5609
1345 5753
1347 1445
1347 1457
1347 3259
1349 6122
1350 5590
1350 5598
1350 6110
1351 2484
1352 1508
1352 2188
1352 2196
1353 2150
1353 2337
1353 2353
1353 2361
1353 2369
1353 5609
1353 5625
1353 5705
1353 5737
1353 6265
1354 5637
1355 1431
1355 1445
1355 3135
1357 2326
1357 2703
1357 4773
1357 5567
1357 5569
1357 5570
1357 5598
1358 4427
1358 5142
1358 6119
1358 6230
1359 2327
1359 2975
1359 4191
1361 2225
1361 2369
1361 5185
1361 5609
1361 5625
1361 5641
1361 5737
1361 6110
1362 2050
1362 6213
1362 6301
1363 1415
1363 1423
1363 3351
1363 5367
1363 5655
1364 2338
1364 6149
1364 6222
1365 2150
1365 6257
1366 6182
1366 6198
1367 1445
1367 1450
1367 1461
1367 2189
1367 5483
1368 6332
1369 1769
1369 1793
1369 1801
1369 1873
1369 1881
1369 2161
1369 2209
1369 3209
1369 3217
1369 3617
1369 3793
1369 4833
1369 4913
1369 4977
1369 5041
1369 5049
1369 5169
1369 5177
1369 5185
1369 5193
1369 5201
1369 5313
1369 5554
1369 5641
1369 5705
1369 5737
1369 6121
1369 6129
1369 6185
1369 6193
1369 6249
1369 6297
1370 1418
1370 1426
1370 1434
1370 1477
1371 1427
1371 1431
1371 1435
1371 5579
1372 6174
1372 6182
1372 6190
1372 6198
1372 6254
1372 6277
1373 6190
1373 6246
1373 6249
1374 2484
1375 1431
1375 1445
1375 2197
1376 3267
1377 4913
1377 5033
1377 5041
1377 5737
1378 1426
1378 1434
1378 1442
1379 1427
1379 1435
1379 1607
1379 3403
1379 5536
1380 1447
1380 1485
1380 4916
1381 1453
1381 6210
1382 1438
1383 1431
1383 1445
1383 1471
1383 1500
1385 5657
1386 1442
1386 1450
1386 1458
1388 1445
1388 1467
1388 6207
1389 6164
1389 6194
1390 1438
1390 1446
1390 1454
1391 1439
1391 1447
1391 1455
1392 1440
1392 1456
1392 1488
1393 1481
1393 5657
1394 1450
1394 1474
1394 1506
1394 3858
1395 1484
1396 1460
1397 1445
1397 1453
1397 1477
1397 2245
1397 4871
1397 6202
1398 1446
1398 1454
1398 1510
1398 1518
1398 1542
1399 1445
1399 1485
1399 2243
1400 1443
1400 1452
1401 1449
1401 1465
1401 2257
1402 1458
1402 1466
1402 1474
1403 1448
1403 1459
1404 1452
1404 1460
1404 1468
1404 1472
1404 6240
1405 1453
1405 1461
1405 1469
1405 1629
1405 6189
1406 1454
1407 1455
1407 1461
1407 1479
1408 4312
1409 1457
1409 1481
1409 1513
1409 1529
1409 3009
1410 1458
1411 1456
1411 1459
1411 1464
1412 1476
1412 1500
1412 1516
1413 1469
1413 1477
1414 1465
1415 1460
1415 1471
1415 1477
1416 1480
1417 1465
1417 1481
1418 1506
1421 1477
1422 1470
1423 1468
1424 1480
1424 1488
1424 1496
1425 1505
1425 3537
1426 1490
1428 1492
1429 1509
1430 1494
1430 1526
1430 6126
1433 1497
1433 1505
1433 1545
1433 2153
1434 1477
1435 5595
1436 1492
1436 1508
1437 1493
1437 1501
1438 1481
1438 1526
1438 1550
1439 1487
1439 1509
1440 6323
1441 1489
1441 1497
1441 1505
1444 1492
1445 1492
1445 1501
1445 1508
1445 1509
1445 6298
1446 1502
1447 1495
1447 1501
1447 1519
1447 4795
1449 1497
1449 1505
1449 2985
1449 3537
1450 1506
1451 1608
1451 2931
1452 2172
1453 1501
1453 1509
1453 2965
1453 2980
1453 6178
1453 6202
1453 6219
1453 6227
1453 6340
1455 3111
1455 4831
1456 2176
1457 1513
1457 1521
1457 1537
1457 2281
1458 1506
1458 1514
1458 1522
1458 3018
1461 1509
1461 6053
1462 1518
1462 1526
1463 1509
1463 1519
1463 1735
1465 1521
1465 1553
1465 2281
1466 1514
1466 1522
1466 1527
1466 1557
1467 2233
1467 2241
1467 6144
1468 2208
1469 2117
1469 6186
1469 6298
1470 1534
1471 1607
1471 3143
1474 1522
1474 1530
1475 1603
1475 4371
1475 4379
1475 5507
1477 1525
1477 1549
1477 1557
1477 6324
1478 1534
1478 1542
1479 1535
1479 1605
1479 3192
1480 2880
1480 4448
1481 1529
1481 1537
1481 1897
1481 1921
1481 1929
1481 2265
1481 2273
1481 2281
1481 2954
1483 1611
1483 2256
1483 4291
1483 4328
1485 1533
1486 1534
1487 2863
1487 3127
1487 3165
1487 3391
1487 3399
1487 4099
1488 3454
1489 1537
1489 1545
1489 1553
1490 1546
1490 1754
1491 1555
1491 1603
1491 1611
1491 4315
1493 2202
1493 6178
1494 1542
1494 1550
1495 1540
1495 1551
1495 1565
1495 1573
1495 1619
1495 3151
1495 5299
1496 3136
1496 4312
1496 5523
1497 1545
1497 1561
1498 1808
1498 3090
1498 4938
1498 4962
1498 5210
1498 5242
1499 1555
1499 1619
1499 3027
1500 1564
1503 1565
1503 3031
1504 3152
1504 4383
1504 4947
1504 5536
1505 1561
1506 2274
1507 1661
1507 3204
1508 1556
1508 1564
1508 2248
1508 3165
1508 4493
1509 1573
1509 1580
1509 1588
1509 2119
1509 2199
1509 2224
1509 6156
1509 6332
1512 1760
1512 3103
1512 3152
1512 4323
1512 6332
1513 1897
1513 1905
1513 2281
1515 1661
1515 2891
1515 3196
1515 4300
1515 5964
1519 3455
1520 1640
1520 3168
1520 3184
1522 1840
1523 2956
1523 3251
1523 3547
1523 3835
1523 4956
1528 3304
1528 5880
1528 6322
1528 6351
1529 1905
1529 2281
1530 2618
1531 2795
1531 3132
1531 4955
1531 6303
1533 1580
1533 1605
1534 1589
1534 2294
1535 6066
1536 5016
1536 6290
1537 2241
1538 3074
1538 3122
1538 3586
1538 6338
1540 1584
1541 1588
1541 1619
1543 3021
1543 4877
1544 3144
1544 3462
1544 5507
1545 2233
1545 4337
1546 3050
1546 4503
1547 6200
1547 6382
1551 1613
1551 1621
1551 3023
1551 4471
1552 4024
1552 4295
1552 4299
1552 5005
1553 2281
1553 4145
1553 5209
1554 2341
1554 2776
1554 3386
1554 4594
1554 4722
1554 5341
1555 1755
1555 2260
1555 3440
1555 4035
1555 4268
1555 4987
1556 1611
1556 1788
1556 2243
1556 5316
1558 1795
1559 3386
1559 4479
1560 4027
1560 4939
1560 4992
1561 3121
1562 3386
1562 4634
1563 3448
1563 4360
1563 5488
1564 5316
1566 4866
1566 5139
1567 3591
1567 4905
1568 2904
1568 2908
1569 1761
1570 5112
1571 3364
1571 3431
1571 3456
1571 3559
1571 4130
1571 4671
1572 4364
1574 2647
1574 3634
1574 3658
1575 1625
1575 3602
1575 4982
1576 2916
1576 5292
1577 2193
1577 5441
1578 4982
1579 1781
1579 6164
1580 1624
1580 3616
1581 3365
1582 3475
1582 5333
1583 2212
1583 3530
1583 3538
1583 3668
1583 3788
1583 4901
1583 5946
1584 4263
1584 6120
1585 3673
1585 3681
1585 3689
1585 4889
1585 4897
1585 4905
1585 4985
1585 4993
1585 5009
1585 5209
1586 3365
1587 4083
1587 5263
1588 3517
1588 5202
1589 4093
1590 4990
1591 1773
1591 3069
1591 3095
1591 3450
1591 3457
1591 5544
1591 5634
1592 4060
1592 5263
1592 5285
1593 3673
1593 4465
1593 4905
1593 5009
1593 5025
1593 5209
1594 1781
1595 2280
1595 3056
1595 4051
1595 5680
1595 5691
1597 3647
1598 1761
1599 1765
1599 1829
1599 3197
1600 2280
1600 3056
1600 4060
1600 5263
1600 5280
1600 6003
1601 2241
1601 2249
1601 2305
1601 3329
1601 4097
1602 1757
1602 1765
1602 1781
1603 4379
1603 4383
1603 4420
1603 4996
1604 4080
1604 4083
1605 6332
1606 1750
1606 1753
1606 1761
1607 1757
1607 2091
1607 2213
1607 4868
1607 4872
1607 4997
1607 5532
1607 5536
1607 5564
1608 4056
1608 4059
1608 4060
1608 5263
1609 1753
1609 2585
1609 2593
1609 2601
1609 5001
1609 5353
1609 5417
1610 1753
1611 1763
1611 3003
1611 4420
1611 4872
1611 6348
1612 1755
1612 2916
1612 3212
1612 4171
1613 3069
1613 3244
1613 5229
1613 5284
1613 6152
1614 1750
1614 1753
1614 1816
1614 4046
1614 6330
1615 3885
1616 2186
1616 3095
1616 4140
1616 6116
1616 6124
1616 6397
1617 2585
1617 2593
1617 3649
1617 4521
1617 5353
1618 3634
1619 2144
1620 3012
1620 3900
1620 4308
1620 4350
1620 4475
1621 3069
1621 3261
1621 3464
1621 3586
1622 1718
1622 1734
1623 1725
1623 1733
1623 1741
1623 3424
1624 2191
1624 3416
1624 4395
1624 4448
1625 2217
1625 2233
1625 4337
1625 4361
1625 4369
1625 4385
1625 4409
1625 5209
1625 5225
1626 1725
1626 1733
1626 1740
1626 1741
1627 3563
1627 6072
1628 3132
1628 4364
1628 4856
1629 2253
1630 1734
1630 6430
1631 1685
1631 1701
1631 1709
1631 1717
1631 1725
1631 1733
1631 3432
1632 2083
1632 3563
1632 4435
1632 5499
1633 1729
1633 2177
1633 4385
1633 4409
1633 5041
1633 5209
1633 5233
1633 5241
1633 5249
1634 1720
1634 1725
1634 1732
1634 1733
1635 4108
1636 3132
1636 3156
1636 3284
1636 4324
1637 3165
1637 4461
1637 4997
1637 5213
1637 5541
1638 1729
1638 1734
1639 1701
1639 1717
1639 1725
1639 1733
1639 3424
1639 3432
1639 4672
1640 2984
1640 3592
1640 4373
1641 3129
1641 3585
1641 3593
1641 3601
1641 4393
1641 4409
1641 5249
1641 5297
1642 1720
1642 1725
1642 1732
1642 1733
1642 3432
1643 1688
1643 5832
1644 2899
1644 3596
1644 3604
1644 3612
1644 5234
1645 1722
1645 2287
1645 3613
1645 3861
1645 4663
1645 5231
1646 1718
1646 1750
1647 1717
1647 1725
1647 4664
1647 4672
1647 4696
1647 4704
1648 1708
1648 4104
1649 3066
1649 4881
1649 5471
1650 1701
1650 1705
1650 1712
1650 1717
1650 1721
1650 1724
1650 1733
1650 3432
1651 1720
1651 4683
1652 3596
1652 4104
1652 4280
1652 6072
1653 2979
1653 4500
1653 6076
1654 1718
1654 4350
1655 1716
1655 1725
1655 4664
1655 4672
1655 4680
1655 4688
1655 4696
1655 4704
1656 2448
1656 3010
1656 3787
1656 4500
1657 1703
1657 1706
1657 1711
1657 1714
1657 1743
1657 1770
1657 2077
1657 2226
1657 2301
1657 3090
1657 3095
1657 3269
1657 4220
1657 4861
1657 4877
1657 4916
1657 4924
1657 4997
1657 5213
1657 5221
1657 5229
1657 5258
1657 5261
1657 5266
1657 5277
1657 5301
1657 6063
1657 6099
1658 1707
1658 1712
1659 4680
1660 4079
1660 6055
1660 6067
1660 6072
1661 2301
1661 3068
1661 3075
1661 3204
1661 3612
1661 3835
1661 5220
1661 5244
1662 1710
1662 1718
1662 6357
1663 4664
1663 4672
1663 4704
1664 2580
1664 2596
1664 4280
1665 2581
1665 5221
1666 5658
1667 4680
1668 3115
1668 3311
1668 3616
1668 4671
1668 4840
1669 2643
1669 2773
1669 3997
1669 4242
1669 6047
1670 2318
1670 3986
1670 3994
1670 5546
1670 6085
1672 4680
1673 4309
1673 4615
1673 5229
1673 5663
1673 6092
1675 5859
1677 5892
1678 2071
1681 2017
1681 2601
1681 2649
1681 2657
1681 4641
1683 5867
1683 5872
1686 2558
1686 4041
1687 2539
1687 3160
1687 5477
1688 5859
1688 5872
1688 5876
1690 2597
1690 3295
1691 5867
1692 4704
1696 1912
1696 2347
1696 2355
1696 2360
1696 2368
1696 5851
1696 5864
1696 5872
1696 5876
1697 2633
1697 2641
1697 4041
1697 4065
1697 4217
1698 5336
1699 5867
1699 5875
1700 5859
1703 1748
1703 4092
1703 4213
1705 1761
1705 2641
1705 4065
1706 2223
1706 3328
1706 3509
1706 3549
1706 4807
1707 5016
1708 4712
1708 5799
1708 5843
1708 5851
1708 5859
1708 5864
1708 5872
1708 5876
1710 1758
1710 1774
1710 2522
1710 2558
1710 3635
1710 4101
1711 1767
1711 3479
1711 4506
1713 1761
1714 3111
1714 4220
1714 5328
1715 1808
1715 4024
1715 4984
1715 5939
1716 4680
1716 4688
1718 5150
1720 3432
1721 2633
1721 2641
1721 4505
1722 5388
1723 5344
1723 5472
1725 3440
1727 3551
1727 5331
1727 5479
1728 1776
1728 5451
1730 2340
1730 3098
1730 5922
1730 5954
1731 3547
1731 4475
1731 5472
1731 5475
1732 5892
1734 4446
1734 5166
1734 5238
1734 5246
1735 1797
1735 2130
1735 2855
1735 3551
1736 1784
1737 1785
1737 5705
1738 1935
1738 1939
1738 3106
1742 1790
1742 1939
1742 4110
1742 4446
1743 2807
1743 3053
1743 3975
1744 1792
1745 1793
1745 1801
1745 3633
1745 3641
1745 5625
1746 2034
1746 2183
1746 4986
1746 5922
1747 2907
1747 4123
1748 4988
1749 1797
1749 6013
1750 5000
1751 3053
1753 2577
1753 2585
1753 3129
1753 4457
1754 3986
1754 4450
1755 4347
1755 4384
1757 4365
1757 4413
1757 4997
1758 2477
1758 2927
1758 4041
1758 5000
1759 3453
1759 4450
1761 1809
1761 2577
1761 2585
1761 4049
1761 4105
1761 6343
1762 1898
1762 1947
1762 3082
1762 4498
1763 2987
1763 5624
1765 2216
1766 2577
1766 4058
1767 2413
1767 2855
1767 3755
1767 3871
1767 3903
1767 4498
1767 4503
1767 4653
1767 5039
1768 4423
1768 5411
1768 6146
1769 2977
1769 3001
1769 4113
1769 4449
1769 4473
1769 6049
1770 3066
1770 4002
1770 5202
1771 2052
1771 3883
1771 4987
1772 3884
1772 3892
1773 2855
1773 3645
1773 4117
1774 1968
1775 2759
1775 3967
1775 5338
1775 5343
1775 5359
1777 3129
1777 3537
1777 4113
1777 4129
1777 5849
1778 2159
1778 3066
1778 3530
1778 3882
1778 4994
1778 5202
1778 5210
1781 4474
1781 6013
1783 3538
1783 5362
1783 5367
1783 5471
1784 2936
1784 4416
1785 1961
1785 1977
1785 2465
1785 2505
1785 3473
1785 3529
1785 3545
1785 4113
1785 4209
1785 4993
1786 2130
1786 3538
1786 5026
1786 5034
1786 5042
1787 3915
1788 2260
1788 3900
1788 6013
1789 3501
1789 3509
1789 6013
1790 4078
1790 5246
1790 5302
1791 3903
1791 4605
1791 5375
1791 5431
1792 4976
1792 4992
1792 5256
1792 5744
1793 3353
1793 4113
1793 4473
1793 5313
1794 2671
1794 3903
1795 3931
1796 4996
1796 5532
1797 2925
1797 4076
1797 5555
1799 3405
1799 3429
1799 3935
1800 4984
1801 4081
1801 4113
1801 5689
1802 4010
1802 5066
1803 3931
1803 3942
1803 5139
1804 4996
1804 5740
1804 5765
1804 5854
1805 2189
1805 3045
1805 4997
1805 5532
1806 1853
1806 1861
1807 3405
1807 3935
1807 3943
1807 4589
1807 5149
1807 5157
1807 5165
1808 4592
1809 2457
1809 2465
1809 2649
1809 4105
1809 4457
1809 5737
1810 3946
1810 5066
1811 3400
1811 3412
1811 3947
1811 4588
1811 5111
1812 4996
1812 5004
1812 5005
1813 3045
1813 4997
1813 4999
1813 5005
1813 6348
1814 4590
1814 5070
1815 3396
1815 3397
1815 3951
1815 4581
1815 5071
1815 5075
1815 5088
1815 5128
1816 5365
1816 5956
1817 2233
1817 2513
1817 4041
1817 4489
1818 2050
1818 3954
1819 3955
1819 3960
1819 4576
1819 4580
1820 3028
1820 4557
1820 5000
1820 6069
1821 4493
1821 4557
1821 4997
1821 5005
1822 1869
1822 3958
1823 3959
1824 3960
1824 4521
1824 4576
1825 2593
1825 2601
1825 2665
1825 4489
1826 2418
1826 2710
1826 4038
1828 4420
1828 4556
1829 2036
1829 4493
1829 6069
1829 6356
1830 2706
1830 2714
1830 3966
1830 3982
1831 2418
1832 2752
1832 3968
1832 4801
1833 2417
1833 2740
1833 2745
1833 2753
1833 2761
1833 4561
1833 5625
1834 2086
1834 2237
1834 2454
1834 3978
1834 4101
1834 4314
1835 2093
1835 2100
1836 3764
1836 3967
1837 3389
1837 3664
1837 3667
1837 3668
1837 4565
1837 5389
1837 6356
1838 2706
1838 4558
1838 4814
1839 1886
1839 2093
1840 2084
1840 2088
1840 3972
1840 4847
1841 3977
1842 1967
1842 2093
1842 2431
1842 3974
1842 3978
1843 2092
1843 2104
1843 4551
1843 4554
1845 1997
1845 4192
1845 4428
1846 1997
1846 2210
1846 2702
1846 4074
1846 4210
1846 4421
1846 4428
1847 4422
1847 4426
1847 4847
1847 5324
1848 2099
1848 3784
1848 4189
1848 4192
1848 5077
1849 2233
1849 2417
1849 2585
1849 2649
1849 2689
1849 3129
1849 4457
1849 4553
1849 6017
1850 2093
1850 3082
1850 4192
1851 2020
1851 2076
1851 2099
1851 5077
1851 5324
1852 2000
1852 2749
1852 4192
1853 3982
1854 2093
1854 4558
1855 2815
1855 4551
1856 2952
1856 3967
1857 2233
1857 2237
1857 2689
1857 3137
1858 1922
1858 2815
1858 3074
1858 3277
1858 4007
1859 1904
1859 1912
1859 2428
1859 2515
1859 3976
1859 3980
1859 5859
1861 2082
1861 3982
1862 2093
1862 2750
1863 2815
1863 3967
1863 4007
1863 4015
1864 2752
1864 2960
1864 4300
1864 4311
1864 4560
1864 4564
1864 6013
1864 6292
1865 2385
1865 2665
1865 4025
1865 4561
1865 5457
1865 5465
1865 5481
1866 3074
1866 3130
1866 4106
1866 4290
1867 2404
1867 2568
1868 3974
1868 4108
1869 3982
1870 2750
1870 2758
1870 3974
1871 2076
1871 2823
1872 2355
1872 2520
1872 2536
1872 2764
1872 3976
1873 2761
1873 2985
1873 3233
1873 3241
1873 3249
1873 4329
1873 5025
1873 5737
1874 1918
1874 2613
1874 3002
1874 3082
1875 2360
1875 2363
1875 2368
1875 5859
1876 2067
1876 2084
1876 2764
1876 2765
1876 3980
1877 2063
1877 2104
1877 2765
1877 3981
1877 4813
1878 2022
1878 2093
1878 2766
1878 3982
1879 2308
1879 2335
1879 2364
1879 2412
1879 2887
1879 3079
1879 3167
1879 3192
1880 2291
1880 2355
1880 2360
1880 2368
1880 2400
1880 5843
1880 5864
1881 2185
1881 3001
1881 3353
1881 4473
1881 4721
1881 5041
1881 5737
1882 1929
1882 1958
1882 2963
1882 3002
1882 4499
1882 5466
1882 5469
1882 5474
1883 2291
1883 2299
1883 2304
1883 2363
1883 2531
1883 5859
1884 3988
1885 2407
1885 2773
1885 2780
1885 3005
1885 3997
1886 3982
1887 2351
1887 2823
1887 3069
1887 3175
1887 3792
1887 4127
1887 4309
1888 2347
1888 2355
1888 2360
1888 2368
1888 5859
1888 5864
1888 5872
1889 2281
1889 2809
1889 3033
1889 4721
1890 3010
1890 3394
1890 3986
1890 3994
1890 3999
1890 4002
1890 4114
1891 2291
1893 2472
1893 4005
1894 1970
1894 2838
1895 2855
1895 2887
1895 4463
1896 2291
1896 2296
1896 2299
1896 2347
1896 2355
1896 2368
1896 2531
1897 2281
1897 2809
1897 3017
1898 1943
1898 2037
1898 3082
1898 3986
1899 2552
1900 2299
1900 2372
1901 2050
1901 4029
1902 2814
1902 3062
1903 2676
1903 6092
1903 6100
1904 2368
1904 2400
1904 2408
1904 2552
1904 5859
1905 2273
1905 3017
1905 6137
1906 2809
1906 2837
1906 3002
1906 5474
1908 2683
1908 3171
1908 3980
1909 3061
1911 2472
1911 3071
1912 2347
1912 2355
1912 2360
1912 2368
1912 2400
1912 2408
1912 5859
1913 2281
1913 2809
1913 2833
1913 2841
1913 3041
1914 1968
1914 2476
1914 2484
1915 2299
1915 2307
1915 2339
1916 5847
1917 2480
1917 4005
1918 3002
1919 4879
1920 2307
1920 2312
1920 2323
1921 2281
1921 2809
1921 3009
1921 3889
1922 2484
1922 4007
1922 4879
1922 5021
1923 2307
1923 2315
1923 2320
1923 2336
1924 3988
1925 2047
1925 2797
1926 2822
1926 2854
1927 1980
1927 1988
1927 2471
1927 2799
1928 2312
1929 1974
1929 2821
1929 6084
1930 2484
1930 4178
1930 4249
1930 4803
1932 2312
1933 2316
1933 2480
1934 2476
1934 4174
1934 4182
1935 5388
1935 5543
1936 2303
1936 2307
1936 2311
1936 2312
1936 2315
1936 2323
1937 2065
1937 2873
1938 4186
1938 4194
1939 5388
1939 6357
1940 2307
1940 2311
1940 2312
1940 2315
1940 2339
1942 2476
1942 2484
1942 3356
1943 1997
1943 2407
1943 2974
1944 3355
1944 3788
1945 2331
1945 2475
1945 4185
1945 4201
1945 6092
1946 2476
1947 2581
1947 2855
1947 4063
1948 2323
1949 2328
1949 2331
1949 2339
1950 2226
1950 2821
1950 3045
1950 4198
1951 2509
1952 2009
1952 5388
1953 2475
1953 4023
1953 4127
1953 4193
1953 4209
1954 2597
1954 3356
1955 2465
1955 2473
1955 2522
1955 2966
1957 3325
1957 4204
1957 4212
1957 5229
1958 2464
1958 2472
1958 2825
1959 2461
1959 2469
1959 4006
1960 2021
1960 2069
1960 2415
1960 2418
1960 2419
1960 2423
1960 2462
1960 2470
1960 2493
1960 2494
1960 2966
1960 4302
1960 4440
1960 4454
1961 2041
1961 2467
1961 2508
1961 2601
1961 2649
1962 2220
1962 2460
1962 4885
1963 2457
1963 2465
1963 3746
1964 2467
1964 2492
1964 2501
1964 2585
1965 2424
1965 2455
1965 2463
1965 2467
1965 2475
1965 4184
1965 4197
1965 5037
1966 2464
1966 4214
1966 4885
1966 5466
1966 5469
1966 5474
1966 6295
1967 2453
1967 2456
1967 2460
1967 2461
1967 4006
1968 2230
1968 2415
1968 2423
1968 2442
1968 2450
1968 2454
1968 2458
1968 2462
1968 2466
1968 2470
1968 2472
1968 2477
1968 2478
1968 2502
1968 2509
1968 2510
1968 2966
1968 6124
1968 6310
1969 2041
1969 2459
1969 2467
1969 2617
1969 2913
1969 3081
1969 3129
1969 3529
1969 4217
1969 4225
1969 4825
1970 2220
1970 2460
1970 2786
1971 2044
1971 2456
1971 2457
1971 2465
1972 2467
1972 2492
1972 2509
1972 2938
1972 3754
1973 2022
1973 2455
1973 2484
1974 4214
1974 5466
1974 5469
1975 2452
1975 2453
1975 2460
1975 2461
1975 3967
1976 2450
1976 2454
1976 4440
1977 2451
1977 2459
1977 2505
1977 2561
1977 2569
1977 4217
1978 2452
1978 2781
1978 2940
1978 4480
1978 4531
1978 5391
1978 5579
1978 6084
1979 2441
1979 2449
1979 2465
1979 2473
1979 2938
1979 4386
1980 2442
1980 2450
1980 2451
1980 2482
1980 2509
1981 2053
1981 2427
1981 2435
1981 2439
1981 2447
1981 2455
1982 2448
1982 2575
1982 2581
1982 2855
1982 3037
1982 3751
1982 5426
1982 5925
1983 2028
1983 2048
1983 2445
1983 2452
1984 2438
1984 2446
1984 2454
1985 2057
1985 2451
1985 2521
1985 2809
1985 6270
1986 2444
1986 2452
1986 3012
1986 3027
1987 3090
1988 2426
1988 2434
1988 2442
1988 2450
1989 2423
1990 2061
1990 2443
1990 2621
1991 2048
1991 2072
1991 2444
1991 2452
1991 2680
1991 3988
1992 2438
1992 2441
1993 2057
1993 2439
1993 2447
1993 4337
1993 5209
1994 2052
1994 2535
1994 2575
1994 2660
1995 2436
1995 2444
1995 2445
1996 2236
1996 2974
1997 2442
1997 2973
1997 3688
1997 3787
1997 5142
1998 2427
1998 3664
1999 2444
1999 2535
1999 2660
1999 3996
2000 3665
2001 2082
2001 2439
2001 2521
2001 4337
2001 4409
2001 5278
2001 5281
2002 3967
2004 2441
2004 3336
2005 2074
2005 2438
2005 2454
2006 2447
2007 2493
2007 3063
2007 3066
2008 2056
2008 3244
2008 3252
2009 3601
2009 3643
2009 4249
2009 5278
2009 5289
2009 5297
2010 2053
2010 2125
2010 2439
2010 2443
2010 2448
2010 2455
2010 2456
2010 2597
2010 2922
2010 3066
2010 3090
2012 2441
2013 2214
2013 2438
2013 4293
2014 2439
2015 2440
2015 2615
2015 4362
2016 2192
2016 2656
2017 2435
2017 2439
2017 2447
2017 4217
2017 4249
2017 4265
2017 4289
2017 4537
2017 5209
2017 5273
2017 5289
2017 5305
2018 2866
2018 4450
2019 6343
2020 2440
2020 2535
2020 3012
2020 3027
2020 3163
2020 3216
2021 2629
2021 4293
2021 4501
2022 2398
2022 4224
2023 2607
2023 2647
2025 2137
2025 4113
2025 4505
2025 4537
2026 2108
2026 6294
2027 2595
2027 2619
2028 2604
2029 3037
2029 3089
2029 4084
2030 2078
2030 2395
2030 3342
2030 3350
2030 4224
2031 2187
2031 2214
2031 2637
2032 2627
2032 2640
2033 2129
2033 3001
2033 4305
2033 4505
2034 2490
2034 2879
2034 4021
2035 2444
2035 3019
2035 4444
2035 5936
2036 2628
2036 2637
2036 5389
2037 2484
2037 2653
2037 4125
2037 6164
2038 4029
2038 4224
2039 2223
2039 2631
2040 2619
2040 2627
2040 2632
2041 2145
2041 2609
2041 2617
2041 3129
2041 4529
2042 4522
2042 5354
2043 2452
2043 3347
2043 4875
2044 2484
2044 2636
2044 3037
2044 4230
2045 2605
2046 2398
2046 2406
2046 3342
2046 4029
2047 2813
2048 2619
2048 2627
2049 2625
2049 4513
2049 4521
2049 4529
2049 4553
2050 2101
2050 2108
2050 2395
2050 2478
2050 3501
2051 2659
2051 2675
2051 2683
2051 3076
2051 3988
2051 3996
2051 4547
2052 2244
2052 4388
2052 4420
2053 2439
2054 3350
2055 3339
2055 3535
2055 4471
2056 2656
2056 3027
2057 2129
2057 2153
2057 2185
2057 3001
2057 6297
2058 2385
2058 2410
2058 2490
2058 6182
2058 6249
2059 3996
2059 4547
2060 4271
2060 4367
2061 2581
2061 3037
2061 3106
2062 2108
2062 2395
2062 2411
2062 3374
2063 3347
2063 4002
2063 4551
2063 4554
2064 2547
2064 2568
2065 2409
2065 2425
2065 2433
2065 2481
2065 2641
2065 2649
2065 3001
2065 3065
2065 3761
2065 4329
2065 4785
2065 4793
2066 2429
2066 4009
2066 4326
2066 4554
2067 2411
2067 2683
2067 4213
2067 4555
2068 2564
2068 2572
2068 2676
2068 4309
2068 4517
2069 4181
2069 6045
2069 6157
2070 2758
2070 3974
2070 3982
2070 4526
2070 4558
2071 2542
2071 4006
2071 4046
2071 4077
2071 4358
2071 4382
2071 5299
2072 2544
2072 2680
2072 2688
2072 3224
2072 4309
2073 2419
2073 2617
2073 3370
2073 4529
2073 4537
2074 2454
2074 2649
2074 2665
2074 4490
2075 4046
2075 4092
2075 5299
2075 5344
2076 2871
2076 3005
2076 4517
2077 2269
2077 4533
2077 4549
2078 3974
2078 4006
2078 4558
2079 2254
2079 2542
2079 4077
2079 4085
2079 4113
2079 4128
2079 5302
2080 3216
2080 3261
2080 3316
2080 4123
2080 6088
2080 6104
2081 2593
2081 2649
2081 3977
2081 4009
2082 2522
2082 4085
2082 4337
2083 2135
2083 2189
2083 2260
2083 2863
2083 3924
2083 5540
2083 5584
2084 2684
2084 2693
2084 4524
2085 2432
2085 2435
2085 3643
2086 2449
2086 2454
2086 2468
2086 2566
2086 2649
2086 2665
2086 4494
2086 6302
2087 2514
2087 2522
2087 2553
2087 4394
2087 6174
2087 6190
2088 4508
2089 3982
2089 4009
2089 5353
2089 5465
2090 2550
2090 4006
2090 4085
2091 2172
2091 2791
2091 4412
2092 2432
2092 2765
2092 3981
2092 4551
2093 2399
2093 2430
2093 2431
2093 5450
2094 2185
2094 4084
2094 4208
2095 2146
2095 2553
2095 3347
2095 4084
2095 6197
2096 6084
2097 2161
2097 3137
2097 3617
2097 4073
2097 4473
2097 4593
2097 6385
2099 3216
2099 3355
2099 3628
2100 3784
2101 2403
2101 3037
2101 3982
2102 2566
2102 3614
2102 6190
2103 2172
2103 2791
2103 2847
2103 3165
2103 4997
2103 5479
2104 2765
2105 2153
2105 2161
2105 2169
2105 2985
2105 3185
2105 4113
2106 2175
2106 3066
2106 4450
2106 5354
2107 3240
2107 4532
2109 2794
2109 4063
2109 4157
2109 4277
2109 5474
2110 4030
2110 4038
2110 5345
2111 2216
2111 2968
2111 3151
2111 3447
2111 3455
2111 6084
2113 2169
2113 3129
2113 3457
2113 3769
2113 3905
2113 4041
2113 4049
2113 4097
2113 4113
2113 4129
2114 2175
2114 2850
2114 3967
2114 4482
2114 5354
2115 2235
2115 3240
2115 3244
2115 3248
2115 4339
2115 6020
2115 6072
2116 2204
2116 3069
2116 3135
2117 2202
2117 4401
2118 2542
2118 2558
2118 4046
2119 3181
2119 4447
2120 3232
2120 3244
2121 2561
2121 2577
2121 4041
2121 4049
2121 4057
2121 4505
2122 2847
2122 3130
2122 3181
2122 5970
2123 3240
2123 3248
2123 5503
2123 5536
2123 5595
2124 2300
2124 2387
2124 2492
2124 2548
2124 4193
2125 2472
2125 3005
2125 4010
2125 4114
2125 6156
2126 2550
2126 2566
2127 2180
2127 2181
2127 2189
2127 3135
2127 4460
2127 4935
2127 5391
2128 3240
2128 3984
2128 3992
2129 2521
2129 2553
2129 2777
2129 2985
2129 3001
2129 4441
2130 2575
2130 2759
2130 2986
2130 3106
2130 3994
2130 4114
2130 4899
2131 2180
2131 2219
2131 3272
2131 4405
2132 3004
2132 3253
2132 3347
2132 4189
2133 2357
2133 2359
2133 2365
2133 2381
2133 2767
2133 3061
2133 3269
2133 3557
2133 3621
2133 3629
2134 2558
2134 2566
2134 4038
2134 4054
2135 2181
2135 3135
2135 3143
2135 5444
2135 5474
2135 5532
2136 2568
2136 3248
2137 2561
2137 2569
2137 2577
2137 2657
2137 3753
2138 2575
2138 2634
2138 3181
2138 4450
2139 2196
2139 2211
2139 2216
2139 5391
2139 5408
2140 2871
2140 3652
2141 2224
2141 2373
2141 2605
2141 4132
2141 4442
2141 4703
2141 5338
2141 5450
2142 2566
2142 2574
2142 4014
2143 2397
2143 3127
2143 3135
2143 3501
2144 4448
2145 2577
2145 2617
2146 2602
2146 4450
2146 4522
2148 2269
2148 4140
2148 4156
2149 2260
2149 3117
2149 4447
2149 5412
2150 4224
2150 4533
2151 2404
2151 2676
2151 3135
2151 3867
2151 4471
2151 5591
2151 5599
2152 2235
2152 4027
2152 5403
2152 5448
2152 5528
2153 2553
2153 2561
2153 2633
2153 3561
2153 3937
2153 4441
2153 4537
2153 4729
2153 5177
2154 3034
2154 3845
2154 3909
2154 4114
2154 4138
2154 4466
2155 2772
2155 2788
2155 3252
2155 3275
2155 3283
2155 4308
2155 4627
2155 5595
2155 6323
2156 3135
2156 5452
2156 5579
2157 2525
2157 3135
2157 3757
2157 3933
2158 2342
2158 2366
2158 3322
2158 3326
2158 5340
2158 5559
2158 5578
2159 2567
2159 3794
2159 3799
2160 4644
2161 2249
2161 2257
2161 3369
2161 3633
2161 5593
2161 5697
2161 6033
2161 6145
2161 6353
2161 6361
2162 3042
2162 3066
2162 6058
2163 2648
2163 2664
2163 3012
2164 3045
2164 3165
2164 5460
2165 3045
2165 3501
2165 3525
2165 4215
2165 4533
2167 2575
2167 3455
2167 3463
2167 3471
2167 3591
2168 2648
2168 2656
2169 3353
2169 3801
2169 3913
2169 4697
2169 4721
2169 6217
2170 4138
2170 4490
2171 4051
2171 6335
2172 4464
2172 5595
2173 3165
2173 3525
2173 4461
2173 6347
2175 3743
2176 5536
2176 5587
2176 5595
2176 5667
2176 6016
2177 3353
2177 4537
2177 4721
2177 5097
2177 6017
2178 4682
2179 2238
2179 6343
2180 3133
2180 4960
2180 4964
2180 5579
2180 5595
2180 5603
2180 6344
2180 6355
2181 4477
2181 5474
2181 5487
2181 5564
2182 3319
2182 4150
2182 4237
2182 4244
2182 4245
2182 5538
2182 5664
2183 3287
2184 4255
2184 6020
2185 3001
2185 3625
2185 5041
2185 5097
2185 6025
2185 6185
2186 4133
2186 4198
2187 3336
2188 2480
2188 3165
2188 4476
2188 5466
2188 5479
2188 6291
2188 6352
2189 2949
2189 3165
2189 3885
2189 3893
2189 3933
2189 4461
2189 4997
2189 5474
2190 4207
2190 4237
2190 4694
2191 3295
2191 4446
2191 6299
2193 3369
2193 4553
2193 4697
2193 5113
2194 3010
2194 4394
2194 5154
2195 3090
2196 2959
2196 3045
2196 3133
2196 3165
2196 3892
2196 4996
2197 5474
2197 5564
2197 6316
2198 4261
2198 4997
2198 6129
2199 3743
2200 3451
2200 4824
2201 3601
2201 3873
2201 3889
2201 4697
2201 5673
2201 6153
2202 3137
2203 2247
2203 3448
2204 2480
2204 2631
2204 3045
2204 3069
2204 3117
2204 3451
2204 3469
2204 4380
2204 4484
2204 6307
2204 6324
2205 6142
2205 6316
2206 4244
2206 6071
2207 3451
2207 4264
2207 4317
2209 2969
2209 4753
2209 5201
2209 6049
2209 6145
2210 2973
2210 2974
2210 4093
2211 3451
2211 3456
2211 5323
2211 5324
2211 5328
2211 5804
2212 2301
2212 3661
2212 3668
2212 3787
2212 3788
2212 4259
2212 4421
2213 3143
2213 4997
2214 2450
2214 2974
2216 2260
2216 2480
2216 2483
2216 2844
2216 5479
2216 5532
2217 2985
2217 2989
2217 3153
2217 3161
2217 4313
2217 5225
2217 5233
2217 5257
2218 2987
2218 3114
2218 3146
2218 3331
2218 3339
2218 3451
2218 3530
2218 4827
2218 5471
2219 3256
2219 4360
2219 4373
2219 4413
2220 3132
2220 3165
2220 4468
2220 4892
2220 4912
2220 5005
2220 5391
2220 5469
2220 5479
2220 5579
2221 2546
2221 3311
2221 4220
2221 6132
2221 6357
2222 4430
2222 6325
2223 3095
2223 3160
2223 3168
2223 3543
2224 2901
2224 3800
2224 4141
2224 4430
2224 5258
2225 2297
2225 2313
2225 2321
2225 3161
2225 3441
2225 4329
2225 4337
2225 5065
2225 5209
2225 5217
2227 3123
2227 4355
2228 2452
2228 2484
2228 4281
2229 4253
2229 4281
2229 4286
2229 4366
2229 4390
2230 4285
2230 4366
2230 4369
2230 4848
2232 3069
2232 4181
2232 4317
2232 4358
2233 3129
2233 4297
2233 4361
2233 4848
2233 4984
2233 5257
2236 4313
2236 4321
2236 4420
2237 2997
2237 4274
2238 3284
2238 4285
2238 4472
2238 4537
2240 5444
2240 6134
2240 6316
2241 3129
2241 6081
2242 3261
2242 4602
2242 4690
2243 4984
2244 2492
2244 2542
2244 2558
2244 2665
2244 3028
2244 3128
2244 3904
2245 2601
2245 4293
2245 4452
2245 4501
2246 2341
2246 2349
2246 3186
2246 5598
2247 3063
2248 4365
2248 5444
2248 6316
2249 2321
2249 3369
2249 3377
2249 4113
2249 4305
2249 5233
2250 4634
2250 5563
2250 5567
2251 3019
2251 3147
2252 2460
2252 4316
2252 4562
2252 4565
2252 4820
2252 4847
2252 5271
2253 3005
2253 3269
2253 4501
2253 4565
2254 5598
2255 2524
2255 3005
2256 4328
2256 5511
2256 5879
2257 2305
2257 2329
2257 3345
2257 3369
2257 4129
2257 4137
2257 4313
2257 5025
2257 5625
2258 2309
2258 3151
2259 2396
2259 2491
2259 2496
2259 2499
2259 2508
2259 4292
2259 4300
2260 2907
2260 3028
2260 4140
2260 6099
2260 6292
2261 3228
2261 3269
2261 3975
2262 3264
2262 5590
2262 5614
2262 5765
2264 4156
2264 4291
2264 4324
2264 4379
2264 5511
2265 3017
2265 3873
2265 5625
2265 5737
2265 5753
2266 2860
2266 3208
2266 5567
2267 2363
2267 2367
2267 2371
2267 2376
2267 2380
2267 2384
2267 3083
2267 3880
2267 5208
2268 3276
2268 4324
2268 4509
2268 4877
2268 4988
2268 5452
2268 6312
2269 2317
2269 2332
2269 2340
2269 2344
2269 2383
2269 2429
2269 3525
2269 3664
2269 4222
2269 4549
2269 4565
2269 5773
2270 4030
2270 5598
2271 3208
2271 3223
2271 3360
2272 2376
2272 2380
2272 3088
2272 3092
2272 4396
2273 3017
2273 3873
2273 3889
2273 3897
2273 5705
2273 5737
2274 4599
2274 5479
2274 5567
2275 2376
2275 2379
2275 2384
2275 2392
2275 2491
2275 5280
2276 2367
2276 3088
2276 5208
2276 5272
2276 5700
2277 2429
2277 3557
2277 4181
2277 4549
2277 6173
2278 5466
2279 3208
2279 3479
2280 2380
2280 2384
2280 3056
2280 5280
2281 3009
2281 3033
2281 3873
2281 4329
2281 6129
2281 6137
2282 3151
2282 3559
2282 3583
2283 2363
2283 2376
2283 2379
2283 2384
2283 2388
2283 2392
2283 2512
2284 2328
2284 2389
2284 5708
2285 2332
2285 2340
2285 3037
2285 3525
2285 6164
2286 2810
2286 2818
2286 3038
2286 3041
2287 3171
2288 2363
2288 2371
2288 2392
2288 2496
2288 2504
2289 3033
2289 3041
2289 3881
2289 4537
2290 3186
2290 3206
2290 3583
2290 5642
2291 3179
2292 2388
2292 2389
2292 2496
2292 2500
2292 2508
2292 3043
2292 4075
2292 4080
2292 4088
2292 4644
2292 5284
2292 5288
2293 3629
2293 4092
2293 5389
2294 3002
2294 3133
2294 4379
2296 2355
2296 2363
2296 2392
2296 2496
2296 2504
2296 2512
2297 3041
2297 4137
2298 2542
2298 3190
2298 3591
2298 6156
2299 2368
2300 2352
2300 2396
2300 2429
2300 2437
2300 2516
2300 2524
2300 3184
2300 4364
2301 3443
2301 4421
2301 6355
2302 2818
2302 3038
2302 3928
2302 4920
2303 2361
2303 2526
2304 2363
2304 2392
2304 2512
2304 2528
2305 4329
2305 4537
2305 5209
2305 5297
2306 3551
2306 4878
2306 4886
2306 4889
2306 4894
2306 5662
2308 2396
2308 2429
2308 3069
2308 4668
2308 4812
2310 5654
2310 6246
2310 6254
2310 6357
2313 2585
2313 2985
2313 4481
2314 4894
2314 5654
2317 3936
2317 5389
2321 2593
2321 4449
2321 5625
2322 2542
2325 3161
2325 4077
2326 3186
2326 3194
2326 3199
2326 5144
2327 6293
2329 4113
2329 4465
2329 4641
2329 5209
2329 5593
2329 5625
2329 6017
2330 3218
2330 5638
2332 2975
2332 4422
2333 2494
2333 4094
2333 6356
2335 3223
2335 4079
2337 3369
2337 4897
2337 6265
2338 6230
2338 6277
2340 3372
2341 3237
2341 5141
2341 5594
2344 3228
2344 3660
2344 4557
2345 5609
2345 6209
2345 6217
2345 6241
2346 4442
2347 2400
2347 5803
2347 5864
2347 5876
2348 3783
2348 4207
2348 4617
2348 4722
2348 5033
2349 3194
2349 5621
2352 2840
2352 3184
2352 3188
2352 4096
2352 4100
2353 2401
2353 3665
2353 5601
2353 6177
2353 6193
2353 6209
2355 2520
2355 5864
2356 4100
2359 3351
2360 5864
2360 5876
2361 5737
2361 6193
2361 6217
2361 6225
2361 6241
2362 2437
2362 5383
2364 2925
2364 4679
2365 2933
2365 3853
2365 4653
2365 5668
2368 5864
2368 5872
2368 5876
2369 6225
2369 6241
2370 3203
2371 2496
2371 5683
2373 3042
2373 5642
2374 3207
2374 3218
2374 3238
2375 5263
2375 5675
2375 5683
2375 5999
2375 6003
2376 3088
2376 5208
2377 5609
2377 6201
2377 6217
2378 3203
2378 3223
2379 5008
2379 5263
2379 5267
2379 5280
2379 5683
2379 5688
2379 5691
2380 3092
2380 5208
2381 3231
2382 3230
2382 3238
2384 5208
2384 5216
2385 3257
2385 3273
2385 4443
2385 5737
2385 6193
2385 6249
2387 3652
2387 4139
2387 4147
2387 5244
2388 4060
2388 4635
2388 5280
2390 3814
2390 5622
2391 2815
2391 4442
2391 4474
2391 4506
2392 2491
2392 2512
2393 3273
2393 3809
2393 5593
2393 5609
2393 5625
2395 2447
2395 4736
2397 2871
2397 4267
2399 3429
2400 5827
2400 5859
2400 5864
2400 5876
2401 2601
2401 3273
2401 3281
2401 4305
2401 4729
2401 4777
2402 2449
2402 3307
2403 2639
2403 2643
2404 2572
2404 2676
2404 3244
2405 3211
2405 3224
2405 4184
2407 2607
2407 4530
2407 5431
2407 5543
2408 2544
2408 2576
2408 4712
2408 5835
2408 5884
2409 2601
2409 2609
2409 2673
2409 3281
2409 3761
2410 3954
2410 5286
2411 3946
2411 4790
2412 2588
2412 2676
2413 2676
2413 2999
2413 4463
2413 4498
2413 5556
2415 4805
2415 5926
2416 2552
2416 2560
2416 2683
2416 3244
2417 2609
2417 3137
2417 3281
2417 3297
2418 5598
2419 2597
2419 3307
2419 3372
2420 2653
2420 2676
2420 2692
2420 3884
2420 4106
2420 4498
2421 2660
2421 3069
2421 3095
2421 3117
2421 4309
2421 4703
2422 2633
2422 4525
2423 2470
2423 2471
2423 4839
2424 2781
2424 3232
2424 4176
2424 4196
2424 4861
2425 2537
2425 3273
2425 3297
2425 4049
2425 4561
2426 2505
2426 4444
2426 6442
2427 2476
2427 2484
2428 3389
2428 3980
2428 4554
2428 4748
2429 3223
2429 3351
2429 4783
2430 3013
2430 3982
2430 4533
2431 3365
2432 2693
2432 4087
2433 3977
2433 3985
2433 3993
2434 2689
2434 3970
2436 3216
2436 3988
2436 4547
2437 3351
2437 3363
2437 3557
2437 4205
2437 4213
2437 4221
2438 2505
2439 2485
2440 2535
2440 4309
2440 5975
2441 2577
2441 4233
2442 2962
2442 4370
2443 3307
2443 3975
2443 4341
2444 3355
2444 4531
2445 4029
2446 2502
2446 2665
2446 4010
2447 3975
2448 2597
2448 3090
2448 4309
2448 4516
2449 2561
2449 2649
2449 3001
2452 2813
2452 4447
2452 4731
2453 3013
2453 5429
2457 2505
2457 2513
2457 2593
2457 2985
2457 3017
2457 4041
2458 2505
2458 2858
2460 4316
2461 2943
2462 2889
2464 2605
2465 3001
2465 3017
2468 4029
2468 5429
2468 6389
2469 4494
2469 6474
2471 2557
2471 4879
2472 2597
2472 3069
2472 3975
2472 4474
2473 2649
2473 2966
2473 2985
2473 3001
2473 3025
2473 4505
2474 3138
2474 5307
2475 2541
2475 2556
2475 3347
2477 2970
2478 2969
2478 2977
2479 2549
2479 2557
2479 3434
2480 5479
2481 2985
2481 3001
2481 3449
2481 3457
2481 3617
2482 2561
2482 2577
2483 2540
2483 3216
2484 2938
2484 2981
2484 3450
2484 3796
2484 4289
2484 4730
2484 5270
2484 5580
2484 6350
2485 2970
2485 4333
2486 2542
2487 2541
2487 2549
2487 2557
2488 3376
2488 4051
2488 4059
2488 4088
2488 4180
2488 6344
2489 2545
2489 2561
2489 3657
2489 4329
2490 2538
2490 2545
2490 2561
2490 3058
2490 3336
2490 3378
2490 4626
2492 3117
2492 4338
2492 4475
2493 2943
2493 2946
2493 2982
2494 2542
2494 3998
2494 4006
2494 4293
2494 4432
2494 4440
2495 2541
2495 2549
2495 3503
2495 3511
2496 4056
2496 4180
2496 4632
2496 4640
2497 2617
2497 2625
2497 2633
2497 2649
2497 2665
2497 5001
2498 2545
2498 2874
2498 2898
2500 4083
2500 4088
2500 5263
2500 5280
2500 5288
2501 3013
2502 2550
2502 2558
2502 2938
2502 4006
2503 2549
2503 2879
2503 3023
2504 2552
2505 2617
2505 2641
2505 2649
2505 2665
2506 3058
2509 2927
2511 3018
2511 3023
2511 3050
2511 3074
2513 2593
2513 2649
2513 4497
2513 4817
2513 5625
2514 3058
2514 3066
2514 6174
2517 4213
2517 4749
2519 3013
2519 3455
2521 3065
2521 3081
2521 3561
2521 4825
2521 5865
2522 2978
2522 3796
2522 4084
2522 4230
2522 5258
2522 5287
2522 5294
2525 4223
2526 4293
2527 2621
2527 2629
2527 3386
2527 3771
2527 4474
2528 2696
2529 2585
2529 3065
2529 3081
2530 2985
2532 3188
2533 3135
2533 5277
2534 3086
2535 2597
2535 2823
2535 3271
2537 3065
2537 3073
2537 3081
2537 3553
2537 3729
2537 4089
2537 5265
2538 3066
2538 3090
2538 3434
2538 3650
2538 4723
2539 2656
2539 2664
2542 3086
2542 3102
2542 3110
2542 3174
2542 4110
2542 4253
2542 4472
2542 5341
2542 6346
2543 2604
2543 2815
2544 2656
2544 3988
2545 2953
2545 3089
2545 3344
2545 3553
2545 3561
2545 4618
2546 3130
2546 3138
2546 4050
2546 5878
2547 2675
2547 4816
2550 4077
2551 3066
2551 3138
2551 5418
2553 2985
2553 3089
2553 3561
2554 2634
2554 2650
2554 2901
2555 2604
2555 3066
2557 2887
2557 2890
2558 2662
2558 2665
2558 4030
2558 4038
2558 4054
2558 4077
2559 2871
2559 3066
2560 2656
2560 2664
2560 2672
2560 5892
2561 2633
2561 2665
2561 4610
2562 2649
2562 2657
2562 3178
2562 6310
2562 6318
2563 4847
2564 2890
2565 2866
2565 2890
2566 2614
2566 3630
2566 3634
2566 3646
2566 3654
2566 3750
2566 3766
2567 2647
2567 2869
2567 5418
2568 2640
2568 2648
2568 2656
2568 2664
2568 2672
2568 2680
2568 2688
2568 4656
2568 5892
2569 2617
2569 2657
2569 2665
2569 2849
2569 2953
2570 2621
2570 2629
2571 5453
2572 2890
2573 2874
2573 2882
2574 2622
2574 2630
2574 2638
2574 2646
2575 2815
2575 2865
2575 3071
2575 4004
2575 5426
2576 2672
2576 2680
2576 2688
2576 2696
2576 4720
2577 2641
2577 2665
2577 2953
2577 2961
2577 2980
2577 3129
2577 4209
2577 4281
2577 4842
2577 5356
2577 6318
2578 2634
2578 2642
2578 2650
2578 4002
2579 2643
2579 2667
2579 2865
2580 2882
2580 2890
2581 3997
2581 6092
2582 2630
2582 2654
2583 2647
2583 2855
2583 2858
2583 3799
2584 2688
2584 2696
2584 2862
2585 2641
2585 2649
2585 2665
2585 2673
2585 2697
2585 4105
2585 4148
2585 4449
2585 4457
2585 4497
2586 2634
2586 2642
2586 2650
2586 4002
2588 2882
2588 4724
2590 2638
2590 2646
2590 2662
2591 2647
2591 2655
2592 2656
2592 2664
2592 2688
2592 2696
2592 2854
2592 2862
2593 2649
2593 2657
2593 2665
2593 2673
2593 2681
2593 2689
2593 2713
2593 2961
2593 3025
2593 3761
2593 4105
2593 4433
2593 4449
2593 4457
2593 4497
2593 4641
2593 5001
2593 5341
2593 5353
2593 6393
2593 6409
2593 6417
2594 2650
2594 4010
2595 2692
2596 2652
2596 2850
2596 2874
2597 2661
2597 2815
2597 2823
2597 4015
2597 4500
2598 2646
2598 2654
2598 2888
2598 4454
2598 4542
2600 2656
2600 2664
2600 2688
2600 2696
2600 2878
2601 2649
2601 2657
2601 2665
2601 2681
2601 2769
2601 6393
2602 2650
2602 4578
2603 2652
2604 4028
2606 2662
2606 2670
2607 2652
2607 2653
2607 2663
2607 2676
2607 2805
2607 3871
2608 2656
2608 2664
2608 2688
2608 2696
2609 2665
2609 2673
2609 2769
2609 4449
2609 4513
2609 6417
2610 2666
2610 2674
2613 2677
2614 2662
2614 2670
2615 3010
2616 2664
2616 2672
2617 2665
2617 2673
2617 2681
2617 2697
2617 2721
2617 2769
2617 4041
2617 4065
2617 4465
2617 4481
2617 4489
2617 4817
2617 6401
2617 6409
2618 2666
2618 2674
2618 3762
2621 2677
2621 2955
2621 4053
2621 4230
2621 4482
2622 2670
2622 2678
2622 3176
2623 3018
2625 2689
2625 3128
2625 4497
2625 4513
2625 4817
2626 3762
2627 2717
2629 2693
2631 3069
2631 3445
2631 3583
2631 4463
2633 2697
2633 4433
2633 4497
2633 4505
2633 4649
2633 4745
2633 5441
2633 5457
2633 6377
2635 2684
2635 4652
2636 2684
2636 2692
2637 2693
2637 3972
2639 2805
2639 3037
2639 4005
2641 2689
2641 2697
2641 3417
2641 3769
2641 4113
2641 4633
2641 4649
2641 6369
2641 6377
2643 3069
2647 3386
2649 2697
2649 2726
2649 2737
2649 3649
2649 3657
2649 3769
2649 3985
2649 4001
2649 4033
2649 4209
2649 4217
2649 4489
2649 4505
2649 4521
2649 4641
2649 4745
2649 5361
2649 6011
2649 6369
2650 3866
2651 3992
2653 2754
2653 3117
2653 4007
2655 3066
2655 4052
2655 4645
2657 4017
2657 4025
2657 4041
2657 4049
2657 4057
2657 4489
2657 4497
2657 4521
2657 4529
2657 5465
2658 4018
2660 3117
2661 4015
2661 4045
2661 4053
2661 4112
2661 4120
2661 4444
2662 4510
2663 2994
2663 5418
2663 6013
2665 2718
2665 3657
2665 4017
2665 4025
2665 4033
2665 4041
2665 4049
2665 4057
2665 4065
2665 4465
2665 4489
2665 4649
2668 2778
2669 4061
2669 4831
2669 6306
2671 2805
2671 3055
2671 3997
2671 4535
2671 4543
2673 4025
2673 4033
2675 4539
2676 2770
2676 4535
2676 4652
2676 4660
2676 4975
2676 6092
2677 5426
2679 2765
2679 5055
2681 4025
2681 4041
2683 3980
2683 4551
2685 4482
2686 4795
2687 2757
2687 2765
2687 3392
2687 4791
2687 4813
2687 5120
2688 5892
2689 4521
2689 4529
2690 4786
2690 5410
2690 5570
2691 2757
2691 2761
2691 3290
2691 3379
2691 3384
2691 4560
2692 2754
2692 3978
2692 4015
2692 4023
2693 3261
2693 3787
2693 5893
2694 3374
2694 3966
2694 4558
2695 5073
2696 3976
2697 4561
2699 5118
2699 5122
2699 5126
2699 5130
2700 3972
2701 2746
2701 3656
2701 3784
2701 3787
2701 3967
2702 2747
2702 3966
2702 5141
2702 5570
2703 2748
2703 3214
2703 4906
2703 5077
2703 5078
2703 5325
2703 5570
2703 5646
2704 2747
2704 2748
2704 2752
2704 2756
2704 3392
2704 4803
2704 5080
2704 5182
2705 3787
2705 4185
2706 3966
2707 2749
2707 5078
2707 5090
2708 2752
2708 3392
2708 4425
2708 5080
2708 5111
2709 3476
2710 3967
2711 5125
2712 5090
2712 5106
2712 5110
2712 5114
2712 5118
2712 5122
2713 4553
2715 5098
2716 5098
2716 5106
2718 3967
2719 5109
2720 5106
2720 5110
2721 4217
2721 4513
2721 4553
2721 4561
2722 4557
2723 5082
2724 5090
2724 5098
2724 5106
2726 2798
2726 4375
2726 4404
2726 4412
2728 5090
2728 5098
2728 5102
2729 4217
2729 4529
2729 4553
2729 4561
2730 3028
2730 4564
2732 5090
2733 4808
2734 2791
2734 3165
2734 4295
2734 4420
2735 4560
2735 6454
2736 5086
2736 5090
2736 5094
2736 5110
2737 4529
2737 4561
2738 3959
2738 3967
2738 3972
2738 4557
2740 5062
2740 5082
2740 6398
2741 5062
2742 2791
2742 3165
2742 3967
2742 5461
2743 3959
2743 3968
2743 4560
2744 2787
2744 4396
2744 6430
2745 3369
2745 3385
2745 3393
2745 5513
2745 5625
2745 6233
2745 6249
2745 6257
2746 3663
2746 3664
2746 3667
2746 4192
2746 4426
2746 4428
2746 5026
2746 5077
2746 5079
2746 5568
2746 6119
2747 4425
2747 5080
2747 5141
2748 3392
2748 5138
2748 5874
2748 6388
2749 5082
2750 3966
2750 4558
2751 2807
2751 3157
2751 3165
2751 3455
2751 3975
2751 5930
2752 3388
2752 4075
2753 3977
2754 3970
2754 3978
2754 4015
2755 2819
2755 3131
2755 3172
2755 4412
2755 4420
2755 4491
2755 4499
2756 2812
2756 3375
2756 4552
2756 5136
2757 3389
2757 4573
2757 5069
2758 3974
2758 3982
2759 2823
2759 3407
2759 3967
2759 3975
2759 3978
2759 3983
2759 4495
2759 4524
2759 4556
2760 2824
2760 2832
2760 2848
2760 2952
2760 3003
2760 3176
2760 3376
2761 3977
2761 3985
2761 4795
2761 5601
2762 2826
2762 2834
2762 2842
2763 4532
2764 2852
2764 2884
2764 3988
2764 4523
2765 3367
2765 3980
2765 3981
2765 3989
2766 2854
2766 2862
2766 2870
2766 2886
2766 3366
2767 2831
2767 2991
2767 3079
2767 4466
2768 2816
2768 2832
2768 3136
2768 3176
2768 4315
2769 5737
2770 2831
2770 2967
2770 3082
2770 4114
2770 4466
2771 2828
2771 3180
2771 4556
2772 3027
2772 3988
2772 3996
2772 4242
2773 3325
2773 3997
2773 4188
2773 4197
2773 4204
2773 4535
2773 4539
2774 2822
2774 2830
2774 2846
2775 2821
2775 2831
2775 2837
2775 3135
2775 4036
2775 4487
2775 4503
2775 4532
2776 2864
2776 2880
2776 3144
2776 4536
2777 3033
2777 4441
2777 4977
2778 2842
2778 2866
2778 2874
2778 2930
2778 4010
2778 6319
2779 2827
2779 2828
2779 2843
2780 3988
2780 4531
2780 4539
2781 3437
2781 4196
2781 4252
2781 4527
2781 5039
2782 2830
2782 2838
2782 2846
2782 2854
2783 2829
2783 2903
2783 4015
2784 2832
2784 2936
2784 3112
2785 2849
2785 2881
2785 4881
2787 2836
2787 3123
2787 5927
2788 3155
2788 4552
2788 5547
2789 3045
2789 3165
2789 4333
2791 2940
2791 2941
2791 2949
2791 3125
2791 3133
2791 3157
2791 3165
2791 3933
2791 4015
2791 4532
2792 2864
2792 2936
2792 3120
2792 5051
2793 2849
2793 2881
2793 4873
2795 3003
2795 3051
2795 3124
2795 4043
2795 4499
2795 6027
2796 2876
2796 2884
2796 4523
2796 4531
2797 2853
2797 2877
2797 2885
2797 3045
2797 3069
2797 4341
2797 6063
2797 6316
2798 2846
2798 2854
2799 2855
2799 2919
2799 4466
2801 2857
2801 2889
2803 3051
2803 3124
2803 3132
2804 2876
2804 4531
2804 4552
2804 4556
2805 2860
2805 2861
2805 2893
2805 3192
2805 3903
2805 4076
2805 4621
2805 4711
2805 5375
2805 5431
2807 2869
2807 2871
2807 2903
2807 2991
2807 3879
2807 4007
2807 4795
2808 2864
2808 2872
2808 2928
2808 3112
2808 4536
2809 2865
2809 3033
2810 4928
2812 2892
2812 2900
2812 3115
2812 4523
2813 2869
2813 2901
2813 3037
2813 3045
2813 3095
2813 3181
2813 4029
2813 4621
2813 4703
2813 4744
2813 6061
2814 2870
2814 3062
2815 2871
2815 2879
2815 2935
2815 2943
2815 2992
2815 3383
2815 3779
2815 3967
2815 3976
2815 4039
2815 4839
2816 2872
2816 2904
2816 2936
2816 3072
2816 3096
2816 3099
2816 3104
2816 3112
2816 3120
2816 3144
2816 4544
2816 4560
2818 2954
2819 2868
2819 2876
2819 2891
2819 2916
2819 3035
2819 4096
2819 4284
2820 2884
2820 2892
2820 3123
2821 2869
2821 2901
2821 4487
2822 2870
2822 2878
2822 3062
2822 4928
2823 2917
2823 2955
2823 2960
2823 3383
2823 3967
2823 4490
2824 2888
2824 2896
2824 2920
2824 3064
2824 3096
2824 3104
2824 4544
2824 4552
2824 4560
2825 2873
2825 2889
2827 3980
2828 2876
2828 2892
2828 2900
2828 2907
2828 2923
2828 3123
2828 4520
2828 4531
2828 4556
2828 4560
2828 4816
2829 2885
2829 2901
2829 3037
2831 2887
2831 4471
2832 2896
2832 3096
2832 3120
2832 4536
2832 4552
2834 2897
2835 3188
2835 3355
2835 4319
2837 2893
2837 3173
2837 4076
2837 4503
2837 4541
2837 6021
2837 6053
2837 6085
2837 6308
2839 3018
2839 3975
2839 4487
2839 4501
2840 3035
2840 3068
2840 3096
2840 3184
2842 2930
2842 2986
2842 3402
2842 6314
2843 2892
2843 2915
2843 2987
2843 3099
2843 3107
2843 3180
2843 4556
2844 2976
2845 2901
2845 3181
2845 3192
2847 3127
2847 3141
2847 3143
2847 3157
2847 3165
2847 3407
2847 4997
2847 5927
2847 6348
2848 2896
2848 2920
2848 2928
2848 3056
2848 3080
2848 3096
2848 3104
2848 3176
2849 2905
2850 2914
2850 2986
2850 3066
2850 3394
2850 4044
2850 4490
2850 4732
2851 2900
2851 2940
2851 2948
2851 2956
2851 3028
2851 3451
2852 2987
2852 3068
2852 3556
2852 4072
2853 2909
2853 2917
2853 3069
2855 2919
2855 3167
2855 4445
2855 4463
2855 6079
2856 2920
2856 2928
2856 3048
2856 3104
2857 2905
2857 2913
2858 2986
2859 2948
2859 2956
2859 6112
2860 3355
2861 2925
2862 6330
2863 2951
2863 3125
2863 3127
2863 3135
2863 3143
2863 5474
2864 3048
2864 3160
2864 4536
2866 2930
2866 3058
2866 3066
2867 2940
2867 2948
2867 2956
2867 3147
2867 4435
2868 4512
2868 5471
2871 2925
2871 2933
2871 2951
2871 3117
2871 3119
2871 3151
2871 4447
2871 4463
2872 2936
2873 4513
2874 2951
2875 2932
2875 2940
2875 2948
2875 3155
2876 2932
2876 2939
2876 2940
2876 2956
2876 2960
2876 3115
2876 3192
2876 3339
2876 3467
2876 3523
2876 3563
2876 3587
2876 4523
2876 4819
2876 4875
2876 4883
2876 4888
2876 5471
2877 3069
2877 3189
2877 3869
2878 3414
2878 4502
2879 2951
2879 3023
2879 3071
2880 2928
2880 3112
2880 3136
2880 3144
2880 3160
2880 6307
2880 6315
2881 3457
2881 4873
2882 2945
2882 2947
2883 2940
2883 4467
2884 2956
2884 3011
2884 3587
2884 3595
2885 3069
2885 3125
2885 4013
2886 2942
2886 2950
2887 3039
2888 3048
2888 3160
2891 3068
2891 4475
2891 6130
2892 3115
2892 3180
2892 3188
2892 5471
2892 6328
2893 4076
2893 4541
2893 4717
2893 5556
2894 2942
2894 2950
2895 3511
2895 3549
2896 3144
2896 3176
2896 3184
2896 4472
2897 4513
2898 2945
2898 3058
2898 3498
2899 2956
2899 2987
2899 3188
2899 3196
2899 4364
2900 3180
2902 2950
2902 2958
2903 3077
2904 2952
2904 3160
2906 3066
2906 3506
2908 3196
2908 4072
2909 3069
2911 3127
2911 5389
2911 5471
2911 6108
2912 3064
2913 3073
2913 3081
2913 3129
2913 3537
2915 3131
2915 3260
2915 4140
2915 4452
2916 3068
2916 3468
2916 4500
2917 3069
2917 3197
2917 6267
2919 4463
2919 6079
2920 3064
2920 3072
2921 3065
2921 3081
2921 3089
2921 3537
2921 3553
2923 3003
2923 3019
2923 4531
2924 3027
2924 3076
2924 3108
2924 3116
2924 3851
2924 5555
2925 3224
2925 4463
2925 4711
2926 3070
2926 6299
2927 3029
2927 3063
2928 3008
2928 3112
2929 3065
2929 3073
2929 3081
2929 3089
2929 3097
2931 3027
2931 3067
2931 3851
2932 3012
2933 3077
2933 3085
2934 3118
2935 3005
2936 3008
2936 3020
2936 3032
2936 3072
2936 3099
2937 3073
2937 3081
2937 3097
2937 3553
2939 3004
2939 3291
2939 3308
2939 4255
2940 3132
2940 4532
2941 3125
2941 3127
2941 3165
2941 4872
2941 4955
2941 4996
2943 3069
2944 3072
2944 4311
2945 3073
2945 3081
2945 3097
2945 3297
2946 4493
2947 3011
2947 3068
2947 4255
2947 4280
2947 4429
2948 3020
2948 6291
2949 3165
2949 4900
2951 3127
2952 3176
2952 4116
2952 4315
2953 3097
2954 3157
2954 4893
2955 3984
2956 3000
2956 3188
2956 3196
2956 3228
2956 3259
2956 4443
2957 3125
2957 3133
2957 3165
2957 3917
2957 4997
2959 3002
2959 3006
2959 3018
2959 3127
2960 3020
2960 4116
2960 4311
2960 4948
2961 3129
2962 6132
2963 3018
2963 3866
2963 4493
2963 5005
2963 5466
2963 5469
2964 3165
2964 3188
2967 4063
2967 4114
2967 4183
2967 4186
2968 3180
2968 5991
2969 3129
2971 3079
2971 3103
2972 3053
2972 3069
2972 3101
2972 3983
2974 4190
2975 3026
2975 3034
2975 3106
2975 3355
2975 4466
2976 3068
2976 3196
2976 4263
2976 4280
2977 3561
2977 4081
2977 4329
2977 4385
2977 5857
2978 3110
2978 4186
2978 6182
2979 3023
2979 3079
2979 3111
2979 3117
2979 3127
2979 4091
2980 3165
2981 3037
2982 3110
2983 3045
2983 3095
2983 3165
2983 3455
2984 3069
2984 3184
2984 4104
2984 4255
2984 4280
2985 3145
2985 3441
2985 4081
2985 4329
2985 4337
2985 4449
2985 5209
2985 5275
2985 5857
2986 3114
2987 3036
2987 3044
2987 3068
2987 3115
2988 3184
2988 3188
2988 3827
2988 4096
2989 3053
2989 3069
2989 3133
2990 3118
2991 3037
2991 3053
2991 3055
2991 3117
2991 3119
2991 3127
2991 3149
2992 3035
2992 4091
2992 4104
2992 4280
2992 4565
2993 3121
2993 3129
2993 4089
2993 4113
2993 5233
2994 3135
2994 4450
2994 4911
2994 5970
2996 3307
2996 4108
2997 3069
2997 3341
2997 5336
2998 3062
2998 4110
2999 3047
2999 3079
2999 3119
2999 3135
2999 3378
3000 3064
3000 3072
3001 3057
3001 3129
3001 3137
3001 4113
3001 4329
3001 5257
3002 3082
3002 3135
3002 3141
3002 4044
3002 4114
3003 3051
3003 3059
3003 3067
3003 3075
3003 3880
3003 4491
3003 4864
3004 3068
3004 3116
3004 3291
3004 5967
3005 3109
3005 3117
3005 3159
3005 3320
3005 4117
3005 4309
3006 3054
3006 3062
3007 3063
3007 3071
3007 3077
3007 3087
3007 3111
3007 3127
3008 3072
3008 3080
3008 4269
3009 3113
3009 3145
3009 4273
3009 4337
3009 6137
3010 3066
3010 3122
3010 3410
3010 4986
3011 3059
3011 3067
3011 3068
3011 3075
3011 4003
3011 4284
3011 4429
3012 3076
3012 3084
3012 4268
3013 3069
3013 3333
3013 4317
3013 4812
3014 3070
3014 3078
3014 3118
3014 3126
3015 3063
3015 3077
3015 3084
3015 3117
3016 3072
3017 3121
3017 3153
3017 3873
3017 3889
3017 4129
3017 4313
3017 4337
3018 3066
3018 3410
3019 3067
3019 3076
3019 3091
3020 4268
3020 4496
3020 4992
3021 3069
3021 3277
3021 4141
3022 3118
3022 3126
3023 3077
3023 3087
3023 3109
3023 3117
3023 3159
3023 3415
3023 3423
3023 3863
3024 3072
3024 4528
3025 3073
3025 3129
3025 4105
3025 4113
3025 4329
3025 4497
3026 3082
3026 3162
3026 3426
3026 3916
3026 5479
3027 3071
3027 3075
3027 3076
3027 3084
3027 3116
3028 3076
3028 3084
3028 3967
3028 4116
3028 4124
3029 3975
3029 4141
3029 4181
3029 6332
3030 3078
3030 3110
3031 3109
3031 3117
3031 3159
3031 3423
3032 3080
3032 3128
3033 3137
3033 4149
3033 4153
3033 6137
3034 3788
3034 3818
3034 3858
3034 3866
3034 4020
3034 4820
3034 5258
3036 3084
3036 4116
3036 4122
3037 3085
3037 3109
3037 3141
3037 3173
3037 3328
3037 3360
3037 3407
3037 3909
3037 4117
3037 4149
3037 4269
3037 4445
3037 4981
3037 6029
3039 3100
3039 3101
3039 4599
3040 3104
3040 4411
3040 4504
3041 3129
3041 3145
3041 3153
3041 3161
3041 3177
3041 4081
3041 4113
3041 4129
3042 3858
3042 3866
3043 3101
3043 4051
3043 4083
3043 4088
3044 3108
3044 3180
3044 6328
3045 3127
3045 3157
3045 3165
3045 3445
3045 4087
3045 4173
3045 4357
3045 4455
3045 5005
3045 6120
3045 6290
3045 6332
3045 6348
3045 6356
3046 3094
3047 3092
3047 3093
3047 3117
3047 3863
3048 3880
3048 4051
3049 3129
3049 3161
3049 3185
3049 5001
3050 3138
3051 3124
3051 3132
3051 3147
3051 3880
3052 3100
3052 3124
3053 3117
3053 3165
3053 3884
3053 4117
3053 4133
3053 4181
3053 6029
3054 3110
3057 3113
3057 3137
3057 3169
3057 4149
3057 4153
3057 4977
3058 3455
3058 4626
3059 3180
3060 3196
3060 4059
3060 4083
3062 4947
3063 3116
3064 3116
3064 5184
3065 3121
3065 3129
3065 3177
3065 5217
3066 3114
3066 3122
3066 3130
3066 3138
3066 3154
3066 3514
3066 3522
3066 3530
3066 4090
3066 4226
3066 4314
3067 3116
3068 3116
3068 3171
3068 3179
3068 3184
3068 3196
3068 4300
3069 3117
3069 3189
3069 3197
3069 3204
3069 4117
3069 4125
3069 4133
3069 4181
3069 4309
3069 4453
3069 5228
3069 6020
3069 6028
3069 6120
3069 6267
3070 3118
3070 3126
3071 3122
3071 3127
3071 3984
3071 4978
3071 6327
3072 3136
3072 3896
3073 3185
3074 3130
3074 3138
3074 3330
3074 3978
3074 4018
3074 4098
3074 4138
3074 4458
3074 4866
3074 5735
3075 3515
3076 3124
3077 3901
3077 4112
3077 4453
3077 4828
3078 3126
3078 3134
3079 3135
3079 3863
3079 4111
3080 3904
3081 3129
3081 3297
3081 3313
3081 3537
3081 3545
3081 3553
3081 3721
3082 3138
3082 4055
3082 4114
3082 4117
3082 4138
3082 4146
3083 3867
3083 3880
3083 5216
3085 4117
3086 3134
3086 3142
3088 3872
3088 3880
3088 5208
3088 5216
3089 4252
3090 3146
3090 3666
3090 4106
3090 4122
3090 4130
3090 4177
3090 4306
3090 4330
3090 4450
3092 3876
3092 5212
3094 4126
3094 4211
3095 3151
3095 3247
3095 3255
3095 4095
3096 4544
3096 4560
3098 3205
3098 3307
3098 4106
3098 4135
3098 4170
3098 4223
3098 4234
3098 4434
3098 4463
3098 4634
3098 6045
3098 6128
3099 3180
3100 3196
3101 3165
3101 3917
3101 4525
3102 3150
3102 3166
3102 4318
3103 3157
3103 3173
3103 4111
3103 4439
3105 3153
3105 3353
3105 4145
3105 4537
3106 3162
3106 3450
3106 4114
3106 4146
3106 4314
3106 4978
3107 3180
3108 6084
3110 3166
3110 3174
3110 4118
3110 4150
3111 3165
3111 3303
3111 3455
3113 3169
3113 4153
3114 3466
3114 3530
3114 4090
3114 4122
3114 4330
3115 3180
3115 3188
3116 4560
3117 3333
3117 3415
3117 4117
3117 4125
3117 4133
3117 4325
3117 4453
3118 3446
3118 4008
3118 4310
3118 4350
3118 4358
3118 4440
3118 4743
3119 3165
3120 4544
3121 3185
3121 3193
3121 4169
3122 3522
3122 4098
3122 4106
3122 4122
3122 4290
3123 3180
3125 4487
3126 3454
3126 4000
3126 4008
3126 4102
3126 4126
3126 4310
3126 4440
3127 3173
3127 3181
3127 4095
3127 4103
3127 4107
3127 4136
3127 4291
3127 4349
3127 4431
3127 4996
3128 3176
3128 4254
3129 3177
3129 3185
3129 3193
3129 3201
3129 3377
3129 3393
3129 3441
3129 3449
3129 3457
3129 3497
3129 3513
3129 3521
3129 3529
3129 3577
3129 3585
3129 3601
3129 3609
3129 3641
3129 3649
3129 3905
3129 3921
3129 4105
3129 4249
3129 4273
3129 4289
3129 4305
3129 4313
3129 4329
3129 4353
3129 4361
3129 4369
3129 4409
3130 3410
3130 3418
3130 3466
3130 4106
3130 4362
3130 4476
3130 4484
3130 4899
3130 6333
3132 3259
3132 3268
3132 3827
3132 3835
3132 4035
3132 4460
3132 4824
3132 5004
3132 5466
3133 4156
3133 4165
3133 4285
3133 4413
3133 4430
3133 4468
3133 4469
3133 4997
3133 6084
3134 3526
3134 4142
3135 4036
3135 4103
3135 4111
3135 4943
3135 5015
3135 6053
3135 6134
3136 4120
3137 3497
3137 4227
3137 4313
3138 3352
3138 3418
3138 3538
3138 3755
3138 4114
3138 4970
3139 4291
3139 4420
3139 4443
3139 4451
3139 4483
3139 4915
3139 4979
3142 4150
3143 3399
3143 3835
3143 4157
3143 4165
3143 4431
3143 4997
3143 5495
3143 6031
3143 6076
3144 4536
3146 3450
3146 3466
3146 4122
3147 3251
3148 3379
3148 4107
3148 4299
3148 4464
3148 5461
3148 6303
3149 3197
3149 4181
3150 4326
3151 3455
3151 3479
3151 4463
3152 5866
3152 5874
3153 3361
3153 4089
3153 4129
3153 4137
3153 4162
3153 4169
3153 4313
3153 4321
3153 4337
3153 4797
3153 5009
3155 3216
3156 4132
3156 4332
3156 5466
3157 3823
3157 4332
3157 4493
3158 4342
3159 3543
3159 4463
3159 6047
3160 3309
3160 5341
3160 5349
3161 3345
3161 3641
3161 4137
3161 4297
3161 4313
3161 6033
3163 3216
3163 3283
3163 3316
3163 4300
3164 4420
3164 5466
3165 3660
3165 3823
3165 3831
3165 4036
3165 4044
3165 4141
3165 4285
3165 4341
3165 4373
3165 4396
3165 4453
3165 4461
3165 4476
3165 4487
3165 4501
3165 4532
3165 4927
3165 4996
3165 4997
3165 5004
3165 5005
3165 5021
3165 6015
3165 6084
3165 6290
3165 6352
3166 4342
3167 3479
3167 3607
3167 6047
3168 3232
3169 4081
3169 4121
3169 4145
3170 3213
3170 4150
3170 5647
3171 3216
3171 5642
3171 6047
3172 4367
3172 4420
3173 4157
3173 6053
3174 4150
3175 3583
3175 4954
3175 6066
3177 4153
3178 5341
3179 6199
3180 3459
3180 6328
3181 4125
3181 6068
3182 4358
3182 4382
3183 3520
3183 3583
3183 3677
3183 4159
3183 4946
3183 5230
3184 4193
3184 4300
3184 4304
3185 3569
3185 4089
3185 4105
3185 4113
3185 4129
3185 4161
3185 4169
3185 4233
3185 5265
3186 3229
3186 4811
3187 3546
3187 3620
3187 4962
3188 3613
3188 4100
3189 3613
3189 4181
3189 6267
3190 4366
3191 3606
3192 4981
3193 3641
3193 4169
3193 4409
3194 3237
3194 3336
3194 4811
3194 5174
3195 3490
3195 3554
3195 5563
3197 3861
3197 3885
3197 3984
3197 4181
3197 4365
3197 4373
3197 6267
3198 3663
3199 3262
3199 4694
3200 3479
3200 3517
3200 3551
3200 5415
3201 3369
3201 4161
3201 4169
3201 4241
3201 4385
3201 4409
3201 5209
3202 3249
3202 4803
3203 3372
3203 5567
3204 3984
3204 4255
3204 4300
3205 3613
3207 3262
3208 3252
3209 5025
3209 5209
3210 4694
3211 5567
3213 5144
3214 4803
3214 5078
3214 5674
3215 3258
3215 4642
3216 3355
3216 5628
3217 3329
3217 5321
3217 5593
3217 5737
3217 6353
3219 4205
3220 3525
3220 5021
3220 6116
3223 3269
3223 3277
3223 3352
3223 3359
3223 3643
3225 4802
3225 4913
3225 5041
3225 5737
3226 4642
3227 3415
3228 3613
3228 3620
3228 3666
3228 3676
3228 5194
3228 6136
3228 6157
3229 5589
3229 5597
3231 3327
3231 3359
3231 3360
3231 3629
3231 3653
3231 3739
3231 4591
3231 4599
3232 3320
3233 3673
3233 3697
3233 4913
3233 5017
3233 5025
3233 5641
3233 5673
3233 5737
3233 6265
3234 4650
3236 5029
3237 5570
3237 5589
3237 5597
3238 3286
3238 3294
3239 3463
3239 4599
3240 3296
3240 4488
3240 5491
3240 5579
3240 5603
3240 5611
3240 6084
3241 3313
3241 5033
3241 5641
3241 5737
3241 5753
3242 4586
3242 4594
3242 4602
3243 3530
3243 4197
3243 4523
3243 5571
3243 5668
3245 6141
3246 3294
3247 3360
3247 3591
3248 3296
3248 4480
3248 6088
3249 4657
3249 5641
3249 5737
3249 5753
3250 3362
3250 4586
3252 4467
3252 4475
3255 3431
3255 3479
3255 3543
3255 4815
3255 5567
3255 5586
3256 3924
3256 4406
3257 4713
3257 5033
3257 5041
3257 5321
3257 5737
3258 4586
3258 4690
3258 4816
3259 4107
3259 6291
3260 4402
3261 3427
3261 3900
3261 3901
3261 4309
3261 4504
3261 4552
3261 5567
3263 4239
3263 4623
3264 4291
3264 4430
3265 5025
3265 5033
3265 5249
3266 3498
3267 3340
3267 3376
3268 4460
3268 4876
3268 4884
3268 6312
3269 3501
3269 3666
3269 4426
3269 5669
3271 4471
3272 4024
3272 4032
3272 4404
3272 4456
3272 5600
3273 3385
3273 3825
3273 4713
3273 4729
3273 5033
3273 5825
3276 3924
3276 3933
3276 4460
3276 4996
3276 5391
3276 5460
3276 5479
3277 3373
3277 3509
3277 3780
3277 3925
3280 4291
3280 4360
3281 3809
3281 4609
3281 4729
3282 3378
3282 3783
3282 4602
3282 5090
3283 4263
3283 6051
3283 6088
3283 6327
3284 3920
3284 4324
3284 4460
3284 4916
3284 4964
3284 6027
3285 3381
3285 4021
3288 4379
3288 4404
3288 4412
3289 3353
3289 3513
3290 4017
3291 4100
3291 4250
3291 4255
3291 4292
3291 4555
3291 5975
3292 4324
3292 4367
3292 4972
3292 4996
3293 3525
3293 3983
3293 4251
3294 4260
3295 3365
3295 3373
3296 4255
3297 4497
3297 4529
3298 4017
3298 4666
3299 3372
3300 4255
3300 4284
3301 4259
3301 5429
3301 6013
3302 4248
3302 4256
3302 4260
3303 3365
3303 4313
3304 4255
3304 4258
3304 4271
3304 4288
3304 4311
3305 6041
3306 3353
3306 4260
3306 4365
3306 4409
3307 3364
3307 4262
3307 4264
3307 5266
3307 6360
3308 4255
3308 4263
3308 4288
3309 4238
3309 4247
3309 4259
3309 5389
3309 5429
3309 5501
3310 4248
3310 4256
3310 4260
3311 4245
3311 4253
3311 4257
3311 4422
3312 4247
3312 4250
3312 4258
3313 4243
3313 4251
3314 4063
3314 4191
3314 4244
3314 4252
3314 4434
3314 4674
3315 3364
3315 4114
3315 4249
3315 4286
3315 4338
3316 4242
3316 4250
3316 4255
3316 4263
3317 4247
3317 4255
3317 4259
3318 4235
3318 4240
3318 4243
3318 4248
3318 4256
3318 4260
3319 4186
3319 4205
3319 4244
3319 4245
3319 4253
3320 3423
3320 4246
3320 4258
3320 4471
3321 4243
3321 4537
3322 3373
3322 4244
3323 4063
3323 4185
3323 4190
3323 4233
3323 4473
3324 4242
3324 4250
3324 4308
3324 4535
3324 4623
3324 6355
3325 3997
3325 4239
3325 5975
3326 4232
3326 4235
3326 4240
3326 4248
3326 4269
3327 5567
3327 5618
3328 4238
3328 5563
3329 4227
3329 4537
3329 4729
3329 5057
3329 5209
3329 6353
3330 3586
3330 4224
3330 4228
3330 5605
3330 5618
3331 3511
3331 3523
3332 4226
3332 4234
3332 5380
3332 6364
3333 4223
3333 4231
3334 4219
3334 4224
3334 4227
3334 4232
3334 4240
3334 4248
3335 4029
3335 4221
3335 4228
3336 4214
3336 4222
3336 4230
3337 4178
3337 4219
3337 4227
3337 4235
3337 4537
3337 5209
3338 4220
3338 4224
3338 4228
3339 4213
3339 4220
3339 4221
3339 4821
3340 4218
3340 4222
3340 4223
3340 4226
3340 4231
3341 3637
3341 3767
3341 3778
3341 4215
3341 4218
3341 4223
3341 5617
3341 5625
3341 6164
3342 4183
3342 4208
3342 4216
3342 4224
3342 4232
3343 4196
3343 4205
3343 4213
3343 4220
3343 4221
3344 4214
3344 4222
3344 4802
3345 4211
3345 4219
3345 4227
3345 4337
3345 4345
3345 4841
3346 4187
3346 4200
3346 4208
3346 4220
3346 4224
3347 3419
3347 4197
3347 4212
3347 4213
3347 4828
3347 6360
3348 3782
3348 4190
3348 4202
3348 4210
3348 4812
3348 6285
3349 4194
3349 4207
3350 4183
3350 4208
3350 4216
3350 4224
3350 4510
3351 3479
3351 3551
3351 4205
3351 4213
3351 5045
3351 5655
3352 4198
3352 4206
3352 4214
3352 4501
3353 3689
3353 4017
3353 4073
3353 4113
3353 4121
3353 4145
3353 4178
3353 4191
3353 4203
3353 4219
3353 4529
3353 4537
3353 4721
3353 5129
3353 5201
3353 6049
3354 4179
3354 4192
3354 4200
3354 4208
3354 4224
3355 3995
3355 4188
3355 4189
3355 4193
3355 4197
3355 4201
3355 4205
3356 4190
3356 4194
3356 4202
3356 4210
3357 4150
3357 4186
3357 4191
3357 4194
3358 3406
3358 4167
3358 4183
3358 4187
3358 4195
3358 4208
3358 4216
3358 4224
3359 4184
3359 4188
3359 4196
3359 4197
3360 3755
3360 3760
3360 3768
3360 4135
3360 4143
3360 4173
3360 4181
3360 4185
3360 4193
3360 4198
3360 6133
3361 4073
3361 4129
3361 4145
3361 4321
3361 4537
3361 4633
3362 4187
3362 4192
3362 4224
3362 5096
3363 4176
3363 4180
3363 4189
3363 4197
3364 4092
3364 4185
3364 4190
3364 5237
3365 4085
3365 4194
3365 4207
3366 3982
3366 4195
3366 4208
3366 4224
3367 3431
3367 5096
3367 5120
3368 3975
3368 4181
3368 4193
3368 4319
3368 4325
3368 4560
3369 4219
3369 4225
3369 4337
3369 4385
3369 4953
3369 5017
3369 5105
3369 5201
3369 5801
3370 4522
3370 4546
3371 4189
3371 4197
3371 4242
3371 4300
3371 4547
3372 3491
3372 3932
3372 4092
3372 4276
3372 5567
3372 6296
3373 3952
3373 4194
3373 4199
3373 4215
3373 4229
3373 4354
3374 3966
3374 3974
3374 4224
3374 4550
3374 4558
3375 3455
3376 4172
3376 4189
3376 4193
3376 4197
3377 4217
3377 4529
3377 4537
3378 4053
3379 4007
3379 4106
3379 4572
3379 4795
3380 4092
3380 4173
3380 4177
3381 3978
3381 4102
3381 4194
3381 4199
3381 4207
3381 4366
3381 4374
3382 3958
3382 3966
3382 4550
3382 6329
3383 3447
3383 3455
3384 3968
3384 4173
3384 4185
3384 4800
3385 4561
3385 4569
3385 4577
3386 3455
3386 5341
3387 3460
3387 3461
3387 5452
3387 5460
3388 4572
3388 4812
3389 4401
3389 4409
3389 4573
3389 4813
3390 3446
3390 3958
3390 4224
3391 4920
3391 4935
3392 5084
3392 5131
3392 5136
3392 5156
3393 3457
3393 4569
3393 4577
3393 4585
3393 5058
3394 3754
3394 4482
3394 4607
3394 5354
3395 3460
3395 4291
3395 4379
3395 4928
3395 4939
3395 4947
3396 3951
3396 3955
3396 4580
3396 4581
3396 4808
3396 4812
3396 5059
3396 5123
3396 5136
3397 3951
3397 4581
3397 4813
3397 5128
3397 5136
3398 3446
3398 4822
3398 4830
3399 3461
3399 4488
3399 4920
3399 4997
3400 5131
3400 5139
3400 5148
3400 5156
3401 4577
3401 4585
3401 4593
3401 4601
3401 4817
3402 3538
3402 4607
3402 4938
3402 5338
3403 4964
3404 4580
3404 4581
3404 4589
3404 5149
3405 3943
3405 4589
3405 4597
3406 3654
3406 4822
3406 5473
3406 6330
3407 3455
3407 4607
3408 5160
3408 5164
3409 3457
3409 4497
3409 4505
3409 4585
3409 4593
3410 3474
3410 3530
3410 3538
3410 3546
3411 3484
3411 3612
3412 5173
3413 3927
3413 4589
3413 4597
3413 5165
3413 5173
3414 3462
3414 3630
3414 5358
3415 3551
3415 3607
3415 4463
3415 4599
3415 4975
3415 4983
3415 6047
3416 6016
3417 3465
3417 4465
3417 4593
3417 6289
3418 3554
3418 3561
3418 3610
3418 4974
3418 4978
3419 3900
3420 5164
3420 5173
3421 3927
3421 4493
3421 4597
3421 5165
3422 3614
3422 3630
3423 3479
3423 3607
3423 4471
3423 4512
3424 5900
3425 3481
3425 4473
3425 4593
3426 3489
3426 3554
3426 3610
3426 3618
3426 4974
3427 3476
3427 3900
3429 4589
3429 4597
3429 5181
3430 3558
3430 3566
3430 3614
3430 3622
3431 3511
3431 3551
3431 3583
3431 4479
3432 5251
3433 3489
3433 3569
3433 4593
3434 3481
3434 3490
3434 6350
3435 3572
3435 5251
3436 4604
3437 4589
3437 4597
3437 4605
3437 5181
3437 5189
3438 3558
3438 5311
3439 3503
3439 3519
3439 3549
3439 6045
3440 3552
3440 5896
3442 3490
3443 3547
3443 3572
3444 4604
3446 3502
3446 3542
3447 3519
3447 3575
3447 3583
3447 3591
3447 3599
3448 3544
3448 4488
3449 3537
3449 5001
3450 3601
3450 3634
3450 3781
3452 5516
3453 3509
3453 4045
3453 4341
3453 4725
3454 3502
3454 3542
3454 3654
3455 3503
3455 3506
3455 3511
3455 3519
3455 3527
3455 3575
3455 3583
3455 3591
3455 3599
3455 3623
3455 3668
3455 5015
3456 3624
3456 4184
3456 4197
3456 5296
3456 6162
3457 3505
3457 3521
3457 3529
3457 3537
3457 3585
3457 4945
3457 5001
3457 5009
3458 3586
3459 3515
3459 3523
3459 3524
3459 3548
3459 3652
3459 3907
3460 4324
3460 4884
3460 4939
3460 5474
3460 6084
3461 3509
3461 3597
3461 3605
3461 4997
3461 5005
3462 3510
3462 3518
3462 3526
3462 3534
3462 3542
3462 3598
3462 3669
3462 6346
3463 3511
3463 3583
3463 3591
3463 3599
3463 3668
3463 3879
3463 3887
3463 4181
3463 4637
3464 3544
3464 4500
3464 5296
3465 3529
3465 3537
3465 5001
3466 3530
3466 3538
3467 3540
3467 3548
3467 3549
3467 3595
3467 4827
3468 4250
3469 3525
3469 3605
3470 3518
3470 3526
3470 3534
3470 3542
3470 3590
3471 3517
3471 3525
3471 3583
3471 3591
3471 4919
3471 4989
3472 3528
3472 3832
3472 4741
3473 3529
3473 3537
3473 3545
3473 3676
3474 3538
3474 3546
3474 3554
3475 3523
3475 3528
3475 3532
3475 3611
3475 3899
3475 4531
3476 4467
3476 4475
3477 3525
3478 3526
3478 3534
3478 3542
3478 3550
3479 3525
3479 3543
3479 3551
3479 3607
3479 3615
3479 3895
3479 4583
3479 4647
3479 4653
3479 4989
3479 5023
3479 5031
3479 5034
3479 5039
3479 5061
3479 5213
3479 5555
3480 3528
3480 3632
3481 3529
3481 3537
3481 3657
3482 3546
3482 3551
3482 3554
3482 3834
3482 3842
3483 3907
3486 3550
3486 3558
3486 4974
3486 5038
3487 3551
3488 3816
3488 3912
3489 3561
3490 3562
3490 3842
3490 5018
3491 3588
3491 3928
3491 3932
3491 3936
3493 3548
3493 5045
3494 3542
3494 3558
3494 4950
3494 5046
3494 5190
3495 3583
3496 3624
3496 3928
3496 3936
3496 3944
3497 3569
3497 3577
3498 3570
3498 4594
3498 4623
3498 4626
3499 3915
3499 3923
3499 3931
3500 3548
3500 4819
3501 3637
3501 5053
3501 5061
3501 5183
3501 5269
3502 4727
3503 3583
3503 4626
3503 4631
3504 3627
3504 3928
3504 3936
3505 3577
3505 3585
3505 4825
3505 5025
3506 3578
3506 3594
3506 3850
3506 4626
3507 3923
3509 3557
3509 3581
3509 3589
3509 3597
3509 3800
3509 4776
3509 5045
3509 5053
3509 5159
3509 5163
3509 6166
3510 5248
3511 3583
3511 4888
3512 5200
3513 3577
3513 3585
3513 3593
3513 3601
3514 3570
3514 3578
3514 3842
3515 3923
3515 3955
3515 4819
3517 3581
3517 3589
3517 3597
3517 3672
3517 4141
3517 4916
3517 5045
3517 5053
3517 5061
3517 5069
3517 5159
3517 5328
3519 3583
3519 3613
3519 3884
3519 5023
3519 6139
3520 3624
3520 3632
3520 3662
3520 3912
3520 3944
3520 4536
3520 4750
3520 4803
3520 4807
3520 4811
3521 3585
3521 4673
3522 3578
3523 3579
3523 3587
3523 3603
3523 3739
3523 3875
3523 4819
3524 5060
3525 3573
3525 3581
3525 3589
3525 3597
3525 3605
3525 3613
3525 3660
3525 3672
3525 3941
3525 5013
3525 5036
3525 5037
3525 5086
3525 5261
3525 5276
3525 5331
3525 5717
3525 6332
3526 3598
3527 3583
3527 5255
3528 3952
3529 3609
3529 4825
3530 3578
3530 3586
3530 3594
3530 3602
3530 3676
3530 5222
3530 5234
3531 3612
3531 4832
3532 3883
3532 3899
3532 3907
3533 3597
3533 3605
3533 3613
3534 3590
3535 3583
3537 3609
3537 3921
3537 4657
3538 3586
3538 3594
3538 3602
3538 3676
3538 5218
3538 5234
3538 5242
3538 5514
3540 3883
3541 3589
3541 3597
3541 3605
3541 3672
3542 3590
3542 3598
3542 3606
3543 3599
3543 3607
3543 3869
3543 4973
3543 5031
3543 5552
3544 3624
3544 3915
3544 5264
3545 3601
3546 3594
3546 3614
3546 4962
3547 3596
3547 3612
3547 3620
3547 4131
3547 6216
3548 3612
3548 3883
3548 4563
3548 5028
3548 5211
3549 3597
3549 3605
3549 3613
3549 3887
3549 4645
3550 3598
3550 3614
3551 3607
3551 3615
3551 3628
3551 3839
3551 3847
3551 3852
3551 3869
3551 3877
3551 4647
3551 4655
3551 4951
3551 4959
3551 4970
3551 4973
3551 4981
3551 5223
3551 5531
3551 5563
3552 5264
3553 3609
3554 3610
3554 3614
3554 3615
3554 4658
3554 4962
3554 4970
3554 5034
3554 5042
3555 3604
3555 3612
3555 3620
3555 3811
3555 3848
3556 3604
3556 3628
3556 3652
3556 5211
3557 3613
3557 3615
3557 3672
3558 3614
3558 3622
3559 3607
3559 3869
3559 4907
3561 3617
3561 3625
3561 5193
3562 4658
3563 3612
3563 3620
3563 3819
3563 4131
3566 3614
3568 3856
3569 3617
3569 3633
3571 3620
3571 3848
3571 3856
3571 3860
3573 3629
3573 4677
3574 5238
3576 3856
3576 3864
3576 4976
3577 5241
3580 3795
3581 3629
3581 4981
3581 4989
3581 5061
3581 5069
3582 4966
3583 3749
3583 4719
3583 6199
3584 3856
3584 5222
3585 3633
3585 3641
3585 3649
3585 3865
3585 3929
3585 4658
3585 4666
3585 4681
3585 4689
3585 4697
3585 4705
3585 4737
3585 4953
3585 5241
3585 5529
3585 5657
3585 6017
3586 4946
3587 3848
3587 4948
3589 3749
3589 4701
3591 6324
3592 3832
3592 3840
3592 3848
3592 6139
3593 3641
3593 3649
3593 3657
3593 3865
3593 4225
3593 4697
3593 4705
3593 4953
3593 4969
3593 5257
3593 5289
3593 5297
3593 5305
3593 5521
3595 4820
3597 3672
3597 4701
3599 5021
3600 3832
3600 3840
3600 4936
3601 3649
3601 3657
3601 3865
3601 4729
3601 4969
3601 5257
3601 6333
3603 3648
3603 3652
3603 3784
3603 4847
3603 4851
3604 3827
3605 3672
3606 4958
3607 3860
3607 4647
3607 4967
3607 5031
3607 5039
3607 5061
3607 5547
3607 5647
3607 5650
3608 3652
3609 3657
3609 4305
3610 3701
3610 4966
3611 3656
3612 3819
3612 3827
3612 3848
3612 4716
3612 5512
3613 3672
3613 3800
3613 3840
3613 4853
3613 4973
3613 5170
3613 6144
3613 6148
3614 4966
3615 4023
3617 4729
3617 6033
3618 3701
3618 4914
3619 5307
3619 5598
3621 4981
3622 3685
3622 4966
3624 3816
3624 5341
3625 4537
3625 4729
3625 4745
3625 4977
3625 6025
3626 3669
3626 3677
3626 6342
3627 3816
3628 3948
3629 3680
3629 5375
3629 5531
3630 3677
3630 3685
3630 3693
3632 3816
3633 3681
3633 3817
3633 3857
3633 3865
3633 4249
3633 4337
3633 4737
3633 4745
3633 4753
3633 4809
3633 4953
3633 4969
3633 5249
3633 5289
3633 5297
3633 5585
3633 6385
3634 3677
3634 4990
3634 6334
3634 6338
3635 4228
3636 3784
3637 4461
3637 6061
3637 6069
3639 6140
3640 6406
3641 3841
3641 3849
3641 3857
3641 4409
3641 4425
3641 5281
3641 5289
3642 3754
3642 4934
3644 3784
3644 3963
3644 5260
3645 3780
3645 6300
3645 6324
3645 6332
3648 3792
3648 3967
3648 3975
3649 5001
3649 6333
3651 4605
3651 5567
3652 3707
3652 3784
3652 3907
3652 4611
3653 4448
3653 5206
3653 6332
3656 3735
3656 3771
3656 3792
3656 3949
3656 3967
3656 4839
3657 4041
3659 4450
3659 4565
3660 3794
3660 4533
3661 3784
3661 4421
3661 4425
3661 6342
3662 5322
3662 5323
3662 5328
3662 6430
3663 4192
3663 4426
3663 4907
3663 5307
3663 5567
3664 3787
3664 4213
3664 4784
3664 5567
3665 4073
3665 4329
3665 5041
3665 5201
3665 5569
3665 5625
3665 6386
3665 6387
3666 4422
3666 4426
3667 3787
3667 3788
3667 5396
3667 6119
3667 6120
3668 4421
3668 4428
3668 5323
3668 6061
3668 6077
3668 6332
3669 4894
3671 3719
3671 3741
3673 4897
3673 4905
3673 5345
3675 3784
3675 3967
3675 4847
3676 4084
3676 4847
3676 5396
3677 3813
3677 5340
3680 3787
3680 4442
3680 5206
3680 5359
3681 3977
3681 5025
3681 5033
3681 5609
3681 5633
3683 3728
3683 3736
3683 4553
3684 3770
3684 4084
3684 4092
3684 4450
3684 4916
3684 4924
3684 5428
3684 6136
3685 4990
3685 5014
3686 5334
3688 3736
3688 3744
3689 4009
3689 4577
3689 5449
3691 3740
3691 3744
3692 4049
3692 4092
3692 5291
3692 5442
3693 4990
3693 5349
3695 3903
3695 4466
3696 3744
3696 3752
3697 4729
3697 5449
3700 4077
3700 6085
3701 3757
3701 3829
3701 4063
3701 4653
3701 4711
3701 5925
3701 6082
3705 4729
3708 3784
3708 3828
3709 5277
3709 5501
3711 3903
3712 5262
3716 3764
3716 3772
3716 3784
3716 3828
3716 3956
3716 4719
3717 3845
3717 6085
3723 3795
3723 3800
3724 3852
3731 3795
3731 4007
3737 4697
3738 4077
3739 4847
3740 4458
3742 4077
3743 4018
3743 6010
3745 4497
3746 4002
3746 4018
3746 4518
3747 3828
3747 3852
3747 4149
3747 4653
3747 5310
3749 4685
3750 4092
3750 6313
3751 3903
3751 4055
3751 4498
3751 5543
3751 5917
3753 4041
3753 4049
3753 5209
3754 3882
3755 3908
3755 4200
3755 4682
3755 4899
3756 3819
3756 3844
3756 3852
3757 3824
3758 6233
3759 4055
3760 4327
3761 4009
3761 4497
3761 4729
3762 4025
3762 4873
3763 3975
3763 4092
3763 4450
3763 5277
3763 6013
3763 6052
3764 3811
3764 3819
3764 3824
3764 3828
3764 3836
3764 3844
3764 3860
3764 3884
3764 3956
3764 3964
3764 4516
3767 4401
3768 3816
3769 3820
3769 4041
3769 4057
3769 4113
3770 4865
3770 4889
3771 3967
3771 4748
3771 6131
3772 3836
3772 3844
3772 3860
3772 3883
3772 3956
3772 3964
3772 3972
3772 4450
3772 5244
3773 5962
3773 6069
3774 4751
3775 3826
3775 3834
3776 3887
3777 5417
3777 5465
3779 3823
3779 3826
3779 3853
3779 3877
3779 3975
3779 4671
3780 3836
3780 3907
3780 3964
3780 3972
3780 4676
3780 5170
3780 5239
3780 5255
3782 6254
3782 6285
3783 4690
3783 4714
3784 3963
3784 4020
3784 4421
3784 4428
3784 4839
3784 5267
3784 5275
3784 6136
3784 6320
3785 4073
3785 4953
3785 5321
3785 5329
3785 5337
3785 5465
3785 5689
3786 4650
3786 4690
3786 4718
3786 4726
3786 4816
3786 6386
3787 4259
3787 4749
3787 4784
3787 5804
3788 5077
3788 5471
3789 4727
3791 3975
3791 4557
3791 4741
3792 3836
3792 3844
3792 3887
3792 3948
3792 3956
3792 4251
3792 4757
3792 4780
3792 4784
3792 4899
3792 4948
3792 5239
3792 6128
3792 6131
3793 5297
3793 5585
3793 5625
3793 6129
3794 4442
3795 3912
3797 4085
3797 4093
3798 4678
3798 4694
3798 4702
3799 3975
3801 5297
3801 5585
3801 5601
3801 5641
3804 5202
3805 4925
3805 5274
3806 4686
3806 4694
3806 4710
3806 4726
3807 4455
3809 4729
3809 4745
3809 5609
3809 5825
3811 4744
3811 4880
3813 4101
3813 4159
3813 5334
3813 6330
3816 3944
3821 4159
3821 5781
3821 6156
3823 3893
3823 4709
3824 4800
3825 4729
3825 4745
3825 5689
3829 3877
3829 4695
3830 3873
3831 3933
3831 4701
3831 4997
3832 3896
3832 4883
3832 4940
3833 3921
3833 4698
3833 4705
3833 6385
3835 3916
3835 6084
3837 3909
3837 4687
3837 4695
3837 6069
3839 4647
3839 4693
3839 5183
3840 5302
3841 4697
3841 4737
3841 4745
3843 3892
3843 3908
3843 4221
3843 4803
3844 4739
3844 4948
3845 4653
3845 6085
3847 5231
3849 4721
3849 4729
3849 4737
3849 4745
3849 4963
3850 4677
3850 4681
3851 5716
3853 3917
3853 4671
3855 5229
3855 5255
3856 4980
3857 4681
3857 4745
3858 4623
3858 4631
3859 5708
3860 4972
3861 4663
3861 4671
3862 4686
3863 4661
3863 6316
3864 5732
3864 6196
3868 3940
3868 4972
3868 5388
3868 5396
3868 5420
3869 5223
3871 4114
3871 4503
3871 4653
3874 3994
3874 4607
3874 4986
3875 3971
3875 4556
3877 4981
3879 3975
3879 4599
3879 4637
3880 4501
3881 3929
3882 3978
3882 4570
3883 3952
3883 5211
3883 5389
3884 4125
3884 4463
3884 6029
3885 4157
3887 3975
3887 3983
3887 4637
3888 4479
3890 4506
3890 4626
3890 4637
3891 4400
3891 5438
3891 5956
3892 3964
3892 4500
3892 4847
3893 5452
3894 4541
3895 3983
3895 4629
3895 4637
3896 4355
3897 4705
3898 3994
3898 4628
3899 3948
3899 5437
3900 4308
3900 4500
3900 4516
3902 4710
3903 3986
3903 4621
3903 5205
3903 5431
3904 3952
3904 4077
3904 4745
3905 4497
3906 3994
3906 4605
3907 4319
3907 5260
3908 4036
3908 4463
3908 4471
3908 4508
3908 4516
3909 4157
3909 4466
3911 4613
3911 4621
3912 4118
3912 4941
3912 5349
3913 4745
3913 5121
3914 4605
3914 4612
3914 4613
3914 5018
3914 5026
3916 4157
3916 4463
3916 4899
3917 3983
3917 4181
3918 4606
3919 4605
3919 4613
3920 4456
3920 4528
3920 4997
3920 5029
3922 4596
3922 4604
3922 4605
3922 4612
3922 4613
3922 5026
3924 5452
3925 3975
3926 4598
3926 4606
3927 4597
3927 4605
3928 4472
3928 4528
3928 4979
3928 5560
3929 4721
3929 4729
3929 4785
3929 5121
3930 4601
3930 5026
3931 4604
3932 5186
3932 5383
3932 5396
3933 5765
3934 4593
3934 4598
3934 4606
3934 4806
3935 4589
3935 4597
3935 4605
3937 4721
3937 4729
3937 4801
3937 5121
3938 4593
3939 4588
3939 4596
3940 5383
3940 5396
3940 6279
3941 5021
3942 4550
3942 4574
3942 4582
3942 4590
3943 4580
3943 4581
3943 4588
3943 4589
3943 4597
3943 5157
3944 4193
3945 4025
3945 4729
3945 5121
3946 4577
3946 4581
3946 4589
3946 4597
3946 4605
3947 4580
3947 4588
3947 4604
3947 5175
3948 4213
3948 4549
3948 5276
3949 4583
3949 5549
3950 4550
3950 4574
3950 4577
3950 4582
3951 4572
3951 4573
3951 4580
3951 4581
3951 4588
3951 4589
3951 5071
3952 5165
3953 4721
3953 4729
3954 4554
3954 4569
3954 4577
3955 4572
3955 4580
3956 4319
3957 4562
3957 4575
3958 4550
3958 4558
3958 4566
3959 4002
3959 4565
3959 4572
3959 4573
3959 4581
3960 4137
3960 4568
3960 5084
3961 4561
3961 4569
3961 4785
3961 5105
3961 5113
3962 4314
3962 4561
3962 4565
3963 4319
3963 4564
3963 4572
3964 4052
3965 4029
3965 5533
3965 6069
3966 4566
3967 4039
3967 4254
3967 4271
3967 4380
3967 4479
3967 4482
3967 4487
3967 4501
3967 4525
3967 4557
3967 4559
3967 4564
3967 4565
3967 4573
3967 5275
3967 6373
3968 4193
3968 4545
3968 4553
3968 4560
3968 4568
3969 4561
3969 4601
3969 4609
3969 4729
3969 4801
3970 4557
3971 4356
3971 4412
3971 4420
3971 4553
3971 4557
3972 4564
3973 4045
3974 4550
3974 4558
3974 4566
3975 4085
3975 4220
3975 4306
3975 4311
3975 4370
3975 4450
3975 4463
3975 4554
3975 4557
3975 4565
3975 4575
3975 4645
3975 4744
3975 4757
3975 4839
3975 4845
3975 5759
3975 6052
3976 4311
3976 5855
3976 5893
3977 4041
3977 4569
3977 4585
3977 4785
3977 4793
3977 4809
3978 4306
3978 4354
3978 5154
3979 4379
3979 4412
3980 4551
3980 4555
3981 4546
3981 4551
3981 4555
3981 4573
3981 4813
3982 4526
3982 4534
3982 4542
3982 4550
3982 4558
3983 4031
3983 4045
3983 4130
3983 4181
3983 4319
3983 4431
3983 4484
3983 4485
3983 4503
3983 4549
3983 4556
3983 4564
3983 4565
3983 4637
3983 5519
3984 4296
3984 5855
3985 4041
3985 4049
3985 4550
3986 4042
3986 4055
3986 4063
3986 4066
3986 4434
3986 4442
3986 4498
3986 4578
3986 4610
3986 4618
3987 4141
3987 4349
3987 4358
3988 4543
3988 4547
3989 4543
3989 4546
3990 4038
3990 4046
3990 4526
3990 4542
3990 4550
3991 4114
3991 4541
3992 4242
3992 4250
3993 4041
3993 4049
3993 4057
3993 4538
3994 4063
3994 4066
3994 4114
3994 4149
3994 4170
3994 4442
3994 4509
3994 4610
3994 4653
3994 4706
3994 5310
3994 5543
3994 5546
3994 6085
3996 4538
3997 4535
3997 4543
3998 4077
3998 4446
3998 4510
3998 4518
3998 4526
3998 4534
3999 4533
4001 4049
4001 4065
4002 4450
4002 4474
4002 4482
4002 4490
4004 4463
4004 4498
4004 4530
4005 4498
4005 4522
4005 4527
4005 4530
4005 4535
4006 4054
4006 4077
4006 4454
4006 4478
4006 4494
4006 4510
4006 4518
4006 4526
4006 4534
4006 5006
4007 4052
4007 4053
4007 4060
4007 4061
4007 4525
4007 5874
4008 4402
4009 4497
4009 4526
4009 4537
4009 4577
4009 4593
4009 4601
4009 4625
4009 4641
4010 4061
4010 4070
4010 4084
4010 4450
4010 4482
4010 4522
4010 4524
4010 4530
4011 4099
4011 4412
4012 4527
4012 5362
4013 4522
4013 4527
4013 4546
4014 4062
4014 4077
4014 4093
4014 4518
4014 4534
4015 4061
4015 4517
4016 4876
4016 4935
4016 4944
4016 4947
4017 4097
4017 4321
4017 4465
4017 4529
4017 4601
4017 4641
4017 4657
4017 5129
4018 4124
4018 4610
4019 4387
4021 4092
4021 4511
4021 4514
4022 4077
4023 4112
4023 4437
4023 4463
4023 4509
4023 4517
4023 5826
4024 4379
4024 4939
4025 4070
4025 4105
4025 4129
4025 4465
4025 4497
4025 4505
4025 4529
4025 4545
4025 4553
4025 4577
4025 4641
4025 6073
4025 6081
4026 4069
4027 4437
4027 5403
4028 4500
4028 4514
4029 4080
4029 4116
4029 4471
4029 4506
4029 4514
4030 4077
4030 4470
4031 4509
4031 4711
4034 4482
4035 6084
4037 4498
4037 4506
4037 4629
4037 4653
4038 4454
4038 4462
4038 4494
4040 4291
4040 4947
4041 4097
4041 4105
4041 4489
4041 4497
4041 4569
4041 4641
4041 4777
4041 5161
4041 6393
4041 6401
4042 4485
4042 4493
4043 4291
4043 4352
4045 4485
4045 4490
4045 4514
4045 6045
4046 4101
4046 4454
4046 4462
4046 4486
4046 4494
4046 4496
4047 4097
4047 6045
4047 6332
4048 5263
4049 4097
4049 4113
4049 4481
4049 4489
4049 4497
4049 4521
4049 5385
4049 6417
4051 4105
4051 4109
4051 4481
4051 4635
4053 4474
4053 4482
4053 4485
4053 4490
4055 4167
4055 4170
4055 5543
4056 5012
4056 5263
4057 4473
4057 4489
4057 4497
4057 4529
4057 5161
4059 4114
4059 4181
4059 4198
4059 4311
4059 4474
4060 4644
4060 5284
4061 4485
4061 4506
4061 4533
4062 4459
4063 4118
4063 4150
4063 4203
4063 4240
4063 4244
4063 4914
4063 5543
4063 5551
4066 4118
4066 4121
4066 4190
4066 6085
4067 4473
4070 4145
4071 4113
4072 4466
4072 4474
4073 4297
4073 4473
4073 4537
4073 4905
4073 5737
4074 4118
4074 4121
4075 4189
4075 5080
4076 4509
4076 5436
4076 6092
4077 5206
4078 4121
4078 4142
4078 4182
4078 4194
4078 4469
4078 5302
4079 4258
4080 5263
4080 6012
4080 6128
4081 4129
4081 4137
4081 4145
4081 4473
4081 5209
4081 6025
4083 4624
4083 5012
4083 5259
4083 5280
4084 4744
4084 5389
4084 5906
4085 4227
4085 4326
4085 5262
4085 5286
4086 4142
4086 4158
4086 4334
4086 4358
4086 6117
4087 4141
4087 4343
4087 4474
4087 4490
4088 5013
4088 5263
4088 5267
4088 5280
4088 5285
4088 5288
4088 6012
4089 4137
4089 6017
4090 4338
4091 4275
4091 4280
4091 4288
4092 4213
4092 4442
4092 4776
4092 4796
4092 4845
4092 4924
4092 5356
4093 4354
4093 6338
4094 4142
4094 4150
4094 4158
4094 4286
4094 4318
4094 4334
4094 4342
4094 4350
4095 4341
4095 4357
4095 4458
4096 4280
4097 4161
4097 4321
4097 4337
4097 4416
4097 5233
4099 4356
4099 4487
4099 4868
4102 4150
4102 4158
4102 4286
4102 4294
4102 4310
4102 4342
4102 4350
4102 6109
4103 4333
4103 4406
4104 4280
4104 4283
4104 4288
4104 4292
4104 4296
4105 4161
4105 4169
4105 4233
4105 6041
4106 4154
4106 4181
4106 4349
4106 4370
4107 4371
4107 4405
4107 4487
4108 4255
4108 4272
4108 4296
4109 4181
4110 4158
4110 4286
4110 4358
4111 4341
4111 4466
4112 4181
4112 4411
4112 4462
4112 6275
4113 4161
4113 4169
4113 4177
4113 4185
4113 4345
4113 4465
4113 4473
4113 4537
4113 4610
4113 4737
4113 4745
4113 5097
4113 5137
4113 6057
4113 6081
4113 6089
4113 6097
4113 6105
4114 4170
4114 4442
4114 4466
4114 5042
4115 4232
4115 4534
4116 4250
4117 4181
4117 4445
4119 4193
4120 4399
4121 4441
4121 4473
4121 4537
4122 4450
4124 4316
4125 4181
4126 4211
4126 4270
4126 4286
4127 4181
4127 4193
4128 4328
4129 4217
4129 4345
4129 4465
4129 4473
4129 4505
4129 4537
4129 6041
4129 6073
4129 6081
4131 6328
4132 4181
4132 4356
4132 6287
4133 4181
4133 4193
4133 4198
4134 4318
4134 4342
4134 4382
4136 4181
4137 4313
4137 4457
4137 4465
4137 4505
4137 5001
4137 5233
4137 6081
4137 6109
4138 6304
4140 4181
4140 4189
4140 4443
4140 4452
4140 6287
4141 4193
4141 4198
4141 4293
4141 4450
4142 4334
4143 4466
4144 4312
4145 4441
4145 4537
4145 4625
4145 6049
4146 4191
4148 4189
4148 4348
4148 4452
4149 4193
4149 4198
4150 4244
4151 4193
4152 4197
4152 4205
4152 4213
4153 4473
4153 4977
4153 6025
4156 4371
4156 4379
4156 4435
4156 4480
4156 4988
4156 6126
4156 6142
4157 4277
4157 4333
4157 4477
4157 4997
4158 4286
4158 4294
4161 4465
4162 4354
4162 4370
4162 4378
4163 5539
4164 4348
4164 4356
4164 4379
4164 4412
4164 4435
4164 4484
4164 4488
4165 4431
4165 4469
4166 5894
4166 6014
4166 6054
4167 4216
4167 5154
4168 6291
4169 4457
4169 5273
4170 4370
4172 4348
4173 4254
4173 6077
4175 4224
4176 4221
4176 5197
4177 4241
4178 4235
4179 5630
4180 6323
4181 4238
4181 4311
4181 4319
4181 4549
4181 4973
4181 6128
4181 6332
4182 4245
4183 4235
4183 4240
4184 4229
4184 5563
4184 6283
4185 4233
4185 4433
4187 4232
4187 6125
4188 6051
4189 6336
4189 6347
4190 4262
4190 4914
4191 4235
4193 4241
4193 4246
4193 4433
4196 5563
4197 6331
4198 4243
4198 6124
4205 5045
4206 4493
4206 4501
4209 4433
4209 5225
4209 5817
4211 4268
4212 5650
4213 4916
4213 5831
4213 6275
4215 5515
4215 6233
4217 4393
4217 4409
4217 4537
4217 5225
4219 4401
4220 4821
4222 6332
4223 4463
4224 4526
4225 4353
4225 4465
4225 5305
4225 5705
4226 4290
4226 4482
4227 4337
4227 4389
4228 6355
4230 4274
4230 4282
4230 4311
4230 4394
4232 4358
4233 4465
4233 4513
4233 4521
4234 4463
4234 6255
4236 5638
4238 4303
4239 4309
4241 4345
4241 4385
4241 4409
4242 4308
4242 4539
4242 4619
4242 5975
4242 6051
4242 6096
4244 4473
4246 4450
4249 4297
4249 4409
4249 5209
4249 5289
4250 4319
4250 4483
4250 5975
4252 4337
4252 6246
4254 4319
4254 4343
4254 4346
4255 4300
4255 4301
4255 5251
4257 4377
4257 5289
4261 4366
4262 4313
4263 4424
4265 4409
4266 4314
4266 4319
4266 4322
4266 4346
4266 4367
4270 4334
4271 4319
4271 4322
4271 4351
4271 4367
4273 4409
4273 5209
4274 4346
4274 4354
4276 4532
4277 4324
4277 4333
4278 4326
4278 4366
4278 4406
4279 4341
4281 4393
4282 4346
4282 4354
4283 4340
4285 4333
4285 4824
4285 4984
4286 4358
4286 4390
4287 4340
4287 4349
4287 4354
4287 4359
4289 4353
4289 4393
4290 4338
4290 4349
4290 4354
4290 4362
4291 4344
4291 4352
4291 4360
4291 4379
4291 4404
4291 4420
4292 4379
4293 4941
4294 4401
4295 4348
4295 4404
4295 4431
4295 4493
4295 4904
4295 5004
4295 6295
4297 4345
4297 5209
4298 4346
4299 4344
4299 4379
4299 4404
4301 5967
4301 5975
4301 5983
4302 4382
4302 4390
4303 4351
4305 5209
4306 4370
4308 4415
4308 4424
4309 4517
4310 4358
4311 4367
4313 5217
4314 4362
4315 4451
4316 4556
4318 4366
4319 4367
4321 4385
4321 4409
4323 4451
4323 4459
4323 4723
4324 4396
4324 4412
4324 4460
4324 4464
4324 4868
4324 5020
4324 6044
4324 6320
4324 6344
4326 4390
4326 4409
4328 4379
4328 4404
4328 4456
4332 4404
4332 4412
4333 4430
4333 4438
4333 6076
4333 6316
4336 4408
4337 4385
4337 4393
4337 5209
4337 5233
4337 5865
4338 4930
4339 4411
4340 4412
4340 4493
4341 4397
4342 4390
4342 4401
4345 4409
4346 4413
4346 4454
4346 6275
4347 4396
4347 4492
4348 4396
4348 4493
4348 6044
4349 4397
4351 4397
4352 4412
4352 4480
4353 4401
4353 4409
4354 4402
4354 4409
4354 6272
4354 6275
4355 4403
4355 4419
4355 4496
4356 4412
4356 4420
4356 4476
4356 4480
4356 4484
4356 4493
4356 4557
4356 4888
4356 6287
4356 6328
4356 6360
4358 4401
4358 4409
4358 4414
4358 4444
4360 4404
4360 4488
4360 4491
4360 4496
4361 4409
4361 4417
4361 4825
4361 5129
4362 4405
4362 4409
4362 4418
4363 4411
4363 4491
4364 4412
4364 4492
4364 4563
4364 5300
4364 5301
4364 6099
4365 4409
4365 4413
4365 4418
4365 4430
4365 5300
4366 4789
4367 4420
4367 5477
4368 4496
4368 4500
4369 4417
4371 4487
4371 4528
4371 6312
4372 4500
4372 4508
4373 4430
4373 4438
4373 4448
4373 4968
4374 4445
4374 4805
4374 6317
4375 4420
4375 5469
4377 4422
4379 4464
4379 4480
4379 4488
4379 4528
4379 4824
4379 4939
4379 6295
4379 6312
4383 4939
4387 4436
4387 4437
4393 4889
4395 5952
4395 6363
4397 4461
4400 5791
4402 4452
4402 4840
4403 4451
4403 4844
4404 4464
4404 4468
4404 4488
4404 6303
4405 4464
4405 4469
4405 5507
4406 4796
4408 4832
4409 4674
4409 4969
4409 6215
4411 4459
4411 6291
4412 4468
4412 6303
4413 4488
4413 6298
4415 5959
4415 6280
4415 6283
4416 5956
4418 4484
4420 6303
4420 6328
4422 4907
4423 4864
4423 5444
4425 4745
4425 5001
4425 5289
4425 5641
4425 5745
4425 5801
4426 5226
4426 5802
4426 6119
4426 6120
4427 5254
4427 5327
4427 5328
4427 5340
4428 5080
4428 5324
4428 5570
4429 4844
4430 4968
4431 4476
4433 4489
4433 4497
4434 6139
4438 6128
4439 4511
4439 4519
4439 4540
4439 4541
4441 4977
4441 6025
4442 4506
4442 5194
4445 4509
4445 4981
4447 5277
4448 6139
4449 4529
4449 5609
4450 4522
4450 4554
4450 4562
4450 4570
4450 4946
4450 5207
4453 4500
4456 4528
4456 5403
4456 5448
4457 4641
4457 5001
4457 6089
4458 4533
4458 4970
4458 6164
4460 5004
4461 6107
4462 4510
4463 4508
4463 4695
4463 4899
4463 4970
4463 6108
4464 4528
4465 6041
4466 4527
4466 4660
4466 4970
4466 6029
4467 4971
4467 4979
4467 5251
4468 4997
4468 5004
4469 4541
4471 4517
4471 4615
4472 4520
4472 4880
4473 4537
4473 5209
4473 5737
4474 4522
4474 6282
4475 5251
4475 5292
4476 6158
4477 4541
4479 4525
4481 4529
4481 4537
4481 4545
4481 6417
4482 6282
4484 6158
4486 4553
4487 4532
4487 6290
4489 4537
4489 4545
4489 4553
4489 6393
4489 6401
4489 6409
4490 6334
4492 4556
4492 4564
4492 4732
4492 5236
4493 4556
4493 4564
4494 4538
4497 4545
4497 4553
4497 4561
4497 5001
4497 6393
4497 6401
4497 6409
4498 4970
4499 4556
4500 6291
4501 4556
4505 4553
4506 4570
4507 4556
4508 6092
4516 4652
4517 6100
4522 4570
4537 4625
4537 4649
4537 4921
4548 6052
4549 4901
4549 4965
4553 5112
4554 4605
4556 6320
4557 5005
4557 5013
4557 5871
4557 6335
4557 6364
4557 6368
4557 6442
4559 5354
4559 6069
4562 4826
4562 5202
4562 5362
4562 6287
4563 5359
4563 5367
4563 5780
4565 4869
4565 6442
4567 4629
4567 4637
4568 4616
4568 4632
4569 4793
4571 5335
4571 5367
4573 4813
4576 4632
4576 5443
4577 4809
4577 5153
4579 4636
4579 5668
4581 5128
4581 5136
4581 5149
4583 5037
4584 5443
4585 5153
4585 5161
4586 4714
4587 5668
4589 5039
4589 5055
4589 5063
4589 5157
4591 5037
4591 5045
4593 4817
4594 5563
4594 5567
4595 5016
4595 5024
4595 5032
4595 5192
4597 5157
4597 5165
4599 5037
4599 5631
4599 5639
4599 5642
4600 5064
4600 5427
4601 4785
4601 4801
4602 4666
4602 4690
4602 4714
4602 5541
4603 5028
4605 5173
4605 5181
4606 4782
4607 5893
4607 5967
4607 5983
4608 5040
4609 4673
4609 4993
4609 5025
4609 5041
4609 5057
4609 5185
4609 5737
4609 5817
4609 5825
4611 4971
4611 5251
4614 4694
4614 4710
4614 4718
4614 4998
4615 4671
4615 4679
4615 5893
4616 5016
4616 5032
4617 4697
4617 4745
4617 5033
4617 5041
4617 5105
4617 5641
4618 4682
4619 5659
4619 5893
4622 4694
4622 4702
4622 4710
4622 4718
4623 4671
4625 4721
4625 4729
4625 4753
4625 4985
4627 5967
4627 5983
4628 5268
4630 4702
4631 4695
4631 4709
4632 5008
4632 5259
4633 4705
4635 5999
4637 4709
4637 5277
4637 6061
4638 4702
4638 4710
4638 4718
4639 4693
4639 4717
4639 5500
4640 5595
4640 6072
4641 5113
4641 5161
4642 4686
4642 4690
4642 4694
4643 4692
4643 4716
4644 5259
4645 4709
4645 5221
4645 5277
4645 6069
4646 4694
4646 4710
4646 4718
4647 4693
4647 5555
4649 4721
4650 4694
4650 4697
4650 4718
4650 4726
4651 4716
4652 5547
4652 6092
4653 4717
4654 4697
4654 4705
4655 5563
4657 4721
4657 4729
4657 5121
4659 4716
4660 5547
4660 5560
4661 5277
4665 4721
4665 4729
4665 4745
4666 4714
4671 4733
4673 4737
4673 4745
4674 4954
4676 5277
4677 4733
4678 4734
4679 4733
4681 4737
4681 4745
4681 5241
4682 4729
4682 4734
4686 4734
4687 4733
4689 4737
4691 4740
4693 5482
4694 4742
4694 4750
4697 4745
4697 4753
4698 4746
4698 4765
4698 4766
4702 4758
4702 4761
4702 4765
4703 4757
4706 4765
4706 5546
4707 5354
4707 5362
4710 4761
4712 5859
4712 5876
4713 4761
4713 4765
4719 5271
4719 5354
4719 5389
4721 4777
4721 4785
4722 5286
4728 5851
4729 4777
4729 5177
4729 5281
4729 5289
4732 4787
4735 4788
4735 4950
4735 6268
4736 4853
4737 4793
4737 4961
4737 5313
4738 5226
4739 4793
4739 4841
4740 4787
4742 5086
4744 5418
4745 5289
4745 5313
4747 5437
4749 4965
4750 4797
4750 4811
4751 4798
4753 5297
4759 4816
4759 5430
4761 5201
4765 5146
4765 5340
4765 5870
4773 5079
4773 5646
4777 4833
4779 5202
4780 4941
4780 5278
4780 5286
4780 5318
4780 5325
4780 5348
4783 5482
4786 5078
4786 5567
4787 5888
4788 5278
4788 5325
4788 5332
4788 5333
4788 5340
4789 5333
4792 5831
4794 4898
4794 5490
4797 4841
4797 5025
4797 5333
4799 5554
4799 5566
4800 5186
4800 5570
4800 5582
4800 5598
4800 5602
4800 5662
4801 5417
4802 4882
4802 4902
4802 5554
4803 4887
4803 5559
4804 4940
4804 5613
4805 5325
4805 5570
4807 5442
4807 5566
4807 5666
4808 5290
4810 4858
4810 4874
4810 4882
4811 5654
4811 5672
4811 6110
4812 5146
4812 5613
4813 5613
4815 5330
4815 5338
4815 5407
4815 5442
4815 5506
4815 5567
4816 6395
4818 5338
4818 5418
4818 5429
4818 5453
4818 6434
4819 5336
4819 5516
4820 5964
4822 5314
4822 5398
4822 5406
4822 5414
4822 5422
4822 5430
4822 5454
4823 5021
4823 5389
4823 5407
4823 5428
4826 5418
4826 5429
4826 5501
4827 6384
4828 6360
4830 5406
4830 5414
4830 5422
4830 5454
4831 5343
4833 5625
4833 5969
4834 4879
4834 4882
4838 5356
4839 4967
4839 5396
4841 5593
4843 6240
4843 6287
4843 6373
4843 6430
4844 5908
4846 5414
4847 5275
4847 5288
4847 5351
4847 5389
4849 5025
4849 5737
4850 5338
4853 5396
4854 5406
4856 4984
4856 6299
4857 6265
4859 5367
4861 5331
4863 4941
4863 6164
4864 4939
4864 4947
4867 6147
4869 6172
4870 4917
4870 4941
4870 5282
4870 5298
4870 5414
4872 4923
4872 5491
4872 5536
4874 4929
4874 5302
4876 4931
4876 4968
4876 5536
4877 5213
4877 6316
4878 5298
4879 4933
4879 5294
4879 5296
4880 4964
4881 5389
4881 5409
4882 4929
4883 4948
4884 4932
4884 4944
4884 4968
4884 5479
4885 4932
4885 6031
4886 5054
4886 5298
4888 4965
4888 5354
4889 5025
4889 5209
4890 5333
4893 4968
4893 6031
4894 5298
4896 5354
4896 5882
4897 5025
4897 5290
4897 5337
4897 5345
4898 5291
4898 5566
4900 4952
4900 4956
4900 4960
4900 4968
4900 5012
4900 5391
4900 5466
4901 5351
4901 5471
4901 6099
4902 5566
4902 5598
4904 4952
4905 5025
4905 5321
4905 5577
4905 5593
4906 5566
4906 5570
4906 5590
4906 5598
4907 5668
4907 5970
4908 5396
4908 5471
4908 6120
4908 6332
4909 5290
4909 5298
4909 6147
4910 4958
4910 5291
4911 4970
4911 5010
4911 5367
4912 4956
4912 4964
4912 5452
4912 5466
4912 5469
4913 4977
4913 5041
4914 4970
4914 4974
4914 6246
4915 4964
4915 4995
4916 5396
4916 5405
4919 4991
4919 5021
4919 5466
4919 6348
4920 5005
4920 5466
4920 5469
4921 4977
4921 5041
4922 5277
4923 5005
4924 5202
4924 5207
4924 5302
4925 5215
4925 5274
4925 5282
4925 5388
4927 4991
4927 4997
4927 4999
4927 5005
4927 5007
4928 5466
4929 4993
4929 5025
4929 5033
4929 5041
4929 5593
4930 5215
4930 5277
4930 6010
4930 6101
4931 4996
4931 5004
4932 5474
4932 6019
4933 5290
4934 5001
4935 4997
4935 4999
4935 5005
4935 5007
4935 5399
4935 5474
4937 5001
4937 5593
4938 4986
4938 6061
4939 4984
4939 4987
4939 5000
4939 5003
4939 5011
4939 5536
4940 5258
4940 5274
4941 5522
4941 6156
4942 4990
4942 4993
4942 4998
4942 5001
4942 5009
4943 4988
4943 4997
4943 5007
4943 5015
4943 5532
4945 5001
4945 5009
4945 5017
4945 5025
4945 5337
4945 6009
4946 4994
4946 5010
4946 5018
4946 5026
4946 5234
4948 5258
4948 6028
4949 5202
4949 5250
4949 5255
4949 5258
4950 5009
4950 5605
4951 5223
4951 5231
4951 5253
4953 5009
4953 5025
4954 5018
4954 5026
4954 5253
4954 5586
4955 5395
4955 5520
4956 5020
4956 5250
4957 5247
4958 5033
4958 5238
4959 5223
4959 5245
4960 5391
4961 5009
4961 5025
4961 5033
4961 5281
4962 5226
4962 5359
4963 5240
4963 5241
4963 5244
4965 5239
4965 5242
4966 5238
4966 6140
4967 5237
4967 5244
4968 5507
4969 5033
4969 5238
4970 5034
4971 5228
4971 5251
4971 5648
4972 5234
4972 5239
4973 5231
4974 5038
4975 5247
4975 5975
4976 5254
4976 5520
4977 5033
4977 5041
4977 5049
4977 5641
4977 6025
4979 5251
4979 5595
4980 6304
4981 5045
4981 5231
4983 5229
4983 5255
4983 5663
4984 5908
4984 5964
4985 5033
4985 5041
4985 5049
4987 5667
4988 5532
4989 5045
4989 5061
4991 5671
4992 5264
4993 6009
4993 6081
4994 5618
4994 5619
4995 5667
4995 5671
4996 5479
4997 5069
4997 5199
4997 5207
4997 5215
4997 5466
4997 5584
4998 5345
5000 5272
5001 5217
5001 5225
5001 5264
5001 6017
5001 6065
5001 6073
5003 5068
5003 5391
5004 5466
5005 5202
5005 5207
5005 5271
5005 5452
5005 5466
5005 5584
5005 6044
5005 6348
5008 5280
5008 5688
5008 5691
5009 5217
5009 5225
5009 6009
5009 6017
5010 5197
5010 5204
5010 5205
5011 5395
5011 5448
5011 5536
5012 5259
5012 6344
5013 5199
5013 5263
5013 5285
5013 5700
5015 5197
5017 5209
5017 5241
5017 5633
5018 5189
5018 5196
5018 5197
5018 5204
5018 5205
5018 5213
5019 5403
5019 5448
5020 5195
5020 5460
5020 5479
5021 5167
5021 5183
5021 5186
5021 5191
5021 5194
5021 5229
5021 5245
5021 6037
5021 6084
5021 6332
5022 5166
5024 5411
5025 5073
5025 5182
5025 5185
5025 5186
5025 5209
5025 5241
5025 5291
5025 5321
5025 5529
5025 5530
5025 5537
5025 5801
5025 5817
5025 6129
5026 5197
5026 5204
5026 5205
5027 5443
5027 5448
5028 5170
5028 5187
5028 5191
5029 5167
5029 5183
5029 5191
5030 5182
5031 5647
5031 5730
5033 5633
5033 5689
5033 6153
5035 5093
5035 5403
5035 5448
5035 5456
5036 5167
5036 5260
5037 5183
5037 5191
5037 5223
5037 5231
5037 5245
5037 5717
5038 5174
5038 5182
5040 5176
5041 5174
5041 5182
5041 5193
5041 5249
5041 5291
5041 5321
5041 5857
5041 6025
5041 6121
5041 6141
5043 5085
5043 5093
5043 5464
5044 5171
5044 5618
5045 5178
5045 5186
5045 5618
5046 5174
5046 5182
5046 5551
5047 5213
5048 5419
5049 5185
5049 5201
5049 5209
5049 6249
5051 6429
5052 5677
5053 5159
5053 5269
5053 5669
5056 5419
5056 5427
5057 5209
5057 5617
5058 5124
5059 5173
5061 5138
5061 5159
5065 5129
5065 5209
5065 5217
5065 5225
5067 5115
5068 5532
5069 5126
5070 5133
5071 5115
5071 5120
5071 5149
5075 5123
5076 6320
5077 5143
5077 5324
5078 5142
5078 5570
5079 5140
5080 5144
5082 5142
5083 5140
5083 5141
5086 5134
5087 5133
5087 5158
5088 5136
5090 5142
5090 5146
5090 5283
5090 5531
5094 5143
5094 5146
5097 5737
5098 5143
5100 5145
5100 5149
5104 5145
5109 5158
5109 5166
5117 5166
5119 5181
5124 5165
5137 5209
5137 5225
5140 5185
5142 5570
5144 5188
5154 5693
5159 5261
5160 5720
5161 5209
5162 6276
5169 5705
5169 5737
5170 5396
5175 5239
5175 5247
5177 5737
5178 5247
5179 6270
5183 5237
5183 5247
5184 5569
5186 6148
5187 5243
5187 5659
5190 6276
5191 5247
5192 5312
5192 6276
5193 5569
5194 5242
5194 5247
5194 5279
5194 6111
5195 5251
5195 5659
5195 6024
5198 6276
5199 5285
5199 5999
5201 5249
5201 5569
5201 6385
5202 5250
5202 5258
5202 5266
5202 5277
5203 5624
5203 5716
5206 5262
5206 6333
5207 5277
5209 5865
5209 5873
5210 5258
5210 5266
5211 5275
5211 5420
5214 5262
5214 5270
5215 5261
5215 5269
5215 5277
5215 5693
5220 5663
5221 5285
5221 5293
5225 5273
5228 6092
5229 5292
5229 5293
5231 5299
5233 5305
5233 5801
5235 5504
5236 5300
5243 5967
5244 5300
5245 5301
5245 5634
5246 5297
5246 6106
5247 5301
5249 5297
5249 5305
5249 5313
5251 5632
5251 5967
5251 5975
5253 5300
5254 5297
5254 5302
5257 5305
5257 5313
5260 5396
5261 5309
5263 6003
5264 5516
5267 5691
5268 5316
5271 5354
5271 5471
5272 5688
5272 5691
5275 5967
5277 6013
5279 5362
5282 5333
5282 5340
5283 5421
5283 5442
5283 5621
5287 5334
5289 6385
5291 5360
5294 5634
5294 6148
5295 5345
5295 5630
5296 5351
5296 5359
5297 5801
5299 5344
5299 5351
5299 5598
5302 5596
5303 5353
5303 5462
5304 5347
5304 5359
5304 5367
5304 6159
5305 6385
5306 5462
5307 5389
5307 5418
5307 5450
5307 5453
5307 5477
5307 6373
5308 5359
5310 5388
5310 5482
5311 5353
5311 5414
5311 5462
5314 5357
5314 5462
5315 5394
5315 5402
5315 5410
5315 5426
5315 5442
5316 5368
5318 5437
5318 5493
5319 5398
5319 5414
5319 5422
5319 5446
5320 5399
5321 5625
5321 5697
5321 5737
5321 5801
5322 5390
5322 5398
5322 5414
5322 5446
5322 5465
5323 5405
5324 5388
5325 5388
5325 6246
5326 5398
5326 5414
5326 5462
5327 5405
5327 5428
5328 6120
5329 5417
5329 5425
5329 5449
5329 5465
5329 5473
5329 6369
5330 5394
5330 5402
5330 5453
5331 5396
5331 5420
5332 5380
5332 5388
5333 5445
5334 5390
5334 5398
5334 5422
5334 5425
5334 5446
5334 5454
5334 5470
5337 5382
5337 5385
5337 5393
5337 5401
5337 5417
5337 5449
5337 5465
5337 5473
5337 6345
5338 5402
5338 5418
5338 5426
5338 5429
5338 5450
5338 5453
5338 5501
5340 5538
5340 6132
5342 5406
5342 5414
5342 5430
5342 5438
5342 5454
5342 5478
5343 5391
5343 5428
5343 5447
5344 5388
5345 5417
5345 5425
5345 5465
5345 5473
5345 5481
5345 5505
5346 5394
5346 5402
5346 5410
5346 5415
5346 5418
5346 5458
5346 5461
5348 5404
5349 5461
5350 5414
5350 5462
5350 5486
5351 5396
5351 5407
5351 5412
5351 5463
5351 5471
5351 5479
5351 5511
5351 5631
5352 5488
5352 5496
5353 5401
5353 5417
5353 5441
5353 5465
5353 5473
5353 5481
5353 6329
5353 6337
5353 6345
5353 6361
5353 6369
5354 5407
5354 5418
5354 5426
5354 5466
5354 5501
5354 6282
5355 5416
5355 5515
5355 5520
5355 5523
5356 6144
5357 5421
5357 5425
5357 5450
5358 5422
5358 5430
5358 5454
5358 5470
5358 6410
5359 5407
5359 5420
5359 5447
5359 5463
5360 5408
5360 5416
5360 5424
5360 5475
5360 5488
5360 5496
5360 5512
5360 5523
5361 5425
5361 5449
5361 5473
5361 5497
5361 6321
5361 6337
5362 5410
5362 5415
5362 5418
5362 5426
5362 5450
5362 5463
5362 5471
5363 5499
5363 5504
5365 5413
5365 5421
5365 5428
5365 5429
5365 5442
5365 5477
5365 5501
5365 6318
5366 5422
5366 5446
5366 5454
5366 5462
5366 5465
5367 5423
5367 5471
5367 5479
5367 5555
5367 5639
5367 5647
5367 5650
5368 5416
5368 5488
5368 5496
5368 5504
5368 6167
5369 5417
5369 5457
5369 5465
5369 5481
5369 5505
5370 5426
5370 5437
5370 5442
5370 5482
5371 5416
5372 5420
5372 5428
5373 5434
5373 5442
5373 5450
5373 5501
5373 6322
5374 5433
5374 5438
5374 5481
5374 5486
5375 5423
5375 5431
5375 5482
5375 5487
5375 5551
5376 5523
5377 5425
5377 5449
5377 5465
5377 5497
5378 5434
5378 5458
5378 5461
5378 5474
5378 5479
5378 5487
5378 5490
5380 5428
5380 5436
5380 5437
5380 5508
5380 5660
5381 5426
5381 5437
5381 5445
5381 5493
5382 5438
5382 5473
5382 5494
5382 5502
5382 5554
5383 5428
5383 5442
5383 5500
5383 5661
5384 5467
5384 5496
5384 5504
5384 5520
5385 5449
5385 5537
5386 5429
5386 5466
5386 5474
5386 5479
5386 5503
5386 5658
5387 5467
5388 5436
5388 5437
5388 5500
5388 5520
5388 5557
5388 5637
5388 6079
5389 5453
5389 5461
5389 5484
5389 5485
5389 5500
5389 5501
5389 5508
5389 5509
5389 5525
5389 5533
5389 5586
5389 5650
5389 5661
5390 5446
5390 5462
5390 5470
5390 5534
5390 5589
5391 5452
5391 5460
5391 5466
5391 5474
5391 5479
5391 5487
5391 5503
5391 5511
5391 6352
5393 5449
5393 5457
5393 5465
5393 5473
5393 5537
5394 5442
5394 5450
5394 5458
5394 5506
5395 5448
5395 5480
5395 5483
5395 5536
5396 5439
5396 5447
5396 5455
5396 5460
5396 5463
5396 5479
5396 5516
5396 5541
5396 5548
5396 5557
5396 5620
5396 5661
5396 5669
5396 6075
5396 6152
5396 6157
5396 6166
5396 6170
5396 6397
5397 5452
5397 5476
5397 5533
5397 5541
5398 5446
5398 5454
5398 5470
5398 5478
5398 5542
5399 5447
5399 5452
5399 5460
5399 5479
5401 5449
5401 5473
5401 5537
5401 5553
5401 6257
5401 6265
5402 5450
5403 5448
5403 5456
5403 5536
5404 5452
5404 5508
5404 6164
5405 5717
5406 5454
5406 5462
5406 5518
5407 5471
5409 5465
5409 5473
5409 5481
5409 5553
5409 6313
5410 5458
5410 5538
5411 5472
5412 5508
5412 5511
5412 5516
5412 5517
5412 5524
5412 6164
5412 6173
5413 5506
5413 5517
5414 5462
5414 5470
5414 5478
5414 5486
5414 5526
5415 5463
5415 5471
5416 5464
5416 5523
5417 5465
5417 5473
5417 5481
5417 5489
5417 5505
5417 5513
5417 5521
5417 6281
5417 6289
5417 6305
5417 6321
5417 6337
5417 6369
5417 6377
5417 6409
5418 5466
5418 5471
5418 5474
5418 5482
5418 5501
5418 5509
5418 5538
5418 6013
5419 5464
5419 5472
5420 5476
5420 5508
5420 5516
5420 5524
5420 5637
5420 6165
5421 5469
5421 5477
5421 5506
5421 6136
5422 5478
5422 5486
5423 5471
5423 5479
5423 5482
5423 5487
5424 5467
5425 5473
5425 5489
5425 5494
5425 5497
5425 6289
5426 5482
5426 5490
5426 5493
5426 5501
5426 5509
5426 5543
5426 5546
5428 5476
5428 5484
5428 5492
5428 5500
5428 5508
5428 5540
5428 5548
5428 5549
5428 5733
5428 5749
5428 6292
5428 6300
5429 5477
5429 5485
5429 5493
5429 5501
5429 5509
5429 5516
5429 5541
5429 5549
5429 5557
5430 5478
5430 5494
5431 5479
5431 5482
5431 5487
5431 5490
5433 5481
5433 5489
5434 5490
5434 5498
5434 5501
5436 5492
5436 5500
5437 5493
5437 5501
5438 5481
5438 5489
5438 5494
5441 6337
5442 5498
5442 5501
5442 5506
5442 5514
5442 5891
5442 6283
5444 5492
5444 5507
5444 5532
5444 5556
5444 6308
5445 5492
5445 5493
5445 5500
5445 5501
5446 5494
5448 5499
5448 5507
5448 5515
5449 5497
5449 5505
5449 5513
5449 5521
5449 5537
5449 6345
5450 5501
5450 5514
5452 5532
5452 5540
5452 5564
5452 5576
5452 6320
5453 5501
5453 5509
5454 5502
5455 5500
5458 6290
5458 6356
5460 5540
5461 5525
5465 5521
5465 5529
5465 5537
5465 5545
5465 5553
5465 6313
5465 6321
5465 6329
5465 6361
5465 6369
5465 6377
5466 5576
5466 5584
5466 6290
5466 6295
5468 5516
5469 5525
5469 6295
5471 5514
5473 5537
5473 6313
5473 6321
5473 6329
5473 6361
5474 5564
5474 5576
5474 5584
5474 5592
5474 6023
5474 6031
5474 6316
5474 6344
5475 5520
5477 5533
5477 5540
5477 5541
5479 5532
5479 5535
5479 5560
5479 5568
5479 5576
5479 6023
5479 6130
5479 6172
5479 6175
5479 6183
5479 6186
5479 6196
5480 5536
5481 6305
5481 6321
5481 6329
5481 6361
5482 5546
5483 5536
5484 5533
5484 5548
5485 5533
5485 5541
5485 5549
5487 5556
5487 5564
5488 6192
5491 5536
5491 5556
5491 5564
5491 6192
5492 5568
5495 5756
5500 5568
5501 5549
5501 5557
5501 5572
5503 5658
5506 6063
5506 6164
5508 6075
5510 5565
5510 5662
5511 6134
5511 6316
5513 6305
5513 6353
5514 6157
5518 5565
5519 6157
5522 6156
5522 6157
5524 6077
5526 5581
5526 5589
5526 5597
5527 5610
5527 6156
5527 6157
5529 5580
5529 6118
5530 5610
5530 6149
5531 5602
5531 5610
5531 5662
5533 5620
5534 5581
5534 5589
5535 5646
5535 5701
5535 5717
5535 6087
5535 6148
5536 5579
5536 5595
5536 5608
5536 6016
5536 6142
5537 5581
5537 5589
5537 6297
5538 5917
5540 5726
5541 6110
5541 6150
5541 6165
5541 6282
5543 6082
5543 6085
5543 6301
5544 5591
5551 5610
5551 5917
5551 6082
5551 6301
5553 6257
5554 5597
5555 5647
5555 5668
5556 6134
5556 6308
5560 6308
5561 6257
5563 5607
5563 5626
5564 5608
5564 5658
5564 6023
5564 6142
5564 6298
5567 5610
5567 5618
5567 5626
5568 5668
5569 5625
5569 6273
5570 6388
5571 5725
5572 6122
5573 6265
5574 5622
5574 5630
5575 5618
5575 5620
5575 5773
5577 5705
5579 5748
5582 5654
5585 6177
5586 5634
5586 5650
5587 6080
5587 6344
5590 5638
5590 5726
5590 5758
5590 6032
5591 5663
5593 5697
5593 5737
5593 6289
5595 6080
5595 6088
5598 5654
5598 5662
5598 5670
5598 5758
5599 5667
5601 5729
5601 6177
5609 5697
5609 5745
5609 6073
5609 6353
5610 5749
5611 6084
5611 6088
5615 5668
5616 5748
5616 6136
5617 5697
5617 5737
5617 5745
5619 5676
5620 6156
5623 5676
5623 5716
5624 5712
5624 5716
5624 5744
5624 5768
5625 5681
5625 5689
5625 5697
5625 5705
5625 5713
5625 5721
5625 5737
5625 5753
5625 5793
5625 5798
5625 5849
5625 5865
5626 5690
5627 5672
5627 5752
5627 5792
5630 5686
5630 5734
5630 5846
5632 5716
5633 5681
5633 5737
5633 6140
5635 5744
5635 5752
5636 5708
5636 5716
5637 5733
5637 5749
5637 6087
5638 5694
5640 5720
5641 5689
5641 5697
5641 5737
5641 5753
5641 5809
5641 5865
5641 6140
5642 5693
5642 5733
5643 5744
5643 5776
5644 5733
5645 5733
5645 5741
5645 6197
5645 6205
5646 6301
5647 6061
5648 5692
5648 5720
5649 5697
5649 5713
5649 5721
5649 5737
5651 5760
5651 5768
5651 5776
5653 5709
5653 5725
5653 5733
5656 5752
5656 5760
5657 5705
5657 5721
5657 6017
5659 5720
5660 5756
5661 5725
5662 5710
5662 6152
5663 5716
5663 5748
5664 5752
5664 5760
5665 5713
5665 5721
5665 6113
5666 5714
5667 5712
5668 5725
5668 5756
5668 5772
5668 5780
5668 5788
5669 5716
5669 5717
5669 5725
5669 5733
5669 5773
5671 6084
5673 5737
5673 6113
5673 6169
5675 5995
5676 5724
5677 5724
5677 5725
5680 6000
5681 5737
5682 5725
5682 5727
5683 6008
5687 5844
5688 6003
5689 5737
5689 5777
5696 5995
5696 6003
5696 6008
5697 5825
5697 6145
5699 5744
5699 5760
5700 6012
5705 6113
5705 6121
5705 6145
5705 6185
5705 6201
5705 6233
5707 5752
5713 5769
5715 5760
5715 5844
5717 5773
5717 6125
5717 6172
5717 6300
5721 5769
5721 5777
5722 5949
5725 5781
5729 5777
5729 5785
5729 5793
5733 6087
5733 6300
5737 5785
5737 5793
5737 5865
5741 6296
5745 5793
5745 6225
5746 5894
5747 5813
5748 6312
5751 5909
5751 5925
5753 5814
5754 6061
5757 6134
5759 5933
5760 5805
5760 5813
5760 5885
5761 5822
5761 5830
5762 5815
5765 6015
5765 6023
5769 5830
5769 5833
5770 5940
5771 5820
5773 5829
5773 5890
5774 6276
5777 5833
5777 6121
5778 5900
5780 5821
5780 5829
5781 6284
5784 5844
5785 5830
5785 5833
5785 5841
5788 5837
5793 5849
5796 5837
5799 5864
5801 5865
5801 6121
5801 6385
5802 5869
5802 6118
5802 6120
5802 6122
5803 6427
5803 6440
5803 6472
5803 6480
5809 6121
5811 5884
5811 5885
5821 6061
5822 5882
5822 5890
5823 5888
5825 5961
5825 6017
5826 5887
5827 5884
5827 5892
5831 5956
5833 5905
5833 6090
5834 5907
5834 5920
5834 5956
5835 5884
5836 6270
5838 5894
5838 6463
5839 5884
5839 5888
5842 5892
5842 6059
5845 5889
5845 5894
5845 5902
5845 5905
5845 6090
5846 5895
5846 6053
5847 5892
5849 6025
5850 6032
5850 6064
5853 5902
5854 5911
5854 6015
5854 6320
5865 6121
5866 6019
5871 6040
5871 6430
5873 6353
5874 6091
5878 5986
5879 6004
5881 5961
5881 5969
5881 6025
5883 6027
5883 6040
5885 5997
5885 6350
5886 5942
5886 5970
5887 6004
5887 6083
5888 5936
5889 5945
5889 5993
5889 6001
5889 6017
5890 5938
5890 6010
5891 5952
5891 6035
5891 6048
5891 6056
5893 5967
5893 5975
5894 6006
5894 6014
5894 6054
5894 6090
5895 6056
5896 5952
5897 5945
5897 5985
5898 6010
5899 5944
5899 5947
5899 5952
5899 5960
5899 5968
5899 5976
5899 5984
5899 5992
5899 6003
5899 6004
5900 5980
5901 5956
5901 5965
5901 5973
5902 5974
5902 5982
5902 6006
5902 6014
5903 6091
5904 5952
5904 5992
5904 6000
5905 5977
5905 5985
5905 6001
5906 5970
5906 5986
5907 5952
5907 5960
5907 5992
5907 6000
5907 6032
5907 6048
5907 6056
5907 6075
5907 6315
5908 5956
5908 5964
5908 5980
5909 5973
5909 5981
5910 5966
5910 5974
5910 5990
5911 5970
5912 5976
5912 5984
5913 5961
5913 5977
5913 5985
5913 5993
5913 6001
5914 5970
5914 6085
5914 6093
5915 5960
5916 5980
5918 5974
5918 5990
5919 6007
5920 5976
5920 5984
5921 5977
5921 5985
5921 5993
5921 6001
5922 5994
5922 6069
5923 6315
5924 5980
5926 5974
5926 5982
5927 6012
5928 5992
5929 5977
5929 5985
5931 5976
5931 5995
5931 6016
5932 5980
5933 5981
5934 5982
5934 5985
5934 5990
5934 5998
5934 6006
5934 6078
5934 6094
5935 5983
5935 6039
5936 5984
5936 5992
5936 6000
5937 6009
5938 5986
5939 6315
5940 5996
5941 5989
5941 6005
5942 5990
5942 5998
5943 6039
5945 6001
5945 6009
5946 5991
5946 5994
5946 5999
5947 6043
5948 5996
5949 6005
5950 5998
5952 6000
5952 6008
5953 6009
5953 6017
5954 5999
5954 6002
5954 6010
5954 6015
5954 6018
5954 6042
5956 6004
5957 6005
5959 6047
5960 6004
5961 6009
5961 6017
5962 6007
5962 6013
5963 6008
5963 6016
5963 6043
5963 6072
5967 6020
5967 6047
5967 6059
5969 6017
5970 6015
5970 6397
5971 6016
5971 6024
5971 6072
5975 6020
5975 6047
5975 6327
5979 6072
5983 6055
5986 6042
5987 6051
5987 6067
5987 6072
5987 6323
5987 6344
5991 6055
5991 6084
6001 6057
6003 6072
6005 6061
6006 6070
6007 6068
6009 6057
6009 6065
6009 6073
6010 6058
6011 6056
6013 6069
6013 6164
6014 6070
6014 6078
6014 6082
6014 6086
6014 6090
6015 6060
6015 6063
6015 6316
6015 6320
6017 6081
6019 6067
6019 6142
6020 6076
6020 6084
6021 6069
6021 6085
6022 6086
6025 6140
6027 6080
6030 6078
6031 6084
6031 6091
6032 6075
6035 6080
6039 6131
6041 6089
6044 6123
6045 6116
6047 6092
6049 6105
6051 6096
6061 6116
6061 6140
6063 6156
6066 6116
6068 6131
6069 6120
6069 6324
6069 6332
6071 6156
6071 6164
6076 6316
6083 6180
6083 6188
6084 6128
6087 6205
6087 6301
6095 6149
6095 6153
6098 6149
6098 6153
6102 6149
6102 6157
6103 6174
6106 6149
6107 6164
6107 6172
6107 6188
6107 6189
6107 6279
6111 6157
6113 6161
6115 6172
6116 6267
6118 6257
6122 6279
6126 6266
6129 6177
6129 6193
6129 6249
6130 6178
6130 6181
6130 6186
6130 6189
6130 6196
6130 6212
6134 6246
6135 6188
6137 6193
6137 6249
6138 6196
6139 6211
6139 6299
6141 6357
6145 6193
6145 6225
6145 6249
6150 6198
6153 6201
6153 6257
6153 6265
6156 6288
6156 6292
6162 6299
6164 6307
6164 6340
6171 6430
6174 6222
6177 6249
6180 6307
6185 6241
6185 6249
6190 6246
6190 6357
6193 6241
6193 6249
6193 6257
6193 6265
6193 6297
6197 6253
6201 6249
6202 6284
6206 6254
6213 6317
6214 6277
6214 6349
6217 6273
6221 6285
6221 6293
6222 6269
6222 6309
6225 6273
6227 6307
6229 6285
6229 6293
6230 6277
6233 6281
6237 6285
6238 6309
6241 6289
6244 6300
6246 6294
6246 6301
6246 6357
6249 6297
6249 6305
6249 6353
6253 6301
6254 6349
6254 6357
6257 6305
6260 6301
6261 6309
6267 6331
6269 6317
6269 6325
6274 6332
6275 6336
6276 6332
6276 6340
6277 6341
6282 6332
6286 6334
6286 6342
6291 6380
6297 6353
6302 6345
6319 6376
6330 6442
6332 6381
6335 6434
6359 6438
6367 6421
6367 6430
6367 6446
6368 6430
6370 6416
6371 6438
6371 6470
6375 6429
6376 6430
6406 6463
6412 6454
6413 6470
6415 6460
6418 6467
6419 6492
6420 6473
6420 6497
6420 6505
6420 6513
6420 6521
6421 6470
6421 6494
6421 6510
6421 6518
6422 6471
6423 6488
6423 6496
6423 6504
6423 6512
6423 6520
6424 6477
6424 6501
6424 6509
6424 6517
6425 6470
6425 6478
6425 6510
6425 6518
6426 6471
6427 6472
6427 6480
6427 6524
6428 6469
6428 6477
6428 6485
6428 6493
6428 6501
6428 6509
6428 6517
6429 6473
6429 6481
6429 6497
6429 6505
6429 6513
6429 6521
6430 6474
6431 6475
6431 6483
6432 6476
6432 6492
6432 6500
6432 6516
6432 6524
6433 6481
6433 6489
6433 6497
6434 6490
6435 6483
6435 6491
6435 6507
6435 6515
6436 6484
6436 6492
6436 6500
6436 6508
6437 6485
6437 6493
6437 6501
6437 6509
6437 6517
6438 6486
6438 6494
6438 6502
6438 6510
6438 6518
6439 6487
6439 6495
6439 6503
6439 6511
6440 6488
6440 6496
6440 6504
6440 6512
6440 6520
6441 6489
6441 6497
6441 6505
6441 6513
6441 6521
6442 6490
6442 6498
6442 6506
6442 6514
6442 6522
6443 6491
6443 6499
6443 6507
6443 6515
6443 6523
6444 6492
6444 6500
6444 6508
6444 6516
6444 6524
6445 6493
6445 6501
6445 6509
6445 6517
6446 6494
6446 6502
6446 6510
6446 6518
6447 6495
6447 6503
6447 6511
6447 6519
6448 6496
6448 6504
6448 6512
6448 6520
6449 6497
6449 6505
6449 6513
6449 6521
6450 6498
6450 6506
6450 6514
6450 6522
6451 6499
6451 6507
6451 6515
6451 6523
6452 6500
6452 6508
6452 6516
6452 6524
6453 6501
6453 6509
6453 6517
6454 6502
6454 6510
6454 6518
6455 6503
6455 6511
6455 6519
6456 6504
6456 6512
6456 6520
6457 6505
6457 6513
6457 6521
6458 6506
6458 6514
6458 6522
6459 6507
6459 6515
6459 6523
6460 6508
6460 6516
6460 6524
6461 6509
6461 6517
6462 6510
6462 6518
6463 6511
6463 6519
6464 6512
6464 6520
6465 6513
6465 6521
6466 6514
6466 6522
6467 6515
6467 6523
6468 6516
6468 6524
6469 6517
6470 6518
6471 6519
6472 6520
6473 6521
6474 6522
6475 6523
6476 6524
